Workbook
Name _Ref171496331: Display!$AR$11

Sheet Raw
A1: Flows | B1: M | C1: EoL | D1: E | E1: R1 | F1: R2 | G1: C1 | H1: C2 | I1: F1 | J1: F2 | K1: F3 | L1: F4 | M1: SC1 | N1: SC2 | O1: SC3 | P1: P1 | Q1: P2 | R1: P3 | S1: P4 | T1: P5 | U1: P6 | V1: P7 | W1: P8 | X1: Use | Y1: Semi | Z1: Offset | AA1: W | AB1: Sink | AC1: Total outflow | AD1: Efficiency | AE1: Value | AF1: Scrap/Loss | AG1: R1_ratio | AH1: R2_ratio | AI1: Export_ratio
A2: M | B2: 0 | C2: 0 | D2: =upstream!E2 -> 385.41176 | E2: 0 | F2: 0 | G2: 0 | H2: 0 | I2: 0 | J2: 0 | K2: 0 | L2: 0 | M2: 0 | N2: 0 | O2: 0 | P2: 0 | Q2: 0 | R2: 0 | S2: 0 | T2: 0 | U2: 0 | V2: 0 | W2: 0 | X2: 0 | Y2: 0 | Z2: =upstream!E3 -> 302.82353 | AA2: =upstream!E4 -> 37.814706 | AB2: =SUM(X2:AA2) -> 340.63824 | AC2: =SUM(B2:AA2) -> 726.05 | AD2: =AE2/AC2 -> 0.94791722 | AE2: =SUM(B2:Z2) -> 688.23529
A3: EoL | B3: 0 | C3: 0 | D3: 0 | E3: =upstream!W7 -> 2220.931 | F3: =upstream!W8 -> 1638.0024 | G3: 0 | H3: 0 | I3: 0 | J3: 0 | K3: 0 | L3: 0 | M3: 0 | N3: 0 | O3: 0 | P3: 0 | Q3: 0 | R3: 0 | S3: 0 | T3: 0 | U3: 0 | V3: 0 | W3: 0 | X3: 0 | Y3: 0 | Z3: =upstream!M3 -> 1894.6816 | AA3: 0 | AB3: =SUM(X3:AA3) -> 1894.6816 | AC3: =SUM(B3:AA3) -> 5753.615 | AD3: =AE3/AC3 -> 1 | AE3: =SUM(B3:Z3) -> 5753.615
A4: E | B4: 0 | C4: 0 | D4: 0 | E4: =upstream!H8 -> 31.353004 | F4: =upstream!I8 -> 31.353004 | G4: =upstream!F8 -> 715.80655 | H4: =upstream!G8 -> 231.48744 | I4: 0 | J4: 0 | K4: 0 | L4: 0 | M4: 0 | N4: 0 | O4: 0 | P4: 0 | Q4: 0 | R4: 0 | S4: 0 | T4: 0 | U4: 0 | V4: 0 | W4: 0 | X4: 0 | Y4: 0 | Z4: 0 | AA4: =upstream!E9 -> 15.031176 | AB4: =SUM(X4:AA4) -> 15.031176 | AC4: =SUM(B4:AA4) -> 1025.0312 | AD4: =AE4/AC4 -> 0.98533588 | AE4: =SUM(B4:Z4) -> 1010
A5: R1 | B5: 0 | C5: 0 | D5: 0 | E5: 0 | F5: 0 | G5: =upstream!N17 -> 6472.1049 | H5: 0 | I5: 0 | J5: 0 | K5: 0 | L5: 0 | M5: 0 | N5: 0 | O5: 0 | P5: 0 | Q5: 0 | R5: 0 | S5: 0 | T5: 0 | U5: 0 | V5: 0 | W5: 0 | X5: 0 | Y5: 0 | Z5: 0 | AA5: =upstream!W20 -> 340.6371 | AB5: =SUM(X5:AA5) -> 340.6371 | AC5: =SUM(B5:AA5) -> 6812.742 | AD5: =AE5/AC5 -> 0.95 | AE5: =SUM(B5:Z5) -> 6472.1049
A6: R2 | B6: 0 | C6: 0 | D6: 0 | E6: 0 | F6: 0 | G6: 0 | H6: =upstream!N26 -> 1995.482 | I6: 0 | J6: 0 | K6: 0 | L6: 0 | M6: 0 | N6: 0 | O6: 0 | P6: 0 | Q6: 0 | R6: 0 | S6: 0 | T6: 0 | U6: 0 | V6: 0 | W6: 0 | X6: 0 | Y6: 0 | Z6: 0 | AA6: =upstream!W32 -> 105.02537 | AB6: =SUM(X6:AA6) -> 105.02537 | AC6: =SUM(B6:AA6) -> 2100.5074 | AD6: =AE6/AC6 -> 0.95 | AE6: =SUM(B6:Z6) -> 1995.482
A7: C1 | B7: 0 | C7: 0 | D7: 0 | E7: 0 | F7: 0 | G7: 0 | H7: 0 | I7: =upstream!E13 -> 4834.8536 | J7: =upstream!E14 -> 1916.96 | K7: =upstream!E15 -> 378.41423 | L7: =upstream!E16 -> 131.72096 | M7: 0 | N7: 0 | O7: 0 | P7: 0 | Q7: 0 | R7: 0 | S7: 0 | T7: 0 | U7: 0 | V7: 0 | W7: 0 | X7: 0 | Y7: 0 | Z7: =upstream!H17 -> 91.691272 | AA7: 0 | AB7: =SUM(X7:AA7) -> 91.691272 | AC7: =SUM(B7:AA7) -> 7353.64 | AD7: 1 | AE7: =SUM(B7:Z7) -> 7353.64
A8: C2 | B8: 0 | C8: 0 | D8: 0 | E8: 0 | F8: 0 | G8: 0 | H8: 0 | I8: 0 | J8: 0 | K8: 0 | L8: 0 | M8: =upstream!E23 -> 1083.8643 | N8: =upstream!E24 -> 743.34429 | O8: =upstream!E25 -> 340.04771 | P8: 0 | Q8: 0 | R8: 0 | S8: 0 | T8: 0 | U8: 0 | V8: 0 | W8: 0 | X8: 0 | Y8: 0 | Z8: =upstream!H26 -> 113.30873 | AA8: 0 | AB8: =SUM(X8:AA8) -> 113.30873 | AC8: =SUM(B8:AA8) -> 2280.5651 | AD8: 1 | AE8: =SUM(M8:Z8) -> 2280.5651
A9: F1 | B9: 0 | C9: 0 | D9: 0 | E9: =AF9*AG9 -> 1496.4611 | F9: =AF9*AH9 -> 166.27346 | G9: 0 | H9: 0 | I9: 0 | J9: 0 | K9: 0 | L9: 0 | M9: 0 | N9: 0 | O9: 0 | P9: =P32*0.453592*P$41*P$43 -> 434.83429 | Q9: =Q32*0.453592*Q$41*Q$43 -> 629.22666 | R9: =R32*0.453592*R$41*R$43 -> 412.68833 | S9: =S32*0.453592*S$41*S$43 -> 266.80617 | T9: =T32*0.453592*T$41*T$43 -> 117.7603 | U9: =U32*0.453592*U$41*U$43 -> 200.36827 | V9: =V32*0.453592*V$41*V$43 -> 1745.6646 | W9: =W32*0.453592*W$41*W$43 -> 22.849013 | X9: 0 | Y9: =Y32*$Y$41*$Y$43*0.453592 -> 195.13086 | Z9: 0 | AA9: 0 | AB9: =SUM(X9:AA9) -> 195.13086 | AC9: =AE9/AD9 -> 5688.0631 | AD9: 0.70768 | AE9: =SUM(P9:Y9) -> 4025.3285 | AF9: =AC9-AE9 -> 1662.7346 | AG9: =$AG$25*$AG$27 -> 0.9 | AH9: =1-AG9-AI9 -> 0.1 | AI9: =1-$AG$27 -> 0 | AJ9: =SUM(AG9:AI9) -> 1
A10: F2 | B10: 0 | C10: 0 | D10: 0 | E10: =AF10*AG10 -> 563.83784 | F10: =AF10*AH10 -> 62.648649 | G10: 0 | H10: 0 | I10: 0 | J10: 0 | K10: 0 | L10: 0 | M10: 0 | N10: 0 | O10: 0 | P10: =P33*0.453592*P$41*P$43 -> 662.26985 | Q10: =Q33*0.453592*Q$41*Q$43 -> 178.57382 | R10: =R33*0.453592*R$41*R$43 -> 297.38869 | S10: =S33*0.453592*S$41*S$43 -> 165.56746 | T10: =T33*0.453592*T$41*T$43 -> 165.21594 | U10: =U33*0.453592*U$41*U$43 -> 164.86442 | V10: =V33*0.453592*V$41*V$43 -> 0 | W10: =W33*0.453592*W$41*W$43 -> 27.770339 | X10: 0 | Y10: =Y33*$Y$41*$Y$43*0.453592 -> 108.06298 | Z10: 0 | AA10: 0 | AB10: =SUM(X10:AA10) -> 108.06298 | AC10: =AE10/AD10 -> 2396.2 | AD10: 0.73855 | AE10: =SUM(P10:Y10) -> 1769.7135 | AF10: =AC10-AE10 -> 626.48649 | AG10: =$AG$25*$AG$27 -> 0.9 | AH10: =1-AG10-AI10 -> 0.1 | AI10: =1-$AG$27 -> 0 | AJ10: =SUM(AG10:AI10) -> 1
A11: F3 | B11: 0 | C11: 0 | D11: 0 | E11: =AF11*AG11 -> 111.30345 | F11: =AF11*AH11 -> 12.36705 | G11: 0 | H11: 0 | I11: 0 | J11: 0 | K11: 0 | L11: 0 | M11: 0 | N11: 0 | O11: 0 | P11: =P34*0.453592*P$41*P$43 -> 9.8426517 | Q11: =Q34*0.453592*Q$41*Q$43 -> 1.4060931 | R11: =R34*0.453592*R$41*R$43 -> 4.9213259 | S11: =S34*0.453592*S$41*S$43 -> 1.7576164 | T11: =T34*0.453592*T$41*T$43 -> 318.83161 | U11: =U34*0.453592*U$41*U$43 -> 4.9213259 | V11: =V34*0.453592*V$41*V$43 -> 0.35152328 | W11: =W34*0.453592*W$41*W$43 -> 1.7576164 | X11: 0 | Y11: =Y34*$Y$41*$Y$43*0.453592 -> 5.5575244 | Z11: 0 | AA11: 0 | AB11: =SUM(X11:AA11) -> 5.5575244 | AC11: =AE11/AD11 -> 473.01779 | AD11: =AD10 -> 0.73855 | AE11: =SUM(P11:Y11) -> 349.34729 | AF11: =AC11-AE11 -> 123.6705 | AG11: =$AG$25*$AG$27 -> 0.9 | AH11: =1-AG11-AI11 -> 0.1 | AI11: =1-$AG$27 -> 0 | AJ11: =SUM(AG11:AI11) -> 1
A12: F4 | B12: 0 | C12: 0 | D12: 0 | E12: =AF12*AG12 -> 29.637215 | F12: =AF12*AH12 -> 3.2930239 | G12: 0 | H12: 0 | I12: 0 | J12: 0 | K12: 0 | L12: 0 | M12: 0 | N12: 0 | O12: 0 | P12: =P35*0.453592*P$41*P$43 -> 0 | Q12: =Q35*0.453592*Q$41*Q$43 -> 25.661199 | R12: =R35*0.453592*R$41*R$43 -> 49.564782 | S12: =S35*0.453592*S$41*S$43 -> 6.327419 | T12: =T35*0.453592*T$41*T$43 -> 0.35152328 | U12: =U35*0.453592*U$41*U$43 -> 3.5152328 | V12: =V35*0.453592*V$41*V$43 -> 0 | W12: =W35*0.453592*W$41*W$43 -> 37.964514 | X12: 0 | Y12: =Y35*$Y$41*$Y$43*0.453592 -> 8.3362866 | Z12: 0 | AA12: 0 | AB12: =SUM(X12:AA12) -> 8.3362866 | AC12: =AE12/AD12 -> 164.6512 | AD12: 0.8 | AE12: =SUM(P12:Y12) -> 131.72096 | AF12: =AC12-AE12 -> 32.930239 | AG12: =$AG$25*$AG$27 -> 0.9 | AH12: =1-AG12-AI12 -> 0.1 | AI12: =1-$AG$27 -> 0 | AJ12: =SUM(AG12:AI12) -> 1
A13: SC1 | B13: 0 | C13: 0 | D13: 0 | E13: 0 | F13: 0 | G13: 0 | H13: 0 | I13: 0 | J13: 0 | K13: 0 | L13: 0 | M13: 0 | N13: 0 | O13: 0 | P13: =P36*0.453592*P$41*P$43 -> 12.654838 | Q13: =Q36*0.453592*Q$41*Q$43 -> 388.29261 | R13: =R36*0.453592*R$41*R$43 -> 86.900254 | S13: =S36*0.453592*S$41*S$43 -> 72.765318 | T13: =T36*0.453592*T$41*T$43 -> 46.190158 | U13: =U36*0.453592*U$41*U$43 -> 126.12655 | V13: =V36*0.453592*V$41*V$43 -> 0 | W13: =W36*0.453592*W$41*W$43 -> 90.693005 | X13: 0 | Y13: =Y36*$Y$41*$Y$43*0.453592 -> 268.05459 | Z13: 0 | AA13: =0.2*(1-AD13)/AD13*AE13 -> 49.232507 | AB13: =SUM(X13:AA13) -> 317.28709 | AC13: =SUM(B13:AA13) -> 1140.9098 | AD13: =0.816 -> 0.816 | AE13: =SUM(P13:Y13) -> 1091.6773 | AF13: =AC13-AE13 -> 49.232507 | AG13: 0 | AH13: 0 | AI13: =1-$AG$27 -> 0 | AJ13: =SUM(AG13:AI13) -> 0
A14: SC2 | B14: 0 | C14: 0 | D14: 0 | E14: 0 | F14: 0 | G14: 0 | H14: 0 | I14: 0 | J14: 0 | K14: 0 | L14: 0 | M14: 0 | N14: 0 | O14: 0 | P14: =P37*0.453592*P$41*P$43 -> 0 | Q14: =Q37*0.453592*Q$41*Q$43 -> 357.47574 | R14: =R37*0.453592*R$41*R$43 -> 39.500115 | S14: =S37*0.453592*S$41*S$43 -> 36.382659 | T14: =T37*0.453592*T$41*T$43 -> 23.095079 | U14: =U37*0.453592*U$41*U$43 -> 63.063276 | V14: =V37*0.453592*V$41*V$43 -> 0 | W14: =W37*0.453592*W$41*W$43 -> 45.346503 | X14: 0 | Y14: =Y37*$Y$41*$Y$43*0.453592 -> 183.83929 | Z14: 0 | AA14: =0.2*(1-AD14)/AD14*AE14 -> 33.765022 | AB14: =SUM(X14:AA14) -> 217.60431 | AC14: =SUM(B14:AA14) -> 782.46768 | AD14: =AD13 -> 0.816 | AE14: =SUM(P14:Y14) -> 748.70265 | AF14: =AC14-AE14 -> 33.765022 | AG14: 0 | AH14: 0 | AI14: =1-$AG$27 -> 0 | AJ14: =SUM(AG14:AI14) -> 0
A15: SC3 | B15: 0 | C15: 0 | D15: 0 | E15: 0 | F15: 0 | G15: 0 | H15: 0 | I15: 0 | J15: 0 | K15: 0 | L15: 0 | M15: 0 | N15: 0 | O15: 0 | P15: =P38*0.453592*P$41*P$43 -> 0 | Q15: =Q38*0.453592*Q$41*Q$43 -> 178.73787 | R15: =R38*0.453592*R$41*R$43 -> 23.700069 | S15: =S38*0.453592*S$41*S$43 -> 12.127553 | T15: =T38*0.453592*T$41*T$43 -> 7.6983597 | U15: =U38*0.453592*U$41*U$43 -> 21.021092 | V15: =V38*0.453592*V$41*V$43 -> 0 | W15: =W38*0.453592*W$41*W$43 -> 15.115501 | X15: 0 | Y15: =Y38*$Y$41*$Y$43*0.453592 -> 84.098484 | Z15: 0 | AA15: =0.2*(1-AD15)/AD15*AE15 -> 15.44603 | AB15: =SUM(X15:AA15) -> 99.544514 | AC15: =SUM(B15:AA15) -> 357.94496 | AD15: =AD13 -> 0.816 | AE15: =SUM(P15:Y15) -> 342.49893 | AF15: =AC15-AE15 -> 15.44603 | AG15: 0 | AH15: 0 | AI15: =1-$AG$27 -> 0 | AJ15: =SUM(AG15:AI15) -> 0
A16: P1 | B16: 0 | C16: 0 | D16: 0 | E16: =AF16*AG16 -> 108.91113 | F16: =AF16*AH16 -> 12.101236 | G16: 0 | H16: 0 | I16: 0 | J16: 0 | K16: 0 | L16: 0 | M16: 0 | N16: 0 | O16: 0 | P16: 0 | Q16: 0 | R16: 0 | S16: 0 | T16: 0 | U16: 0 | V16: 0 | W16: 0 | X16: =end_use!M2 -> 1173.238 | Y16: 0 | Z16: 0 | AA16: 0 | AB16: =SUM(X16:AA16) -> 1173.238 | AC16: {=TRANSPOSE(P42:W42)} -> 1294.2504 | AD16: =end_use!Q2 -> 0.90650004 | AE16: =SUM(P16:Y16) -> 1173.238 | AF16: =AC16-AE16 -> 121.01236 | AG16: =$AG$26 -> 0.9 | AH16: =1-AG16-AI16 -> 0.1 | AI16: =1-$AG$28 -> 0 | AJ16: =SUM(AG16:AI16) -> 1
A17: P2 | B17: 0 | C17: 0 | D17: 0 | E17: =AF17*AG17 -> 230.04078 | F17: =AF17*AH17 -> 25.560087 | G17: 0 | H17: 0 | I17: 0 | J17: 0 | K17: 0 | L17: 0 | M17: 0 | N17: 0 | O17: 0 | P17: 0 | Q17: 0 | R17: 0 | S17: 0 | T17: 0 | U17: 0 | V17: 0 | W17: 0 | X17: =end_use!M3 -> 1778.2212 | Y17: 0 | Z17: 0 | AA17: 0 | AB17: =SUM(X17:AA17) -> 1778.2212 | AC17: 2033.822 | AD17: =end_use!Q3 -> 0.87432486 | AE17: =SUM(P17:Y17) -> 1778.2212 | AF17: =AC17-AE17 -> 255.60087 | AG17: =$AG$26 -> 0.9 | AH17: =1-AG17-AI17 -> 0.1 | AI17: =1-$AG$28 -> 0 | AJ17: =SUM(AG17:AI17) -> 1
A18: P3 | B18: 0 | C18: 0 | D18: 0 | E18: =AF18*AG18 -> 163.95462 | F18: =AF18*AH18 -> 18.21718 | G18: 0 | H18: 0 | I18: 0 | J18: 0 | K18: 0 | L18: 0 | M18: 0 | N18: 0 | O18: 0 | P18: 0 | Q18: 0 | R18: 0 | S18: 0 | T18: 0 | U18: 0 | V18: 0 | W18: 0 | X18: =end_use!M4 -> 875.17185 | Y18: 0 | Z18: 0 | AA18: 0 | AB18: =SUM(X18:AA18) -> 875.17185 | AC18: 1057.3436 | AD18: =end_use!Q4 -> 0.82770805 | AE18: =SUM(P18:Y18) -> 875.17185 | AF18: =AC18-AE18 -> 182.1718 | AG18: =$AG$26 -> 0.9 | AH18: =1-AG18-AI18 -> 0.1 | AI18: =1-$AG$28 -> 0 | AJ18: =SUM(AG18:AI18) -> 1
A19: P4 | B19: 0 | C19: 0 | D19: 0 | E19: =AF19*AG19 -> 67.033247 | F19: =AF19*AH19 -> 7.4481385 | G19: 0 | H19: 0 | I19: 0 | J19: 0 | K19: 0 | L19: 0 | M19: 0 | N19: 0 | O19: 0 | P19: 0 | Q19: 0 | R19: 0 | S19: 0 | T19: 0 | U19: 0 | V19: 0 | W19: 0 | X19: =end_use!M5 -> 574.87878 | Y19: 0 | Z19: 0 | AA19: 0 | AB19: =SUM(X19:AA19) -> 574.87878 | AC19: 649.36016 | AD19: =end_use!Q5 -> 0.88530035 | AE19: =SUM(P19:Y19) -> 574.87878 | AF19: =AC19-AE19 -> 74.481385 | AG19: =$AG$26 -> 0.9 | AH19: =1-AG19-AI19 -> 0.1 | AI19: =1-$AG$28 -> 0 | AJ19: =SUM(AG19:AI19) -> 1
A20: P5 | B20: 0 | C20: 0 | D20: 0 | E20: =AF20*AG20 -> 52.926092 | F20: =AF20*AH20 -> 5.8806768 | G20: 0 | H20: 0 | I20: 0 | J20: 0 | K20: 0 | L20: 0 | M20: 0 | N20: 0 | O20: 0 | P20: 0 | Q20: 0 | R20: 0 | S20: 0 | T20: 0 | U20: 0 | V20: 0 | W20: 0 | X20: =end_use!M6 -> 726.27698 | Y20: 0 | Z20: 0 | AA20: 0 | AB20: =SUM(X20:AA20) -> 726.27698 | AC20: 785.08375 | AD20: =end_use!Q6 -> 0.92509491 | AE20: =SUM(P20:Y20) -> 726.27698 | AF20: =AC20-AE20 -> 58.806768 | AG20: =$AG$26 -> 0.9 | AH20: =1-AG20-AI20 -> 0.1 | AI20: =1-$AG$28 -> 0 | AJ20: =SUM(AG20:AI20) -> 1
A21: P6 | B21: 0 | C21: 0 | D21: 0 | E21: =AF21*AG21 -> 56.901543 | F21: =AF21*AH21 -> 6.3223936 | G21: 0 | H21: 0 | I21: 0 | J21: 0 | K21: 0 | L21: 0 | M21: 0 | N21: 0 | O21: 0 | P21: 0 | Q21: 0 | R21: 0 | S21: 0 | T21: 0 | U21: 0 | V21: 0 | W21: 0 | X21: =end_use!M7 -> 611.73678 | Y21: 0 | Z21: 0 | AA21: 0 | AB21: =SUM(X21:AA21) -> 611.73678 | AC21: 674.96072 | AD21: =end_use!Q7 -> 0.90632946 | AE21: =SUM(P21:Y21) -> 611.73678 | AF21: =AC21-AE21 -> 63.223936 | AG21: =$AG$26 -> 0.9 | AH21: =1-AG21-AI21 -> 0.1 | AI21: =1-$AG$28 -> 0 | AJ21: =SUM(AG21:AI21) -> 1
A22: P7 | B22: 0 | C22: 0 | D22: 0 | E22: =AF22*AG22 -> 286.68991 | F22: =AF22*AH22 -> 31.854435 | G22: 0 | H22: 0 | I22: 0 | J22: 0 | K22: 0 | L22: 0 | M22: 0 | N22: 0 | O22: 0 | P22: 0 | Q22: 0 | R22: 0 | S22: 0 | T22: 0 | U22: 0 | V22: 0 | W22: 0 | X22: =end_use!M8 -> 1699.8361 | Y22: 0 | Z22: 0 | AA22: 0 | AB22: =SUM(X22:AA22) -> 1699.8361 | AC22: 2018.3804 | AD22: =end_use!Q8 -> 0.84217824 | AE22: =SUM(P22:Y22) -> 1699.8361 | AF22: =AC22-AE22 -> 318.54435 | AG22: =$AG$26 -> 0.9 | AH22: =1-AG22-AI22 -> 0.1 | AI22: =1-$AG$28 -> 0 | AJ22: =SUM(AG22:AI22) -> 1
A23: P8 | B23: 0 | C23: 0 | D23: 0 | E23: =AF23*AG23 -> 7.084001 | F23: =AF23*AH23 -> 0.78711122 | G23: 0 | H23: 0 | I23: 0 | J23: 0 | K23: 0 | L23: 0 | M23: 0 | N23: 0 | O23: 0 | P23: 0 | Q23: 0 | R23: 0 | S23: 0 | T23: 0 | U23: 0 | V23: 0 | W23: 0 | X23: =end_use!M9 -> 271.29687 | Y23: 0 | Z23: 0 | AA23: 0 | AB23: =SUM(X23:AA23) -> 271.29687 | AC23: 279.16798 | AD23: =end_use!Q9 -> 0.9718051 | AE23: =SUM(P23:Y23) -> 271.29687 | AF23: =AC23-AE23 -> 7.8711122 | AG23: =$AG$26 -> 0.9 | AH23: =1-AG23-AI23 -> 0.1 | AI23: =1-$AG$28 -> 0 | AJ23: =SUM(AG23:AI23) -> 1
A24: dom inflow | B24: =SUM(B2:B23) -> 0 | C24: =SUM(C2:C23) -> 0 | D24: =SUM(D2:D23) -> 385.41176 | E24: =SUM(E2:E23) -> 5427.0649 | F24: =SUM(F2:F23) -> 2022.1089 | G24: =SUM(G2:G23) -> 7187.9114 | H24: =SUM(H2:H23) -> 2226.9694 | I24: =SUM(I2:I23) -> 4834.8536 | ... AC24: =SUM(AC2:AC23) -> 45847.774
A25: total outflow | B25: {=TRANSPOSE(AC2:AC23)} -> 726.05 | C25: 5753.615 | D25: 1025.0312 | E25: 6812.742 | F25: 2100.5074 | G25: 7353.64 | H25: 2280.5651 | I25: 5688.0631 | J25: 2396.2 | K25: 473.01779 | L25: 164.6512 | M25: 1140.9098 | N25: 782.46768 | O25: 357.94496 | P25: 1294.2504 | Q25: 2033.822 | R25: 1057.3436 | S25: 649.36016 | T25: 785.08375 | U25: 674.96072 | V25: 2018.3804 | W25: 279.16798 | AG25: 0.9 | AH25: Forming Scrap No downgrade rate
A26: import_amt | B26: =B27 -> 726.05 | C26: =C27 -> 1369.2421 | D26: =D25-D24 -> 639.61941 | E26: =E25-E24 -> 1385.6771 | F26: =F25-F24 -> 78.398506 | G26: =G25-G24 -> 165.72861 | H26: =H25-H24 -> 53.595615 | I26: =I25-I24 -> 853.20946 | J26: =J25-J24 -> 479.24 | K26: =K25-K24 -> 94.603558 | ... W26: =W25-W24 -> 37.67149 | AC26: =(AC24-A!AC52)<0.00001 -> TRUE | AG26: =0.9 -> 0.9 | AH26: Fabrication Scrap No downgrade rate
B27: =upstream!C3 -> 726.05 | C27: =upstream!M4 -> 1369.2421 | D27: =upstream!C9 -> 639.61941 | E27: =upstream!W17 -> 1385.6771 | F27: =upstream!W29 -> 78.398506 | H27: Dom Alloy% | I27: =I7/I25 -> 0.85 | J27: =I27 -> 0.85 | K27: =I27 -> 0.85 | L27: =I27 -> 0.85 | M27: =M8/M25 -> 0.95 | N27: =N8/N25 -> 0.95 | O27: =O8/O25 -> 0.95 | W27: =SUM(P26:W26) -> 1186.46 | AG27: 1 | AH27: Forming_Scrap_dom_rate
AG28: 1 | AH28: Product_scrap_dom_rate
D30: EoL scrap | E30: =E3+F3 -> 3858.9334 | P30: Construction | Q30: Transportation_auto | R30: Transportation_other | S30: Durables | T30: Electrical | U30: Machinery | V30: Container | W30: Other
D31: Internal scrap | E31: =SUM(E9:E23)+SUM(F9:F23) -> 3527.5344 | O31: M lb | P31: P1 | Q31: P2 | R31: P3 | S31: P4 | T31: P5 | U31: P6 | V31: P7 | W31: P8 | X31: Received | Y31: Export
N32: Sheet and Foil | O32: F1 | P32: =downstream!B3+downstream!B4 -> 1237 | Q32: =downstream!C3+downstream!C4 -> 1790 | R32: =downstream!D3+downstream!D4 -> 1174 | S32: =downstream!E3+downstream!E4 -> 759 | T32: =downstream!F3+downstream!F4 -> 335 | U32: =downstream!G3+downstream!G4 -> 570 | V32: =downstream!H3+downstream!H4 -> 4966 | W32: =downstream!I3+downstream!I4 -> 65 | X32: =SUM(P32:W32) -> 10896 | Y32: =downstream!K3+downstream!K4 -> 632
N33: Extrusions | O33: F2 | P33: =downstream!B5 -> 1884 | Q33: =downstream!C5 -> 508 | R33: =downstream!D5 -> 846 | S33: =downstream!E5 -> 471 | T33: =downstream!F5 -> 470 | U33: =downstream!G5 -> 469 | V33: =downstream!H5 -> 0 | W33: =downstream!I5 -> 79 | X33: =SUM(P33:W33) -> 4727 | Y33: =downstream!K5 -> 350
N34: Cable/Wire | O34: F3 | P34: =downstream!B6 -> 28 | Q34: =downstream!C6 -> 4 | R34: =downstream!D6 -> 14 | S34: =downstream!E6 -> 5 | T34: =downstream!F6 -> 907 | U34: =downstream!G6 -> 14 | V34: =downstream!H6 -> 1 | W34: =downstream!I6 -> 5 | X34: =SUM(P34:W34) -> 978 | Y34: =downstream!K6 -> 18
E35: Produced | F35: Import | G35: Export | H35: Consumed | I35: Verify Consumed | J35: dom_to_dom | N35: Forgings and Powder | O35: F4 | P35: =downstream!B7+downstream!B8 -> 0 | Q35: =downstream!C7+downstream!C8 -> 73 | R35: =downstream!D7+downstream!D8 -> 141 | S35: =downstream!E7+downstream!E8 -> 18 | T35: =downstream!F7+downstream!F8 -> 1 | U35: =downstream!G7+downstream!G8 -> 10 | V35: =downstream!H7+downstream!H8 -> 0 | W35: =downstream!I7+downstream!I8 -> 108 | X35: =SUM(P35:W35) -> 351 | Y35: =downstream!K7+downstream!K8 -> 27
D36: Metal | E36: =AE4 -> 1010 | F36: =E27+F27+G26+H26 -> 1683.3998 | G36: 0 | H36: =SUM(E4:H4)+SUM(E26:H26) -> 2693.3998 | I36: =E36+F36-G36 -> 2693.3998 | J36: =E36-G36 -> 1010 | M36: =SUM(P36:W36) -> 2343.0105 | N36: Die Casting | O36: SC1 | P36: =downstream!B$9*P47 -> 36 | Q36: =downstream!C$9*Q47 -> 1104.6 | R36: =downstream!D$9*R47 -> 247.21053 | S36: =downstream!E$9*S47 -> 207 | T36: =downstream!F$9*T47 -> 131.4 | U36: =downstream!G$9*U47 -> 358.8 | V36: =downstream!H$9*V47 -> 0 | W36: =downstream!I$9*W47 -> 258 | X36: =SUM(P36:W36) -> 2343.0105 | Y36: =downstream!K$9*L47 -> 868.18917
D37: Scrap | E37: =upstream!M2+E31 -> 7911.9073 | F37: =upstream!M4 -> 1369.2421 | G37: =upstream!M3 -> 1894.6816 | H37: =E3+F3+SUM(E9:E23)+SUM(F9:F23) -> 7386.4678 | I37: =E37+F37-G37 -> 7386.4678 | J37: =E37-G37 -> 6017.2257 | M37: =SUM(P37:W37) -> 1606.9018 | N37: Permanent Mold Castings | O37: SC2 | P37: =downstream!B$9*P48 -> 0 | Q37: =downstream!C$9*Q48 -> 1016.9333 | R37: =downstream!D$9*R48 -> 112.36842 | S37: =downstream!E$9*S48 -> 103.5 | T37: =downstream!F$9*T48 -> 65.7 | U37: =downstream!G$9*U48 -> 179.4 | V37: =downstream!H$9*V48 -> 0 | W37: =downstream!I$9*W48 -> 129 | X37: =SUM(P37:W37) -> 1606.9018 | Y37: =downstream!K$9*L48 -> 595.42827
D38: Alloy | E38: =AE7+AE8 -> 9634.2051 | F38: =SUM(I26:O26) -> 1574.0494 | G38: =Z7+Z8 -> 205 | H38: =SUM(AC9:AC15) -> 11003.254 | I38: =E38+F38-G38 -> 11003.254 | J38: =E38-G38 -> 9429.2051 | M38: =SUM(P38:W38) -> 735.08772 | N38: Sand Casting | O38: SC3 | P38: =downstream!B$9*P49 -> 0 | Q38: =downstream!C$9*Q49 -> 508.46667 | R38: =downstream!D$9*R49 -> 67.421053 | S38: =downstream!E$9*S49 -> 34.5 | T38: =downstream!F$9*T49 -> 21.9 | U38: =downstream!G$9*U49 -> 59.8 | V38: =downstream!H$9*V49 -> 0 | W38: =downstream!I$9*W49 -> 43 | X38: =SUM(P38:W38) -> 735.08772 | Y38: =downstream!K$9*L49 -> 272.38256
D39: Semi | E39: =Y50 -> 8458.9891 | F39: =W27 -> 1186.46 | G39: =Y24 -> 853.08 | H39: =Y51 -> 8792.3691 | I39: =E39+F39-G39 -> 8792.3691 | J39: =E39-G39 -> 7605.9091 | M39: =SUM(M36:M38) -> 4685 | O39: sum (lb) | P39: =SUM(P32:P38) -> 3185 | Q39: =SUM(Q32:Q38) -> 5005 | R39: =SUM(R32:R38) -> 2602 | S39: =SUM(S32:S38) -> 1598 | T39: =SUM(T32:T38) -> 1932 | U39: =SUM(U32:U38) -> 1661 | V39: =SUM(V32:V38) -> 4967 | W39: =SUM(W32:W38) -> 687 | ... Y39: =SUM(Y32:Y38) -> 2763 | Z39: =SUM(X39:Y39) -> 24400
D40: Final | E40: =X24 -> 7710.6565 | F40: =end_use!N10 -> 2545.5824 | G40: =end_use!O10 -> 1235.1578 | H40: =end_use!P10 -> 9021.0811 | I40: =E40+F40-G40 -> 9021.0811 | J40: =E40-G40 -> 6475.4987 | O40: sum(kg) | P40: =P39*0.453592 -> 1444.6905 | Q40: =Q39*0.453592 -> 2270.228 | R40: =R39*0.453592 -> 1180.2464 | S40: =S39*0.453592 -> 724.84002 | T40: =T39*0.453592 -> 876.33974 | U40: =U39*0.453592 -> 753.41631 | V40: =V39*0.453592 -> 2252.9915 | W40: =W39*0.453592 -> 311.6177 | ... Y40: =Y39*0.453592 -> 1253.2747 | Z40: =SUM(X40:Y40) -> 11067.645
O41: Adjust_factor | P41: =331449281/(331449281+38526760) -> 0.89586688 | Q41: =331449281/(331449281+38526760) -> 0.89586688 | R41: =331449281/(331449281+38526760) -> 0.89586688 | S41: =331449281/(331449281+38526760) -> 0.89586688 | T41: =331449281/(331449281+38526760) -> 0.89586688 | U41: =331449281/(331449281+38526760) -> 0.89586688 | V41: =331449281/(331449281+38526760) -> 0.89586688 | W41: =331449281/(331449281+38526760) -> 0.89586688 | X41: =331449281/(331449281+38526760) -> 0.89586688 | Y41: 1 | AB41: US semi received | AC41: US semi import
F42: Crude import | O42: Inflow (kg) | P42: =P40*P41 -> 1294.2504 | Q42: =Q40*Q41 -> 2033.822 | R42: =R40*R41 -> 1057.3436 | S42: =S40*S41 -> 649.36016 | T42: =T40*T41 -> 785.08375 | U42: =U40*U41 -> 674.96072 | V42: =V40*V41 -> 2018.3804 | W42: =W40*W41 -> 279.16798 | ... Y42: =Y40*Y41 -> 1253.2747 | Z42: 853.08 | AB42: =X42 -> 8792.3691 | AC42: =1186.46 -> 1186.46
F43: =F36+F38 -> 3257.4492 | O43: domestic ratio | P43: =$AB$43 -> 0.86505799 | Q43: =$AB$43 -> 0.86505799 | R43: =$AB$43 -> 0.86505799 | S43: =$AB$43 -> 0.86505799 | T43: =$AB$43 -> 0.86505799 | U43: =$AB$43 -> 0.86505799 | V43: =$AB$43 -> 0.86505799 | W43: =$AB$43 -> 0.86505799 | X43: =$AB$43 -> 0.86505799 | Y43: =Z42/Y42 -> 0.68068078 | AB43: =(AB42-AC42)/AB42 -> 0.86505799
O44: US semi produced | P44: =P42*P43 -> 1119.6016 | Q44: =Q42*Q43 -> 1759.374 | R44: =R42*R43 -> 914.66356 | S44: =S42*S43 -> 561.73419 | T44: =T42*T43 -> 679.14297 | U44: =U42*U43 -> 583.88016 | V44: =V42*V43 -> 1746.0161 | W44: =W42*W43 -> 241.49649 | ... Y44: =Y42*Y43 -> 853.08 | Z44: =SUM(X44:Y44) -> 8458.9891
B45: Based on USGS
B46: Based on AA and UN Comtrade | M46: Default | P46: =P31 -> P1 | Q46: =Q31 -> P2 | R46: =R31 -> P3 | S46: =S31 -> P4 | T46: =T31 -> P5 | U46: =U31 -> P6 | V46: =V31 -> P7 | W46: =W31 -> P8
B47: Referenced from other sheets | L47: =M36/M39 -> 0.50010897 | M47: 0.6 | N47: Die Casting | O47: SC1 | P47: 1 | Q47: =0.14+0.28 -> 0.42 | R47: 0.57894737 | S47: =M47 -> 0.6 | T47: =M47 -> 0.6 | U47: =M47 -> 0.6 | V47: 0 | W47: =M47 -> 0.6 | X47: dom_to_dom_semi | Y47: =SUM(P9:W15) -> 7605.9091
B48: Automatically calculated | L48: =M37/M39 -> 0.34298863 | M48: 0.3 | N48: Permanent Mold Castings | O48: SC2 | P48: 0 | Q48: =(1-Q47)/3*2 -> 0.38666667 | R48: 0.26315789 | S48: =M48 -> 0.3 | T48: =M48 -> 0.3 | U48: =M48 -> 0.3 | V48: 0 | W48: =M48 -> 0.3 | X48: semi_import | Y48: =X42-Y47 -> 1186.46
B49: Direct inputs or calculations | L49: =M38/M39 -> 0.15690239 | M49: 0.1 | N49: Sand Casting | O49: SC3 | P49: 0 | Q49: =(1-Q47)/3*1 -> 0.19333333 | R49: =1-R47-R48 -> 0.15789474 | S49: =M49 -> 0.1 | T49: =M49 -> 0.1 | U49: =M49 -> 0.1 | V49: 0 | W49: =M49 -> 0.1 | X49: semi_export | Y49: =Y24 -> 853.08
B50: Data for benchmarking | L50: They will influence | P50: =SUM(P47:P49) -> 1 | Q50: =SUM(Q47:Q49) -> 1 | R50: =SUM(R47:R49) -> 1 | S50: =SUM(S47:S49) -> 1 | T50: =SUM(T47:T49) -> 1 | U50: =SUM(U47:U49) -> 1 | V50: =SUM(V47:V49) -> 0 | W50: =SUM(W47:W49) -> 1 | X50: semi_produced | Y50: =Y47+Y49 -> 8458.9891
B51: Data referenced | L51: upstream C2: consumption pattern of foundry alloys | X51: semi_consumed | Y51: =SUM(P25:W25) -> 8792.3691 | Z51: =Y50+Y48-Y49 -> 8792.3691
B52: Key data | L52: downstream: inflow profile (%) of fabricating sectors

Sheet upstream
A1: Bayer (M) | B1: Metallurgical Bauxite inflow | D1: outflow | F1: Oxide for Al industry | G1: Efficiency | H1: Al in Al2O3 | I1: Al in Alumina | J1: Al in Bauxite | K1: EoL | L1: index | M1: amount | N1: note
A2: 0 | B2: Domestically mined | C2: =C4*A2 -> 0 | D2: M-E | E2: =E5*F2 -> 385.41176 | F2: 0.56 | G2: =1000*H2/(2234*J2) -> 0.94791722 | H2: =54/102 -> 0.52941176 | I2: =1/1.917 -> 0.52164841 | J2: =1/4 -> 0.25 | L2: collected | M2: =end_use!I10 -> 4384.3729 | N2: EoL domestically collected | Q2: R1 target | R2: =W11 -> 6812.742 | S2: R1.EoL_scrap rate | T2: =U12 -> 0.16573175 | V2: dom-R1 | W2: =R2*T2 -> 1129.0877 | Y2: =W2/M2 -> 0.25752546 | Z2: Upcycling rate | AA2: =CONCATENATE("[",TEXT(AA20,"0.000"), ", ", TEXT(AA32,"0.000"),"]") -> [0.000, 0.000]
A3: =1-A2 -> 1 | B3: Metallurgical bauxite Import | C3: =C4-C2 -> 726.05 | D3: M Trade | E3: =E5-E2 -> 302.82353 | H3: =1/H2 -> 1.8888889 | I3: =1/I2 -> 1.917 | L3: export | M3: =M2-W2-W3 -> 1894.6816 | N3: EoL scrap export | O3: 1850 | Q3: R2 target | R3: =W23 -> 2100.5074 | S3: R2.EoL_scrap_rate | T3: =U24 -> 0.64775 | V3: dom-R2 | W3: =R3*T3 -> 1360.6037 | AA3: ="lowerbound: " & TEXT(AA17,"0") -> lowerbound: 0
B4: Total | C4: =E5/G2 -> 726.05 | D4: loss | E4: =C4*(1-G2) -> 37.814706 | L4: import | M4: =W13+W25 -> 1369.2421 | N4: pre-consumer scrap import | O4: 542 | S4: Recycled/Collected | T4: =M5/M2 -> 0.56785574 | U4: =0.717 -> 0.717 | V4: import-R1 | W4: =W13 -> 1091.8433 | AA4: ="lowerbound: " & TEXT(AA29,"0") -> lowerbound: 0
D5: Value Outflow | E5: =1300*H2 -> 688.23529 | L5: EoL inflow | M5: =M2-M3 -> 2489.6913 | N5: Domestic EoL recycled | S5: Export/Collected | T5: =M3/M2 -> 0.43214426 | U5: =1-U4 -> 0.283 | V5: import-R2 | W5: =W25 -> 277.39877
L6: External scrap | M6: =M5+M4 -> 3858.9334 | N6: Total scrap recycled: domestic + import | S6: PCRR (recycled/Available) | T6: =Q8/M7 -> 0.4398685
A7: E | B7: inflow | D7: outflow | F7: E-C1 | G7: E-C2 | H7: E-R1 | I7: E-R2 | J7: Efficiency | L7: Available | M7: =end_use!H10 -> 5660.0809 | S7: PCRC (recyced content/alloy) | T7: 0.24550098 | V7: External-R1 | W7: =W2+W4 -> 2220.931
B8: dom alumina (M-E) | C8: =E2 -> 385.41176 | D8: Primary production | E8: 1010 | F8: =L19 -> 715.80655 | G8: =L28 -> 231.48744 | H8: =(E8-F8-G8)*H9 -> 31.353004 | I8: =E8-F8-G8-H8 -> 31.353004 | J8: =I2/H2 -> 0.98533588 | L8: Alloy produced | M8: =J17+J26 -> 9634.2051 | N8: Recycled content in alloys | O8: =M8*T7 -> 2365.2067 | P8: Recycled Post-consumer | Q8: =O8/O19 -> 2489.6913 | V8: External-R2 | W8: =W3+W5 -> 1638.0024
B9: Metallurical alumina import | C9: =C10-C8 -> 639.61941 | D9: loss | E9: =E10-E8 -> 15.031176 | H9: 0.5 | I9: =1-H9 -> 0.5 | N9: From R2 | O9: =N26*U24 -> 1292.5735 | T9: Adjust X1 to make align import scrap, export scrap, and scrap recycling rate with reference
B10: total | C10: =E10 -> 1025.0312 | D10: total | E10: =E8/J8 -> 1025.0312 | N10: From R1 | O10: =O8-O9 -> 1072.6333 | T10: x1 boundaries | U10: ="[" & TEXT(W12/W11,"0.0%") & ", " & TEXT(1-U13,"0.0%") & "]" -> [46.6%, 79.2%]
S11: R1 (Refiner) | T11: presorted_scrap_ratio (u%) | U11: =1-U13-U12 -> 0.62627122 | V11: Inflow target | W11: =P17/U13 -> 6812.742
A12: C1 | B12: wrough alloy ingots to | C12: semi produced | D12: ingot consumed | E12: dom-to-dom | F12: Dom Alloy% | G12: import | H12: export | I12: export/production | J12: Alloy produced | L12: Casting Virgin (E - C1) | M12: Direct Primary/kg-ingot | N12: Remelted (R1-C1) | O12: kg sweetener/kg-ingot | P12: Sweetener | S12: Produce secondary wrought alloys | T12: EoL_scrap_ratio (v%) | U12: =O10/N17 -> 0.16573175 | V12: pre-consumer scrap | W12: =SUM(Raw!E9:E23) -> 3174.781
B13: Rolling (F1) | C13: =Raw!AE9 -> 4025.3285 | D13: =Raw!AC9 -> 5688.0631 | E13: =D13*F13 -> 4834.8536 | F13: 0.85 | G13: =D13-E13 -> 853.20946 | H13: =E13*I13 -> 61.046131 | I13: =1/(100-19.8-1) -> 0.012626263 | J13: =E13+H13 -> 4895.8997 | L13: =J13*M13 -> 400.38668 | M13: =28.2%*0.29 -> 0.08178 | N13: =J13-L13 -> 4495.5131 | O13: =0.2052 -> 0.2052 | P13: =J13*O13 -> 1004.6386 | T13: sweetener_ratio (w%) | U13: =O18*O19 -> 0.20799703 | V13: import scrap | W13: =W14-W12 -> 1091.8433
B14: Extrusion (F2) | C14: =Raw!AE10 -> 1769.7135 | D14: =Raw!AC10 -> 2396.2 | E14: =D14*F14 -> 1916.96 | F14: =(100-19.8-1)/99 -> 0.8 | G14: =D14-E14 -> 479.24 | H14: =E14*I14 -> 24.20404 | I14: =1/(100-19.8-1) -> 0.012626263 | J14: =E14+H14 -> 1941.164 | L14: =J14*M14 -> 379.89953 | M14: =15.5/(15.5+63.7) -> 0.19570707 | N14: =J14-L14 -> 1561.2645 | O14: =0.3635-M14 -> 0.16779293 | P14: =J14*O14 -> 325.7136 | V14: presorted scrap | W14: =W11*U11 -> 4266.6243
B15: Wire Drawing (F3) | C15: =Raw!AE11 -> 349.34729 | D15: =Raw!AC11 -> 473.01779 | E15: =D15*F15 -> 378.41423 | F15: =F14 -> 0.8 | G15: =D15-E15 -> 94.603558 | H15: =E15*I15 -> 4.7779575 | I15: =1/(100-19.8-1) -> 0.012626263 | J15: =E15+H15 -> 383.19219 | L15: =J15*M15 -> 75.105669 | M15: 0.196 | N15: =J15-L15 -> 308.08652 | O15: =O14 -> 0.16779293 | P15: =J15*O15 -> 64.29694 | V15: post-consumer-scrap | W15: =W2 -> 1129.0877
B16: Forging and Powdering (F4) | C16: =Raw!AE12 -> 131.72096 | D16: =Raw!AC12 -> 164.6512 | E16: =D16*F16 -> 131.72096 | F16: =F14 -> 0.8 | G16: =D16-E16 -> 32.930239 | H16: =E16*I16 -> 1.6631434 | I16: =1/(100-19.8-1) -> 0.012626263 | J16: =E16+H16 -> 133.3841 | L16: =J16*M16 -> 26.143284 | M16: 0.196 | N16: =J16-L16 -> 107.24082 | O16: =O14 -> 0.16779293 | P16: =J16*O16 -> 22.380909 | V16: dom sweetener | W16: =H8 -> 31.353004 | X16: actual scrap inflow | Y16: =W14+W15 -> 5395.7119
D17: =SUM(D13:D16) -> 8721.932 | E17: =SUM(E13:E16) -> 7261.9488 | G17: =SUM(G13:G16) -> 1459.9833 | H17: =SUM(H13:H16) -> 91.691272 | J17: =SUM(J13:J16) -> 7353.64 | L17: =SUM(L13:L16) -> 881.53516 | N17: =SUM(N13:N16) -> 6472.1049 | O17: =P17/J17 -> 0.19269777 | P17: =SUM(P13:P16) -> 1417.0301 | V17: metal import | W17: =P17-H8 -> 1385.6771 | X17: sweetener | Y17: =W16+W17 -> 1417.0301
K18: Dom virgin metal % | L18: 0.812 | M18: =E8/(L17+L26) -> 0.86575024 | O18: =P17/N17 -> 0.21894424 | P18: kg sweet/kg remelted metal | V18: total inflow or outflow | W18: =SUM(W14:W17) -> 6812.742 | X18: kg sweet/kg-in | Y18: =Y17/W18 -> 0.20799703 | Z18: Actual kg scrap/kg-in | AA18: =Y16/W18 -> 0.79200297
K19: Dom virgin metal | L19: =L17*L18 -> 715.80655 | M19: =(L19<E8) -> TRUE | O19: 0.95 | P19: R1 Efficiency | V19: valuable outflow | W19: =N17 -> 6472.1049 | X19: kg sweet/kg-out | Y19: =Y17/W19 -> 0.21894424 | Z19: Min kg scrap/kg-ingot-out | AA19: =1-Y19 -> 0.78105576
K20: Imported virgin metal | L20: =L17-L19 -> 165.72861 | V20: loss | W20: =W18-W19 -> 340.6371 | X20: efficiency | Y20: =W19/W18 -> 0.95
T21: =T9 -> Adjust X1 to make align import scrap, export scrap, and scrap recycling rate with reference
A22: C2 | B22: foundry alloy ingots to | C22: semi produced | D22: ingot consumed | E22: dom-to-dom | F22: Dom Alloy % | G22: import | H22: export | I22: export/production | J22: Alloy produced | L22: Casting Virgin (E - C2) | M22: Direct Primary% | N22: Recycled (R2-C2) | O22: kg sweetener/kg-ingot | P22: Sweetener | T22: x1 boundaries | U22: ="[" & TEXT(W24/W23,"0.0%") & ", " & TEXT(1-U25,"0.0%") & "]" -> [16.8%, 94.8%]
B23: Die casting (SC1) | C23: =Raw!AE13 -> 1091.6773 | D23: =Raw!AC13 -> 1140.9098 | E23: =D23*F23 -> 1083.8643 | F23: 0.95 | G23: =D23-E23 -> 57.045491 | H23: =(205-$H$17)*I23 -> 56.666711 | I23: =Raw!L47 -> 0.50010897 | J23: =E23+H23 -> 1140.531 | L23: =J23*M23 -> 171.07966 | M23: =0.15 -> 0.15 | N23: =J23-L23 -> 969.45139 | O23: =0.055*(1-M23) -> 0.04675 | P23: =J23*O23 -> 53.319826 | S23: R2 (Remelter) | T23: presorted_scrap_ratio (u) | U23: 0.3 | V23: inflow target | W23: =P26/U25 -> 2100.5074
B24: Perm. Mold Castings (SC2) | C24: =Raw!AE14 -> 748.70265 | D24: =Raw!AC14 -> 782.46768 | E24: =D24*F24 -> 743.34429 | F24: 0.95 | G24: =D24-E24 -> 39.123384 | H24: =(205-$H$17)*I24 -> 38.863606 | I24: =Raw!L48 -> 0.34298863 | J24: =E24+H24 -> 782.2079 | L24: =J24*M24 -> 78.22079 | M24: =M23-0.05 -> 0.1 | N24: =J24-L24 -> 703.98711 | O24: =0.055*(1-M24) -> 0.0495 | P24: =J24*O24 -> 38.719291 | S24: Produce secondary foundry alloys | T24: EoL_scrap_ratio (v) | U24: =1-U23-U25 -> 0.64775 | V24: pre-consumer scrap | W24: =SUM(Raw!F9:F23) -> 352.75344
B25: Sand Castings (SC3) | C25: =Raw!AE15 -> 342.49893 | D25: =Raw!AC15 -> 357.94496 | E25: =D25*F25 -> 340.04771 | F25: 0.95 | G25: =D25-E25 -> 17.897248 | H25: =(205-$H$17)*I25 -> 17.778411 | I25: =Raw!L49 -> 0.15690239 | J25: =E25+H25 -> 357.82612 | L25: =J25*M25 -> 35.782612 | M25: =M24 -> 0.1 | N25: =J25-L25 -> 322.04351 | O25: =0.055*(1-M25) -> 0.0495 | P25: =J25*O25 -> 17.712393 | T25: sweetener_ratio (w) | U25: =O27*O28 -> 0.05225 | V25: import scrap | W25: =W26-W24 -> 277.39877
D26: =SUM(D23:D25) -> 2281.3225 | E26: =SUM(E23:E25) -> 2167.2563 | G26: =SUM(G23:G25) -> 114.06612 | H26: =SUM(H23:H25) -> 113.30873 | J26: =SUM(J23:J25) -> 2280.5651 | L26: =SUM(L23:L25) -> 285.08306 | N26: =SUM(N23:N25) -> 1995.482 | O26: =P26/J26 -> 0.0481247 | P26: =SUM(P23:P25) -> 109.75151 | V26: presorted scrap | W26: =W23*U23 -> 630.15221
K27: Dom virgin metal % | L27: =L18 -> 0.812 | O27: =P26/N26 -> 0.055 | P27: kg sweet/kg recycled metal | V27: post-consumer-scrap | W27: =W3 -> 1360.6037
G28: import | H28: export | I28: consumed | J28: produced | K28: Dom virgin metal | L28: =L26*L27 -> 231.48744 | O28: 0.95 | P28: R2 Efficiency | V28: dom sweetener | W28: =I8 -> 31.353004 | X28: actual scrap inflow | Y28: =W26+W27 -> 1990.7559
F29: Alloy ingot | G29: =G17+G26 -> 1574.0494 | H29: =H17+H26 -> 205 | I29: =D17+D26 -> 11003.254 | J29: =J17+J26 -> 9634.2051 | K29: Imported virgin metal | L29: =L26-L28 -> 53.595615 | V29: metal import | W29: =P26-I8 -> 78.398506 | X29: sweetener | Y29: =W28+W29 -> 109.75151
V30: total inflow or outflow | W30: =SUM(W26:W29) -> 2100.5074 | X30: kg sweet/kg-in | Y30: =Y29/W30 -> 0.05225 | Z30: Actual kg scrap/kg-in | AA30: =Y28/W30 -> 0.94775
A31: =E17+E26 -> 9429.2051 | C31: Current | D31: Benchmark | V31: valuable outflow | W31: =N26 -> 1995.482 | X31: kg sweet/kg-out | Y31: =Y29/W31 -> 0.055 | Z31: Min kg scrap/kg-ingot-out | AA31: =1-Y31 -> 0.945
B32: Alloy consumed | C32: =D17+D26+C36 -> 11208.254 | D32: =C32 -> 11208.254 | V32: loss | W32: =W30-W31 -> 105.02537 | X32: efficiency | Y32: =W31/W30 -> 0.95 | Z32: Should be fine-tuned to 95%
B33: dom-to-dom alloy % | C33: =C34/(C34+C35) -> 0.85694693 | D33: 0.705 | E33: =1-E48/D32 -> 0.70825074 | F33: Lowerbound
B34: Dom-to-dom alloys | C34: =E17+E26 -> 9429.2051 | D34: =D32*D33 -> 7901.8194
B35: Alloy import required | C35: =G17+G26 -> 1574.0494 | D35: =D32*(1-D33) -> 3306.4351 | T35: Casting virgin Consumption | U35: =L17+L26 -> 1166.6182 | V35: Dom. Casting Virgin | W35: =F8+G8 -> 947.29399 | X35: Import Casting Virgin | Y35: =U35-W35 -> 219.32422
B36: Export | C36: 205 | D36: 205 | T36: Sweetener Consumption | U36: =P17+P26 -> 1526.7816 | V36: Dom. Sweetener | W36: =H8+I8 -> 62.706008 | X36: Import Sweetener | Y36: =U36-W36 -> 1464.0756
A37: =L19 -> 715.80655 | T37: Virgin Metal Consumption | U37: =U35+U36 -> 2693.3998 | W37: =SUM(W35:W36) -> 1010 | Y37: =SUM(Y35:Y36) -> 1683.3998
B38: Available primary | C38: =E8 -> 1010 | D38: =C38 -> 1010 | S38: =U38/U37 -> 0.62500925 | T38: Virgin Metal import | U38: =W17+W29+L20+L29 -> 1683.3998
A39: =N17+N26 -> 8467.5869 | B39: direct primary/ingot inflow | C39: =(L17+L26)/(D17+D26) -> 0.10602483 | D39: 0.13 | E39: =D38/E17 -> 0.13908112 | F39: Upperbound | T39: Alloy import | U39: =G17+G26 -> 1574.0494
B40: dom-to-dom direct primary | C40: =(D17+D26)*C39 -> 1166.6182 | D40: =E17*D39 -> 944.05334 | T40: Crude import | U40: =U38+U39 -> 3257.4492
A41: =P17+P26 -> 1526.7816 | U41: 3270
B42: Secondary | C42: =C34+C36-C40 -> 8467.5869 | D42: =D34+D36-D40 -> 7162.7661
A43: =W17+W29 -> 1464.0756 | B43: Sweetener/Secondary ingot | C43: =(P17+P26)/(N17+N26) -> 0.18030894 | D43: =C43 -> 0.18030894
B44: Sweetener required | C44: =C42*C43 -> 1526.7816 | D44: =D42*D43 -> 1291.5107
B46: Metal import required | C46: =C44-(C38-C40) -> 1683.3998 | D46: =D44-(D38-D40) -> 1225.5641
B48: Crude import required | C48: =C35+C46 -> 3257.4492 | D48: =D35+D46 -> 4531.9991 | E48: 3270
A52: Cradle-to-Gate
A53: B | B53: Material | C53: Mass (kt) | D53: kg-in/kg-out | E53: kg CO2e/kg-in | F53: kg CO2e/kg-out
B54: Imported Bauxite | C54: =C3 -> 726.05 | D54: =C54/C55 -> 1.0549444 | E54: =Process!G2 -> 0.045 | F54: =D54*E54 -> 0.0474725
B55: Output | C55: =E5 -> 688.23529 | E55: Feedstock | F55: =F54 -> 0.0474725
B56: Loss | C56: =E4 -> 37.814706 | E56: Gate-to-Gate | F56: =Process!P2/Process!Q2 -> 1.5266419
B57: Throughput | C57: =C4 -> 726.05 | E57: Cradle-to-Gate | F57: =SUM(F55:F56) -> 1.5741144 | G57: M.CO2_ctg
A60: E | B60: Material | C60: Mass (kt) | D60: kg-in/kg-out | E60: kg CO2e/kg-in | F60: kg CO2e/kg-out
B61: Imported Alumina | C61: =C9 -> 639.61941 | D61: =C61/C63 -> 0.63328655 | E61: =Process!G4 -> 3.827 | F61: =D61*E61 -> 2.4235876
B62: Dom. Alumina [B,E] | C62: =C8 -> 385.41176 | D62: =C62/C63 -> 0.38159581 | E62: =F57 -> 1.5741144 | F62: =D62*E62 -> 0.60067546
B63: Output | C63: =E8 -> 1010 | E63: Feedstock | F63: =SUM(F61:F62) -> 3.0242631
B64: Loss | C64: =E9 -> 15.031176 | E64: Gate-to-Gate | F64: =Process!E4/Process!Q4 -> 5.48962
B65: Throughput | C65: =SUM(C61:C62) -> 1025.0312 | E65: Cradle-to-Gate | F65: =SUM(F63:F64) -> 8.5138831 | G65: E.CO2_ctg
A68: R1 | B68: Material | C68: Mass (kt) | D68: kg-in/kg-out | E68: kg CO2e/kg-in | F68: kg CO2e/kg-out
B69: Imported Sweetener | C69: =W17 -> 1385.6771 | D69: =C69/C73 -> 0.21409991 | E69: =Process!G5 -> 10.845 | F69: =D69*E69 -> 2.3219135
B70: Dom. Sweetener [E, R1] | C70: =H8 -> 31.353004 | D70: =C70/C73 -> 0.0048443288 | E70: =F65 -> 8.5138831 | F70: =D70*E70 -> 0.041244049
B71: External Scrap [S, R1] | C71: =W13+W15 -> 2220.931 | D71: =C71/C73 -> 0.34315435 | E71: =Process!P3/Process!Q3 -> 0.072995097 | F71: =D71*E71 -> 0.025048585
B72: Dom. Pre-consumer | C72: =W12 -> 3174.781 | D72: =C72/C73 -> 0.49053299 | E72: 0 | F72: =D72*E72 -> 0
B73: Output | C73: =W19 -> 6472.1049 | E73: Feedstock | F73: =SUM(F69:F72) -> 2.3882061
B74: Loss | C74: =W20 -> 340.6371 | E74: Gate-to-Gate | F74: =Process!P5/Process!Q5 -> 0.45956462
B75: Throughput | C75: =W18 -> 6812.742 | E75: Cradle-to-Gate | F75: =SUM(F73:F74) -> 2.8477708 | G75: R1.CO2_ctg
A78: R2 | B78: Material | C78: Mass (kt) | D78: kg-in/kg-out | E78: kg CO2e/kg-in | F78: kg CO2e/kg-out
B79: Imported Sweetener | C79: =W29 -> 78.398506 | D79: =C79/$C$83 -> 0.039288005 | E79: =E69 -> 10.845 | F79: =D79*E79 -> 0.42607841
B80: Dom. Sweetener [E, R2] | C80: =I8 -> 31.353004 | D80: =C80/$C$83 -> 0.015711995 | E80: =E70 -> 8.5138831 | F80: =D80*E80 -> 0.13377009
B81: External Scrap [S, R2] | C81: =W25+W27 -> 1638.0024 | D81: =C81/$C$83 -> 0.82085552 | E81: =E71 -> 0.072995097 | F81: =D81*E81 -> 0.059918429
B82: Dom. Pre-consumer | C82: =W24 -> 352.75344 | D82: =C82/$C$83 -> 0.17677606 | E82: =E72 -> 0 | F82: =D82*E82 -> 0
B83: Output | C83: =W31 -> 1995.482 | E83: Feedstock | F83: =SUM(F79:F82) -> 0.61976693
B84: Loss | C84: =W32 -> 105.02537 | E84: Gate-to-Gate | F84: =Process!P6/Process!Q6 -> 0.45956462
B85: Throughput | C85: =W30 -> 2100.5074 | E85: Cradle-to-Gate | F85: =SUM(F83:F84) -> 1.0793315 | G85: R2.CO2_ctg
A88: C1 | B88: Material | C88: Mass (kt) | D88: kg-in/kg-out | E88: kg CO2e/kg-in | F88: kg CO2e/kg-out
B89: Imported Casting Virgin | C89: =L20 -> 165.72861 | D89: =C89/$C$92 -> 0.022536949 | E89: =E69 -> 10.845 | F89: =D89*E89 -> 0.24441321
B90: Dom. Casting Virgin [E, C1] | C90: =L19 -> 715.80655 | D90: =C90/$C$92 -> 0.097340439 | E90: =F65 -> 8.5138831 | F90: =D90*E90 -> 0.82874511
B91: Dom. Remelted Metal [R1, C1] | C91: =N17 -> 6472.1049 | D91: =C91/$C$92 -> 0.88012261 | E91: =F75 -> 2.8477708 | F91: =D91*E91 -> 2.5063874
B92: Output | C92: =J17 -> 7353.64 | E92: Feedstock | F92: =SUM(F89:F91) -> 3.5795458
B93: Loss | C93: 0 | E93: Gate-to-Gate | F93: =Process!P7/Process!Q7 -> 0.091529899
B94: Throughput | C94: =J17 -> 7353.64 | E94: Cradle-to-Gate | F94: =SUM(F92:F93) -> 3.6710757 | G94: C1.CO2_ctg
A97: C2 | B97: Material | C97: Mass (kt) | D97: kg-in/kg-out | E97: kg CO2e/kg-in | F97: kg CO2e/kg-out
B98: Imported Casting Virgin | C98: =L29 -> 53.595615 | D98: =C98/$C$101 -> 0.023501024 | E98: =E69 -> 10.845 | F98: =D98*E98 -> 0.25486861
B99: Dom. Casting Virgin [E, C2] | C99: =L28 -> 231.48744 | D99: =C99/$C$101 -> 0.10150442 | E99: =F65 -> 8.5138831 | F99: =D99*E99 -> 0.8641968
B100: Dom. Recycled Metal [R1, C2] | C100: =N26 -> 1995.482 | D100: =C100/$C$101 -> 0.87499455 | E100: =F85 -> 1.0793315 | F100: =D100*E100 -> 0.94440922
B101: Output | C101: =J26 -> 2280.5651 | E101: Feedstock | F101: =SUM(F98:F100) -> 2.0634746
B102: Loss | C102: 0 | E102: Gate-to-Gate | F102: =Process!P8/Process!Q8 -> 0.091529899
B103: Throughput | C103: =J26 -> 2280.5651 | E103: Cradle-to-Gate | F103: =SUM(F101:F102) -> 2.1550045 | G103: C2.CO2_ctg

Sheet downstream
A1: Table 4 | B1: P1 | C1: P2 | D1: P3 | E1: P4 | F1: P5 | G1: P6 | H1: P7 | I1: P8
A2: US & Canada Received (lbs) | B2: Construction | C2: Trans. Auto | D2: Trans. Other | E2: Durables | F2: Electrical | G2: Machinery | H2: Container | I2: Other | J2: Received | K2: Export | L2: Total | N2: Table S8: Semi-Composition | O2: =B2 -> Construction | P2: =C2 -> Trans. Auto | Q2: =D2 -> Trans. Other | R2: =E2 -> Durables | S2: =F2 -> Electrical | T2: =G2 -> Machinery | U2: =H2 -> Container | V2: =I2 -> Other
A3: Sheet | B3: 1199 | C3: =1720 -> 1720 | D3: =2878-C3 -> 1158 | E3: 505 | F3: 324 | G3: 565 | H3: 4022 | I3: 63 | J3: =SUM(B3:I3) -> 9556 | K3: 533 | L3: =SUM(J3:K3) -> 10089 | N3: Sheet | O3: =B3/B$10 -> 0.37645212 | P3: =C3/C$10 -> 0.34365634 | Q3: =D3/D$10 -> 0.44504228 | R3: =E3/E$10 -> 0.31602003 | S3: =F3/F$10 -> 0.16770186 | T3: =G3/G$10 -> 0.34015653 | U3: =H3/H$10 -> 0.80974431 | V3: =I3/I$10 -> 0.091703057
A4: Foil | B4: 38 | C4: 70 | D4: =86-C4 -> 16 | E4: 254 | F4: 11 | G4: 5 | H4: 944 | I4: 2 | J4: =SUM(B4:I4) -> 1340 | K4: 99 | L4: =SUM(J4:K4) -> 1439 | N4: Foil | O4: =B4/B$10 -> 0.011930926 | P4: =C4/C$10 -> 0.013986014 | Q4: =D4/D$10 -> 0.0061491161 | R4: =E4/E$10 -> 0.15894869 | S4: =F4/F$10 -> 0.0056935818 | T4: =G4/G$10 -> 0.0030102348 | U4: =H4/H$10 -> 0.19005436 | V4: =I4/I$10 -> 0.0029112082
A5: Extrusions | B5: =1884 -> 1884 | C5: =59+352+97 -> 508 | D5: =1354-C5 -> 846 | E5: 471 | F5: 470 | G5: 469 | H5: 0 | I5: 79 | J5: =SUM(B5:I5) -> 4727 | K5: =300+50 -> 350 | L5: =SUM(J5:K5) -> 5077 | N5: Extrusions | O5: =B5/B$10 -> 0.59152276 | P5: =C5/C$10 -> 0.1014985 | Q5: =D5/D$10 -> 0.32513451 | R5: =E5/E$10 -> 0.29474343 | S5: =F5/F$10 -> 0.24327122 | T5: =G5/G$10 -> 0.28236002 | U5: =H5/H$10 -> 0 | V5: =I5/I$10 -> 0.11499272
A6: Cable/Wire | B6: 28 | C6: 4 | D6: =18-C6 -> 14 | E6: 5 | F6: =11+460+436 -> 907 | G6: 14 | H6: 1 | I6: 5 | J6: =SUM(B6:I6) -> 978 | K6: =17+1 -> 18 | L6: =SUM(J6:K6) -> 996 | N6: Cable/Wire | O6: =B6/B$10 -> 0.0087912088 | P6: =C6/C$10 -> 0.0007992008 | Q6: =D6/D$10 -> 0.0053804766 | R6: =E6/E$10 -> 0.0031289111 | S6: =F6/F$10 -> 0.4694617 | T6: =G6/G$10 -> 0.0084286574 | U6: =H6/H$10 -> 0.00020132877 | V6: =I6/I$10 -> 0.0072780204
A7: Forgings | B7: 0 | C7: 73 | D7: =214-C7 -> 141 | E7: 18 | F7: 1 | G7: 10 | H7: 0 | I7: 7 | J7: =SUM(B7:I7) -> 250 | K7: 16 | L7: =SUM(J7:K7) -> 266 | N7: Forgings | O7: =B7/B$10 -> 0 | P7: =C7/C$10 -> 0.014585415 | Q7: =D7/D$10 -> 0.054189085 | R7: =E7/E$10 -> 0.01126408 | S7: =F7/F$10 -> 0.00051759834 | T7: =G7/G$10 -> 0.0060204696 | U7: =H7/H$10 -> 0 | V7: =I7/I$10 -> 0.010189229
A8: Powders | B8: 0 | C8: 0 | D8: 0 | E8: 0 | F8: 0 | G8: 0 | H8: 0 | I8: 101 | J8: =SUM(B8:I8) -> 101 | K8: 11 | L8: =SUM(J8:K8) -> 112 | N8: Powders | O8: =B8/B$10 -> 0 | P8: =C8/C$10 -> 0 | Q8: =D8/D$10 -> 0 | R8: =E8/E$10 -> 0 | S8: =F8/F$10 -> 0 | T8: =G8/G$10 -> 0 | U8: =H8/H$10 -> 0 | V8: =I8/I$10 -> 0.14701601
A9: Shape Castings | B9: 36 | C9: 2630 | D9: =3057-C9 -> 427 | E9: 345 | F9: 219 | G9: 598 | H9: 0 | I9: 430 | J9: =SUM(B9:I9) -> 4685 | K9: 1736 | L9: =SUM(J9:K9) -> 6421 | N9: Shape Castings | O9: =B9/B$10 -> 0.011302983 | P9: =C9/C$10 -> 0.52547453 | Q9: =D9/D$10 -> 0.16410453 | R9: =E9/E$10 -> 0.21589487 | S9: =F9/F$10 -> 0.11335404 | T9: =G9/G$10 -> 0.36002408 | U9: =H9/H$10 -> 0 | V9: =I9/I$10 -> 0.62590975
A10: Total | B10: =SUM(B3:B9) -> 3185 | C10: =SUM(C3:C9) -> 5005 | D10: =SUM(D3:D9) -> 2602 | E10: =SUM(E3:E9) -> 1598 | F10: =SUM(F3:F9) -> 1932 | G10: =SUM(G3:G9) -> 1661 | H10: =SUM(H3:H9) -> 4967 | I10: =SUM(I3:I9) -> 687 | ... K10: =SUM(K3:K9) -> 2763 | L10: =SUM(J10:K10) -> 24400 | O10: =SUM(O3:O9) -> 1 | P10: =SUM(P3:P9) -> 1 | Q10: =SUM(Q3:Q9) -> 1 | R10: =SUM(R3:R9) -> 1 | S10: =SUM(S3:S9) -> 1 | T10: =SUM(T3:T9) -> 1 | U10: =SUM(U3:U9) -> 1 | V10: =SUM(V3:V9) -> 1
J11: =SUM(B10:I10) -> 21637 | L11: =SUM(J3:K9) -> 24400
K12: Adjustment factor | O12: =O2 -> Construction | P12: =P2 -> Trans. Auto | Q12: =Q2 -> Trans. Other | R12: =R2 -> Durables | S12: =S2 -> Electrical | T12: =T2 -> Machinery | U12: =U2 -> Container | V12: =V2 -> Other
A13: US Received (kg) | B13: =B2 -> Construction | C13: =C2 -> Trans. Auto | D13: =D2 -> Trans. Other | E13: =E2 -> Durables | F13: =F2 -> Electrical | G13: =G2 -> Machinery | H13: =H2 -> Container | I13: =I2 -> Other | J13: Total | K13: =331449281/(331449281+38526760) -> 0.89586688 | N13: Process | O13: P1 | P13: P2 | Q13: P3 | R13: P4 | S13: P5 | T13: P6 | U13: P7 | V13: P8
A14: Sheet | B14: =B3*0.453592*$K$13 -> 487.2233 | C14: =C3*0.453592*$K$13 -> 698.93584 | D14: =D3*0.453592*$K$13 -> 470.56262 | E14: =E3*0.453592*$K$13 -> 205.21081 | F14: =F3*0.453592*$K$13 -> 131.66001 | G14: =G3*0.453592*$K$13 -> 229.5923 | H14: =H3*0.453592*$K$13 -> 1634.3721 | I14: =I3*0.453592*$K$13 -> 25.600557 | J14: =SUM(B14:I14) -> 3883.1575 | M14: Sheet and Foil | N14: F1 | O14: =O3+O4 -> 0.38838305 | P14: =P3+P4 -> 0.35764236 | Q14: =Q3+Q4 -> 0.45119139 | R14: =R3+R4 -> 0.47496871 | S14: =S3+S4 -> 0.17339545 | T14: =T3+T4 -> 0.34316677 | U14: =U3+U4 -> 0.99979867 | V14: =V3+V4 -> 0.094614265
A15: Foil | B15: =B4*0.453592*$K$13 -> 15.441606 | C15: =C4*0.453592*$K$13 -> 28.445063 | D15: =D4*0.453592*$K$13 -> 6.5017288 | E15: =E4*0.453592*$K$13 -> 103.21494 | F15: =F4*0.453592*$K$13 -> 4.4699385 | G15: =G4*0.453592*$K$13 -> 2.0317902 | H15: =H4*0.453592*$K$13 -> 383.602 | I15: =I4*0.453592*$K$13 -> 0.8127161 | J15: =SUM(B15:I15) -> 544.51979 | M15: Extrusions | N15: F2 | O15: =O5 -> 0.59152276 | P15: =P5 -> 0.1014985 | Q15: =Q5 -> 0.32513451 | R15: =R5 -> 0.29474343 | S15: =S5 -> 0.24327122 | T15: =T5 -> 0.28236002 | U15: =U5 -> 0 | V15: =V5 -> 0.11499272
A16: Extrusions | B16: =B5*0.453592*$K$13 -> 765.57856 | C16: =C5*0.453592*$K$13 -> 206.42989 | D16: =D5*0.453592*$K$13 -> 343.77891 | E16: =E5*0.453592*$K$13 -> 191.39464 | F16: =F5*0.453592*$K$13 -> 190.98828 | G16: =G5*0.453592*$K$13 -> 190.58193 | H16: =H5*0.453592*$K$13 -> 0 | I16: =I5*0.453592*$K$13 -> 32.102286 | J16: =SUM(B16:I16) -> 1920.8545 | M16: Cable/Wire | N16: F3 | O16: =O6 -> 0.0087912088 | P16: =P6 -> 0.0007992008 | Q16: =Q6 -> 0.0053804766 | R16: =R6 -> 0.0031289111 | S16: =S6 -> 0.4694617 | T16: =T6 -> 0.0084286574 | U16: =U6 -> 0.00020132877 | V16: =V6 -> 0.0072780204
A17: Cable/Wire | B17: =B6*0.453592*$K$13 -> 11.378025 | C17: =C6*0.453592*$K$13 -> 1.6254322 | D17: =D6*0.453592*$K$13 -> 5.6890127 | E17: =E6*0.453592*$K$13 -> 2.0317902 | F17: =F6*0.453592*$K$13 -> 368.56675 | G17: =G6*0.453592*$K$13 -> 5.6890127 | H17: =H6*0.453592*$K$13 -> 0.40635805 | I17: =I6*0.453592*$K$13 -> 2.0317902 | J17: =SUM(B17:I17) -> 397.41817 | M17: Forgings and Powder | N17: F4 | O17: =O7+O8 -> 0 | P17: =P7+P8 -> 0.014585415 | Q17: =Q7+Q8 -> 0.054189085 | R17: =R7+R8 -> 0.01126408 | S17: =S7+S8 -> 0.00051759834 | T17: =T7+T8 -> 0.0060204696 | U17: =U7+U8 -> 0 | V17: =V7+V8 -> 0.15720524
A18: Forgings | B18: =B7*0.453592*$K$13 -> 0 | C18: =C7*0.453592*$K$13 -> 29.664138 | D18: =D7*0.453592*$K$13 -> 57.296485 | E18: =E7*0.453592*$K$13 -> 7.3144449 | F18: =F7*0.453592*$K$13 -> 0.40635805 | G18: =G7*0.453592*$K$13 -> 4.0635805 | H18: =H7*0.453592*$K$13 -> 0 | I18: =I7*0.453592*$K$13 -> 2.8445063 | J18: =SUM(B18:I18) -> 101.58951 | L18: =Raw!L47 -> 0.50010897 | M18: Die Casting | N18: SC1 | O18: =O$9*$L18 -> 0.0056527231 | P18: =P$9*$L18 -> 0.26279452 | Q18: =Q$9*$L18 -> 0.08207015 | R18: =R$9*$L18 -> 0.10797096 | S18: =S$9*$L18 -> 0.056689371 | T18: =T$9*$L18 -> 0.18005127 | U18: =U$9*$L18 -> 0 | V18: =V$9*$L18 -> 0.31302308
A19: Powders | B19: =B8*0.453592*$K$13 -> 0 | C19: =C8*0.453592*$K$13 -> 0 | D19: =D8*0.453592*$K$13 -> 0 | E19: =E8*0.453592*$K$13 -> 0 | F19: =F8*0.453592*$K$13 -> 0 | G19: =G8*0.453592*$K$13 -> 0 | H19: =H8*0.453592*$K$13 -> 0 | I19: =I8*0.453592*$K$13 -> 41.042163 | J19: =SUM(B19:I19) -> 41.042163 | L19: =Raw!L48 -> 0.34298863 | M19: Permanent Mold Castings | N19: SC2 | O19: =O$9*$L19 -> 0.0038767946 | P19: =P$9*$L19 -> 0.18023179 | Q19: =Q$9*$L19 -> 0.05628599 | R19: =R$9*$L19 -> 0.074049486 | S19: =S$9*$L19 -> 0.038879146 | T19: =T$9*$L19 -> 0.12348417 | U19: =U$9*$L19 -> 0 | V19: =V$9*$L19 -> 0.21467993
A20: Shape Castings | B20: =B9*0.453592*$K$13 -> 14.62889 | C20: =C9*0.453592*$K$13 -> 1068.7217 | D20: =D9*0.453592*$K$13 -> 173.51489 | E20: =E9*0.453592*$K$13 -> 140.19353 | F20: =F9*0.453592*$K$13 -> 88.992413 | G20: =G9*0.453592*$K$13 -> 243.00211 | H20: =H9*0.453592*$K$13 -> 0 | I20: =I9*0.453592*$K$13 -> 174.73396 | J20: =SUM(B20:I20) -> 1903.7875 | L20: =Raw!L49 -> 0.15690239 | M20: Sand Casting | N20: SC3 | O20: =O$9*$L20 -> 0.0017734651 | P20: =P$9*$L20 -> 0.082448211 | Q20: =Q$9*$L20 -> 0.025748395 | R20: =R$9*$L20 -> 0.033874422 | S20: =S$9*$L20 -> 0.01778552 | T20: =T$9*$L20 -> 0.056488641 | U20: =U$9*$L20 -> 0 | V20: =V$9*$L20 -> 0.098206739
A21: =A10 -> Total | B21: =SUM(B14:B20) -> 1294.2504 | C21: =SUM(C14:C20) -> 2033.822 | D21: =SUM(D14:D20) -> 1057.3436 | E21: =SUM(E14:E20) -> 649.36016 | F21: =SUM(F14:F20) -> 785.08375 | G21: =SUM(G14:G20) -> 674.96072 | H21: =SUM(H14:H20) -> 2018.3804 | I21: =SUM(I14:I20) -> 279.16798 | J21: =SUM(B21:I21) -> 8792.3691 | O21: =SUM(O14:O20) -> 1 | P21: =SUM(P14:P20) -> 1 | Q21: =SUM(Q14:Q20) -> 1 | R21: =SUM(R14:R20) -> 1 | S21: =SUM(S14:S20) -> 1 | T21: =SUM(T14:T20) -> 1 | U21: =SUM(U14:U20) -> 1 | V21: =SUM(V14:V20) -> 1
A24: Table S9: Yield efficiencies of Fabrication | B24: =B2 -> Construction | C24: =C2 -> Trans. Auto | D24: =D2 -> Trans. Other | E24: =E2 -> Durables | F24: =F2 -> Electrical | G24: =G2 -> Machinery | H24: =H2 -> Container | I24: =I2 -> Other | O24: =O2 -> Construction | P24: =P2 -> Trans. Auto | Q24: =Q2 -> Trans. Other | R24: =R2 -> Durables | S24: =S2 -> Electrical | T24: =T2 -> Machinery | U24: =U2 -> Container | V24: =V2 -> Other
A25: =A14 -> Sheet | B25: =5/6 -> 0.83333333 | C25: =0.657894736842105 -> 0.65789474 | D25: 0.65789474 | E25: 0.76923077 | F25: 0.76923077 | G25: 0.76923077 | H25: 0.82644628 | I25: 0.76923077 | M25: Yield efficiencies | N25: Process | O25: P1 | P25: P2 | Q25: P3 | R25: P4 | S25: P5 | T25: P6 | U25: P7 | V25: P8
A26: =A15 -> Foil | B26: =10/11 -> 0.90909091 | C26: =5/6 -> 0.83333333 | D26: =5/6 -> 0.83333333 | E26: =5/6 -> 0.83333333 | F26: =5/6 -> 0.83333333 | G26: =5/6 -> 0.83333333 | H26: =10/11 -> 0.90909091 | I26: =5/6 -> 0.83333333 | M26: Sheet and Foil | N26: F1 | O26: =(B14*B25+B15*B26)/(B14+B15) -> 0.83566057 | P26: =(C14*C25+C15*C26)/(C14+C15) -> 0.66475546 | Q26: =(D14*D25+D15*D26)/(D14+D15) -> 0.66028572 | R26: =(E14*E25+E15*E26)/(E14+E15) -> 0.79068275 | S26: =(F14*F25+F15*F26)/(F14+F15) -> 0.77133563 | T26: =(G14*G25+G15*G26)/(G14+G15) -> 0.76979307 | U26: =(H14*H25+H15*H26)/(H14+H15) -> 0.84215642 | V26: =(I14*I25+I15*I26)/(I14+I15) -> 0.77120316
A27: =A16 -> Extrusions | B27: 0.95057034 | C27: =B27 -> 0.95057034 | D27: =C27 -> 0.95057034 | E27: =D27 -> 0.95057034 | F27: =E27 -> 0.95057034 | G27: =F27 -> 0.95057034 | H27: =G27 -> 0.95057034 | I27: =H27 -> 0.95057034 | M27: Extrusions | N27: F2 | O27: =B27 -> 0.95057034 | P27: =C27 -> 0.95057034 | Q27: =D27 -> 0.95057034 | R27: =E27 -> 0.95057034 | S27: =F27 -> 0.95057034 | T27: =G27 -> 0.95057034 | U27: =H27 -> 0.95057034 | V27: =I27 -> 0.95057034
A28: =A17 -> Cable/Wire | B28: =B27 -> 0.95057034 | C28: =C27 -> 0.95057034 | D28: =D27 -> 0.95057034 | E28: =E27 -> 0.95057034 | F28: =F27 -> 0.95057034 | G28: =G27 -> 0.95057034 | H28: =H27 -> 0.95057034 | I28: =I27 -> 0.95057034 | M28: Cable/Wire | N28: F3 | O28: =B28 -> 0.95057034 | P28: =C28 -> 0.95057034 | Q28: =D28 -> 0.95057034 | R28: =E28 -> 0.95057034 | S28: =F28 -> 0.95057034 | T28: =G28 -> 0.95057034 | U28: =H28 -> 0.95057034 | V28: =I28 -> 0.95057034
A29: =A18 -> Forgings | B29: =B28 -> 0.95057034 | C29: =C28 -> 0.95057034 | D29: =D28 -> 0.95057034 | E29: =E28 -> 0.95057034 | F29: =F28 -> 0.95057034 | G29: =G28 -> 0.95057034 | H29: =H28 -> 0.95057034 | I29: =I28 -> 0.95057034 | M29: Forgings and Powder | N29: F4 | O29: =IF(B18+B19>0,(B18*B29+B19*B30)/(B18+B19),0) -> 0 | P29: =IF(C18+C19>0,(C18*C29+C19*C30)/(C18+C19),0) -> 0.95057034 | Q29: =IF(D18+D19>0,(D18*D29+D19*D30)/(D18+D19),0) -> 0.95057034 | R29: =IF(E18+E19>0,(E18*E29+E19*E30)/(E18+E19),0) -> 0.95057034 | S29: =IF(F18+F19>0,(F18*F29+F19*F30)/(F18+F19),0) -> 0.95057034 | T29: =IF(G18+G19>0,(G18*G29+G19*G30)/(G18+G19),0) -> 0.95057034 | U29: =IF(H18+H19>0,(H18*H29+H19*H30)/(H18+H19),0) -> 0 | V29: =IF(I18+I19>0,(I18*I29+I19*I30)/(I18+I19),0) -> 0.99679623
A30: =A19 -> Powders | B30: =B31 -> 1 | C30: =C31 -> 1 | D30: =D31 -> 1 | E30: =E31 -> 1 | F30: =F31 -> 1 | G30: =G31 -> 1 | H30: =H31 -> 1 | I30: =I31 -> 1 | M30: Die Casting | N30: SC1 | O30: =B31 -> 1 | P30: =C31 -> 1 | Q30: =D31 -> 1 | R30: =E31 -> 1 | S30: =F31 -> 1 | T30: =G31 -> 1 | U30: =H31 -> 1 | V30: =I31 -> 1
A31: =A20 -> Shape Castings | B31: 1 | C31: =B31 -> 1 | D31: =C31 -> 1 | E31: =D31 -> 1 | F31: =E31 -> 1 | G31: =F31 -> 1 | H31: =G31 -> 1 | I31: =H31 -> 1 | M31: Permanent Mold Castings | N31: SC2 | O31: =B31 -> 1 | P31: =C31 -> 1 | Q31: =D31 -> 1 | R31: =E31 -> 1 | S31: =F31 -> 1 | T31: =G31 -> 1 | U31: =H31 -> 1 | V31: =I31 -> 1
A32: Aggregate | B32: =B38 -> 0.90650004 | C32: =C38 -> 0.87432486 | D32: =D38 -> 0.82770805 | E32: =E38 -> 0.88530035 | F32: =F38 -> 0.92509491 | G32: =G38 -> 0.90632946 | H32: =H38 -> 0.84217824 | I32: =I38 -> 0.9718051 | M32: Sand Casting | N32: SC3 | O32: =B31 -> 1 | P32: =C31 -> 1 | Q32: =D31 -> 1 | R32: =E31 -> 1 | S32: =F31 -> 1 | T32: =G31 -> 1 | U32: =H31 -> 1 | V32: =I31 -> 1
M33: Aggregate | O33: =SUMPRODUCT(O14:O20,O26:O32) -> 0.90650004 | P33: =SUMPRODUCT(P14:P20,P26:P32) -> 0.87432486 | Q33: =SUMPRODUCT(Q14:Q20,Q26:Q32) -> 0.82770805 | R33: =SUMPRODUCT(R14:R20,R26:R32) -> 0.88530035 | S33: =SUMPRODUCT(S14:S20,S26:S32) -> 0.92509491 | T33: =SUMPRODUCT(T14:T20,T26:T32) -> 0.90632946 | U33: =SUMPRODUCT(U14:U20,U26:U32) -> 0.84217824 | V33: =SUMPRODUCT(V14:V20,V26:V32) -> 0.9718051
O34: =(O33-B38)<0.000001 -> TRUE | P34: =(P33-C38)<0.000001 -> TRUE | Q34: =(Q33-D38)<0.000001 -> TRUE | R34: =(R33-E38)<0.000001 -> TRUE | S34: =(S33-F38)<0.000001 -> TRUE | T34: =(T33-G38)<0.000001 -> TRUE | U34: =(U33-H38)<0.000001 -> TRUE | V34: =(V33-I38)<0.000001 -> TRUE
A35: Fabrication | B35: =B13 -> Construction | C35: =C13 -> Trans. Auto | D35: =D13 -> Trans. Other | E35: =E13 -> Durables | F35: =F13 -> Electrical | G35: =G13 -> Machinery | H35: =H13 -> Container | I35: =I13 -> Other
A36: Semi received | B36: =B21 -> 1294.2504 | C36: =C21 -> 2033.822 | D36: =D21 -> 1057.3436 | E36: =E21 -> 649.36016 | F36: =F21 -> 785.08375 | G36: =G21 -> 674.96072 | H36: =H21 -> 2018.3804 | I36: =I21 -> 279.16798
A37: Product fabricated | B37: =SUMPRODUCT(B14:B20,B25:B31) -> 1173.238 | C37: =SUMPRODUCT(C14:C20,C25:C31) -> 1778.2212 | D37: =SUMPRODUCT(D14:D20,D25:D31) -> 875.17185 | E37: =SUMPRODUCT(E14:E20,E25:E31) -> 574.87878 | F37: =SUMPRODUCT(F14:F20,F25:F31) -> 726.27698 | G37: =SUMPRODUCT(G14:G20,G25:G31) -> 611.73678 | H37: =SUMPRODUCT(H14:H20,H25:H31) -> 1699.8361 | I37: =SUMPRODUCT(I14:I20,I25:I31) -> 271.29687 | M37: kg-out/kg-in | N37: Process | O37: P1 | P37: P2 | Q37: P3 | R37: P4 | S37: P5 | T37: P6 | U37: P7 | V37: P8
A38: Aggregate yield% | B38: =B37/B36 -> 0.90650004 | C38: =C37/C36 -> 0.87432486 | D38: =D37/D36 -> 0.82770805 | E38: =E37/E36 -> 0.88530035 | F38: =F37/F36 -> 0.92509491 | G38: =G37/G36 -> 0.90632946 | H38: =H37/H36 -> 0.84217824 | I38: =I37/I36 -> 0.9718051 | N38: F1 | O38: =O14*O26 -> 0.3245564 | P38: =P14*P26 -> 0.23774471 | Q38: =Q14*Q26 -> 0.29791523 | R38: =R14*R26 -> 0.37554957 | S38: =S14*S26 -> 0.13374608 | T38: =T14*T26 -> 0.2641674 | U38: =U14*U26 -> 0.84198687 | V38: =V14*V26 -> 0.07296682
N39: F2 | O39: =O15*O27 -> 0.562284 | P39: =P15*P27 -> 0.096481465 | Q39: =Q15*Q27 -> 0.30906322 | R39: =R15*R27 -> 0.28017436 | S39: =S15*S27 -> 0.23124641 | T39: =T15*T27 -> 0.26840306 | U39: =U15*U27 -> 0 | V39: =V15*V27 -> 0.10930867
A40: This section is for estimating fabricating yield efficiencies, not for presenting product fabrication (refer to "Display") | N40: F3 | O40: =O16*O28 -> 0.0083566623 | P40: =P16*P28 -> 0.00075969658 | Q40: =Q16*Q28 -> 0.0051145214 | R40: =R16*R28 -> 0.0029742501 | S40: =S16*S28 -> 0.44625637 | T40: =T16*T28 -> 0.0080120318 | U40: =U16*U28 -> 0.00019137716 | V40: =V16*V28 -> 0.0069182703
N41: F4 | O41: =O17*O29 -> 0 | P41: =P17*P29 -> 0.013864463 | Q41: =Q17*Q29 -> 0.051510537 | R41: =R17*R29 -> 0.0107073 | S41: =S17*S29 -> 0.00049201363 | T41: =T17*T29 -> 0.0057228798 | U41: =U17*U29 -> 0 | V41: =V17*V29 -> 0.15670159
A42: Table S11 Scrap originated from | B42: =B2 -> Construction | C42: =C2 -> Trans. Auto | D42: =D2 -> Trans. Other | E42: =E2 -> Durables | F42: =F2 -> Electrical | G42: =G2 -> Machinery | H42: =H2 -> Container | I42: =I2 -> Other | N42: SC1 | O42: =O18*O30 -> 0.0056527231 | P42: =P18*P30 -> 0.26279452 | Q42: =Q18*Q30 -> 0.08207015 | R42: =R18*R30 -> 0.10797096 | S42: =S18*S30 -> 0.056689371 | T42: =T18*T30 -> 0.18005127 | U42: =U18*U30 -> 0 | V42: =V18*V30 -> 0.31302308
A43: =A3 -> Sheet | B43: =B14*(1-B25) -> 81.203883 | C43: =C14*(1-C25) -> 239.10963 | D43: =D14*(1-D25) -> 160.98195 | E43: =E14*(1-E25) -> 47.356342 | F43: =F14*(1-F25) -> 30.383079 | G43: =G14*(1-G25) -> 52.982838 | H43: =H14*(1-H25) -> 283.65135 | I43: =I14*(1-I25) -> 5.9078209 | N43: SC2 | O43: =O19*O31 -> 0.0038767946 | P43: =P19*P31 -> 0.18023179 | Q43: =Q19*Q31 -> 0.05628599 | R43: =R19*R31 -> 0.074049486 | S43: =S19*S31 -> 0.038879146 | T43: =T19*T31 -> 0.12348417 | U43: =U19*U31 -> 0 | V43: =V19*V31 -> 0.21467993
A44: =A4 -> Foil | B44: =B15*(1-B26) -> 1.4037824 | C44: =C15*(1-C26) -> 4.7408439 | D44: =D15*(1-D26) -> 1.0836215 | E44: =E15*(1-E26) -> 17.202491 | F44: =F15*(1-F26) -> 0.74498976 | G44: =G15*(1-G26) -> 0.33863171 | H44: =H15*(1-H26) -> 34.872909 | I44: =I15*(1-I26) -> 0.13545268 | N44: SC3 | O44: =O20*O32 -> 0.0017734651 | P44: =P20*P32 -> 0.082448211 | Q44: =Q20*Q32 -> 0.025748395 | R44: =R20*R32 -> 0.033874422 | S44: =S20*S32 -> 0.01778552 | T44: =T20*T32 -> 0.056488641 | U44: =U20*U32 -> 0 | V44: =V20*V32 -> 0.098206739
A45: =A5 -> Extrusions | B45: =B16*(1-B27) -> 37.842286 | C45: =C16*(1-C27) -> 10.203759 | D45: =D16*(1-D27) -> 16.992874 | E45: =E16*(1-E27) -> 9.4605716 | F45: =F16*(1-F27) -> 9.4404855 | G45: =G16*(1-G27) -> 9.4203993 | H45: =H16*(1-H27) -> 0 | I45: =I16*(1-I27) -> 1.586805 | O45: =SUM(O38:O44) -> 0.90650004 | P45: =SUM(P38:P44) -> 0.87432486 | Q45: =SUM(Q38:Q44) -> 0.82770805 | R45: =SUM(R38:R44) -> 0.88530035 | S45: =SUM(S38:S44) -> 0.92509491 | T45: =SUM(T38:T44) -> 0.90632946 | U45: =SUM(U38:U44) -> 0.84217824 | V45: =SUM(V38:V44) -> 0.9718051
A46: =A6 -> Cable/Wire | B46: =B17*(1-B28) -> 0.5624119 | C46: =C17*(1-C28) -> 0.080344557 | D46: =D17*(1-D28) -> 0.28120595 | E46: =E17*(1-E28) -> 0.1004307 | F46: =F17*(1-F28) -> 18.218128 | G46: =G17*(1-G28) -> 0.28120595 | H46: =H17*(1-H28) -> 0.020086139 | I46: =I17*(1-I28) -> 0.1004307
A47: =A7 -> Forgings | B47: =B18*(1-B29) -> 0 | C47: =C18*(1-C29) -> 1.4662882 | D47: =D18*(1-D29) -> 2.8321456 | E47: =E18*(1-E29) -> 0.36155051 | F47: =F18*(1-F29) -> 0.020086139 | G47: =G18*(1-G29) -> 0.20086139 | H47: =H18*(1-H29) -> 0 | I47: =I18*(1-I29) -> 0.14060298
A48: =A8 -> Powders | B48: =B19*(1-B30) -> 0 | C48: =C19*(1-C30) -> 0 | D48: =D19*(1-D30) -> 0 | E48: =E19*(1-E30) -> 0 | F48: =F19*(1-F30) -> 0 | G48: =G19*(1-G30) -> 0 | H48: =H19*(1-H30) -> 0 | I48: =I19*(1-I30) -> 0 | M48: kg-in/kg-out | N48: Process | O48: P1 | P48: P2 | Q48: P3 | R48: P4 | S48: P5 | T48: P6 | U48: P7 | V48: P8
A49: =A9 -> Shape Castings | B49: =B20*(1-B31) -> 0 | C49: =C20*(1-C31) -> 0 | D49: =D20*(1-D31) -> 0 | E49: =E20*(1-E31) -> 0 | F49: =F20*(1-F31) -> 0 | G49: =G20*(1-G31) -> 0 | H49: =H20*(1-H31) -> 0 | I49: =I20*(1-I31) -> 0 | N49: F1 | O49: =O14/O$45 -> 0.42844239 | P49: =P14/P$45 -> 0.40904974 | Q49: =Q14/Q$45 -> 0.54510934 | R49: =R14/R$45 -> 0.53650573 | S49: =S14/S$45 -> 0.1874353 | T49: =T14/T$45 -> 0.37863358 | U49: =U14/U$45 -> 1.187158 | V49: =V14/V$45 -> 0.0973593
A50: Total | B50: =SUM(B43:B49) -> 121.01236 | C50: =SUM(C43:C49) -> 255.60087 | D50: =SUM(D43:D49) -> 182.1718 | E50: =SUM(E43:E49) -> 74.481385 | F50: =SUM(F43:F49) -> 58.806768 | G50: =SUM(G43:G49) -> 63.223936 | H50: =SUM(H43:H49) -> 318.54435 | I50: =SUM(I43:I49) -> 7.8711122 | J50: =SUM(B50:I50) -> 1081.7126 | N50: F2 | O50: =O15/O$45 -> 0.65253474 | P50: =P15/P$45 -> 0.11608786 | Q50: =Q15/Q$45 -> 0.39281303 | R50: =R15/R$45 -> 0.33293043 | S50: =S15/S$45 -> 0.26296893 | T50: =T15/T$45 -> 0.31154237 | U50: =U15/U$45 -> 0 | V50: =V15/V$45 -> 0.118329
N51: F3 | O51: =O16/O$45 -> 0.0096979685 | P51: =P16/P$45 -> 0.00091407763 | Q51: =Q16/Q$45 -> 0.0065004521 | R51: =R16/R$45 -> 0.0035342934 | S51: =S16/S$45 -> 0.50747409 | T51: =T16/T$45 -> 0.0092997721 | U51: =U16/U$45 -> 0.0002390572 | V51: =V16/V$45 -> 0.0074891769
N52: F4 | O52: =O17/O$45 -> 0 | P52: =P17/P$45 -> 0.016681917 | Q52: =Q17/Q$45 -> 0.065468839 | R52: =R17/R$45 -> 0.012723456 | S52: =S17/S$45 -> 0.00055950837 | T52: =T17/T$45 -> 0.0066426944 | U52: =U17/U$45 -> 0 | V52: =V17/V$45 -> 0.16176622
N53: SC1 | O53: =O18/O$45 -> 0.006235767 | P53: =P18/P$45 -> 0.30056851 | Q53: =Q18/Q$45 -> 0.0991535 | R53: =R18/R$45 -> 0.1219597 | S53: =S18/S$45 -> 0.061279519 | T53: =T18/T$45 -> 0.19865985 | U53: =U18/U$45 -> 0 | V53: =V18/V$45 -> 0.32210479
N54: SC2 | O54: =O19/O$45 -> 0.0042766624 | P54: =P19/P$45 -> 0.20613824 | Q54: =Q19/Q$45 -> 0.068002227 | R54: =R19/R$45 -> 0.083643349 | S54: =S19/S$45 -> 0.042027197 | T54: =T19/T$45 -> 0.13624645 | U54: =U19/U$45 -> 0 | V54: =V19/V$45 -> 0.22090842
N55: SC3 | O55: =O20/O$45 -> 0.0019563872 | P55: =P20/P$45 -> 0.094299287 | Q55: =Q20/Q$45 -> 0.031108063 | R55: =R20/R$45 -> 0.038263197 | S55: =S20/S$45 -> 0.019225616 | T55: =T20/T$45 -> 0.062326828 | U55: =U20/U$45 -> 0 | V55: =V20/V$45 -> 0.101056
O56: =SUM(O49:O55) -> 1.1031439 | P56: =SUM(P49:P55) -> 1.1437396 | Q56: =SUM(Q49:Q55) -> 1.2081555 | R56: =SUM(R49:R55) -> 1.1295602 | S56: =SUM(S49:S55) -> 1.0809702 | T56: =SUM(T49:T55) -> 1.1033515 | U56: =SUM(U49:U55) -> 1.1873971 | V56: =SUM(V49:V55) -> 1.0290129
O57: =1/O56 -> 0.90650004 | P57: =1/P56 -> 0.87432486 | Q57: =1/Q56 -> 0.82770805 | R57: =1/R56 -> 0.88530035 | S57: =1/S56 -> 0.92509491 | T57: =1/T56 -> 0.90632946 | U57: =1/U56 -> 0.84217824 | V57: =1/V56 -> 0.9718051

Sheet end_use
A1: idx | B1: category | C1: life | D1: std | E1: collect_rate | F1: recyclable | G1: recyc_rate | H1: Available | I1: Collected | J1: semi_DtD | K1: semi_import | L1: semi_inflow | M1: dom_fabricated | N1: import | O1: export | P1: dom_consumed | Q1: efficiency | R1: lambda | S1: Growth/year | T1: color
A2: P1 | B2: B&C | C2: 70 | D2: 23 | E2: 0.95 | F2: 1 | G2: =I2/H2 -> 0.95 | H2: 262.24073 | I2: =H2*E2 -> 249.12869 | J2: =Raw!P24 -> 1119.6016 | K2: =L2-J2 -> 174.64875 | L2: {=TRANSPOSE(Raw!P42:W42)} -> 1294.2504 | M2: =L2*Q2 -> 1173.238 | N2: 286.68855 | O2: 38.769757 | P2: =M2+N2-O2 -> 1421.1568 | Q2: {=TRANSPOSE(downstream!O33:V33)} -> 0.90650004 | R2: =S2/P2 -> -0.0054832298 | S2: -7.7925293 | T2: slateblue
A3: P2 | B3: Auto | C3: 16 | D3: 5 | E3: 0.95 | F3: 1 | G3: =I3/H3 -> 0.95 | H3: 1413.8677 | I3: =H3*E3 -> 1343.1743 | J3: =Raw!Q24 -> 1759.374 | K3: =L3-J3 -> 274.44804 | L3: 2033.822 | M3: =L3*Q3 -> 1778.2212 | N3: 477.63228 | O3: 580.23903 | P3: =M3+N3-O3 -> 1675.6144 | Q3: 0.87432486 | R3: =S3/P3 -> 0.017890499 | S3: 29.977578 | T3: blue
A4: P3 | B4: Transp. | C4: 35 | D4: 10 | E4: 0.95 | F4: 1 | G4: =I4/H4 -> 0.95 | H4: 524.78957 | I4: =H4*E4 -> 498.55009 | J4: =Raw!R24 -> 914.66356 | K4: =L4-J4 -> 142.68008 | L4: 1057.3436 | M4: =L4*Q4 -> 875.17185 | N4: 203.78376 | O4: 186.99253 | P4: =M4+N4-O4 -> 891.96308 | Q4: 0.82770805 | R4: =S4/P4 -> 0.019421496 | S4: 17.323257 | T4: navy
A5: P4 | B5: Cons. Dur. | C5: 20 | D5: 6 | E5: 0.95 | F5: 1 | G5: =I5/H5 -> 0.95 | H5: 885.04114 | I5: =H5*E5 -> 840.78908 | J5: =Raw!S24 -> 561.73419 | K5: =L5-J5 -> 87.625968 | L5: 649.36016 | M5: =L5*Q5 -> 574.87878 | N5: 975.85845 | O5: 126.03786 | P5: =M5+N5-O5 -> 1424.6994 | Q5: 0.88530035 | R5: =S5/P5 -> 0.014834749 | S5: 21.135057 | T5: skyblue
A6: P5 | B6: Electrical | C6: 50 | D6: 16 | E6: 0.95 | F6: 1 | G6: =I6/H6 -> 0.95 | H6: 348.47076 | I6: =H6*E6 -> 331.04723 | J6: =Raw!T24 -> 679.14297 | K6: =L6-J6 -> 105.94078 | L6: 785.08375 | M6: =L6*Q6 -> 726.27698 | N6: 406.9013 | O6: 205.8587 | P6: =M6+N6-O6 -> 927.31958 | Q6: 0.92509491 | R6: =S6/P6 -> 0.018814211 | S6: 17.446786 | T6: blueviolet
A7: P6 | B7: M&E | C7: 40 | D7: 13 | E7: 0.95 | F7: 1 | G7: =I7/H7 -> 0.95 | H7: 264.14836 | I7: =H7*E7 -> 250.94094 | J7: =Raw!U24 -> 583.88016 | K7: =L7-J7 -> 91.080559 | L7: 674.96072 | M7: =L7*Q7 -> 611.73678 | N7: 194.71806 | O7: 97.259921 | P7: =M7+N7-O7 -> 709.19492 | Q7: 0.90632946 | R7: =S7/P7 -> 0.019298416 | S7: 13.686339 | T7: steelblue
A8: P7 | B8: Cont. & Pack. | C8: 1 | D8: 0 | E8: 0.366 | F8: 1 | G8: =I8/H8 -> 0.366 | H8: 1699.8356 | I8: =H8*E8 -> 622.13984 | J8: =Raw!V24 -> 1746.0161 | K8: =L8-J8 -> 272.36432 | L8: 2018.3804 | M8: =L8*Q8 -> 1699.8361 | N8: 0 | O8: 0 | P8: =M8+N8-O8 -> 1699.8361 | Q8: 0.84217824 | R8: =S8/P8 -> 3.3747386e-06 | S8: 0.0057365025 | T8: royalblue
A9: P8 | B9: Other | C9: 35 | D9: 10 | E9: 0.95 | F9: 1 | G9: =I9/H9 -> 0.95 | H9: 261.68704 | I9: =H9*E9 -> 248.60269 | J9: =Raw!W24 -> 241.49649 | K9: =L9-J9 -> 37.67149 | L9: 279.16798 | M9: =L9*Q9 -> 271.29687 | N9: 0 | O9: 0 | P9: =M9+N9-O9 -> 271.29687 | Q9: 0.9718051 | R9: =S9/P9 -> -0.0058497826 | S9: -1.5870277 | T9: slategrey
H10: =SUM(H2:H9) -> 5660.0809 | I10: =SUM(I2:I9) -> 4384.3729 | J10: =SUM(J2:J9) -> 7605.9091 | K10: =SUM(K2:K9) -> 1186.46 | L10: =SUM(L2:L9) -> 8792.3691 | M10: =SUM(M2:M9) -> 7710.6565 | N10: =SUM(N2:N9) -> 2545.5824 | O10: =SUM(O2:O9) -> 1235.1578 | P10: =SUM(P2:P9) -> 9021.0811
L11: =J10+K10 -> 8792.3691 | R11: Average growth rate
R12: =SUMPRODUCT(P2:P9,R2:R9)/P10 -> 0.0099982691
R13: Average age
R14: =SUMPRODUCT(C2:C9,P2:P9)/P10 -> 30.144115

Sheet Process
A1: Label | B1: Process | C1: Stage | D1: Output | E1: CF Ref | F1: Input | G1: CF_Import | H1: Display | I1: MJ_per_kg | J1: NG_ratio | K1: ele_ratio | L1: clean_grid_ratio | M1: CO2_per_MJ | N1: CF_energy | O1: CF_process | P1: CF (kgCO2/kg-in) | Q1: Efficiency | R1: waste_per_value | S1: CF (kgCO2/kg-out)
A2: M | B2: Bayer Process | C2: Source | D2: Alumina | E2: 1.447 | F2: Bauxite | G2: 0.045 | H2: Alumina | I2: 15.81 | J2: 0.97 | K2: =1-J2 -> 0.03 | L2: =$J$30 -> 0.40353852 | M2: =J2*I$28+K2*(1-L2)*I$29+K2*L2*I$30 -> 0.070596468 | N2: =I2*M2 -> 1.1161302 | O2: 0.331 | P2: =N2+O2 -> 1.4471302 | Q2: =Raw!AD2 -> 0.94791722 | R2: =Raw!AA2/SUM(Raw!$X$24:$Z$24) -> 0.0034482831 | S2: =P2/Q2 -> 1.5266419
A3: EoL | B3: EoL Scrap Processing | C3: Source | D3: Scrap | E3: 0 | F3: Scrap | G3: 0 | H3: External Scrap | I3: =I5/10 -> 0.597265 | J3: 0 | K3: =1-J3 -> 1 | L3: =$J$30 -> 0.40353852 | M3: =J3*I$28+K3*(1-L3)*I$29+K3*L3*I$30 -> 0.12221559 | N3: =I3*M3 -> 0.072995097 | O3: 0 | P3: =N3+O3 -> 0.072995097 | Q3: =Raw!AD3 -> 1 | R3: =Raw!AA3/SUM(Raw!$X$24:$Z$24) -> 0 | S3: =P3/Q3 -> 0.072995097
A4: E | B4: Electrolysis | C4: Processing | D4: Aluminum_primary | E4: =I35 -> 5.4091196 | F4: Alumina | G4: 3.827 | H4: Primary Metal | I4: 53.85 | J4: 0 | K4: =1-J4 -> 1 | L4: =I41 -> 0.68215492 | M4: =J4*I$28+K4*(1-L4)*I$29+K4*L4*I$30 -> 0.067981392 | N4: =I4*M4 -> 3.6607979 | O4: =E4-N4 -> 1.7483216 | P4: =N4+O4 -> 5.4091196 | Q4: =Raw!AD4 -> 0.98533588 | R4: =Raw!AA4/SUM(Raw!$X$24:$Z$24) -> 0.0013706771 | S4: =P4/Q4 -> 5.48962
A5: R1 | B5: Remelting | C5: Processing | D5: Aluminum_secondary | E5: =I47*Q5 -> 0.3905355 | F5: Primary Metal | G5: 10.845 | H5: Remelted Metal | I5: =6.287*upstream!Y20 -> 5.97265 | J5: 0.923 | K5: =1-J5 -> 0.077 | L5: =$J$30 -> 0.40353852 | M5: =J5*I$28+K5*(1-L5)*I$29+K5*L5*I$30 -> 0.073097601 | N5: =I5*M5 -> 0.43658639 | O5: 0 | P5: =N5+O5 -> 0.43658639 | Q5: =Raw!AD5 -> 0.95 | R5: =Raw!AA5/SUM(Raw!$X$24:$Z$24) -> 0.031062338 | S5: =P5/Q5 -> 0.45956462
A6: R2 | B6: Refining | C6: Processing | D6: Aluminum_secondary | E6: =I47*Q6 -> 0.3905355 | F6: Primary Metal | G6: =G5 -> 10.845 | H6: Recycled Metal | I6: =6.287*upstream!Y32 -> 5.97265 | J6: 0.923 | K6: =1-J6 -> 0.077 | L6: =$J$30 -> 0.40353852 | M6: =J6*I$28+K6*(1-L6)*I$29+K6*L6*I$30 -> 0.073097601 | N6: =I6*M6 -> 0.43658639 | O6: 0 | P6: =N6+O6 -> 0.43658639 | Q6: =Raw!AD6 -> 0.95 | R6: =Raw!AA6/SUM(Raw!$X$24:$Z$24) -> 0.0095771525 | S6: =P6/Q6 -> 0.45956462
A7: C1 | B7: Wrought Ingot Casting | C7: Casting | D7: Wrought_ingot | E7: =I46*Q7 -> 0.11562 | F7: Primary Metal | G7: =G5 -> 10.845 | H7: Wrought Alloys | I7: 1.18 | J7: =0.839 -> 0.839 | K7: =1-J7 -> 0.161 | L7: =$J$30 -> 0.40353852 | M7: =J7*I$28+K7*(1-L7)*I$29+K7*L7*I$30 -> 0.077567711 | N7: =I7*M7 -> 0.091529899 | O7: 0 | P7: =N7+O7 -> 0.091529899 | Q7: =Raw!AD7 -> 1 | R7: =Raw!AA7/SUM(Raw!$X$24:$Z$24) -> 0 | S7: =P7/Q7 -> 0.091529899
A8: C2 | B8: Foundry Ingot Casting | C8: Casting | D8: Cast_ingot | E8: =I46*Q8 -> 0.11562 | F8: Primary Metal | G8: =G5 -> 10.845 | H8: Foundry Alloys | I8: 1.18 | J8: =0.839 -> 0.839 | K8: =1-J8 -> 0.161 | L8: =$J$30 -> 0.40353852 | M8: =J8*I$28+K8*(1-L8)*I$29+K8*L8*I$30 -> 0.077567711 | N8: =I8*M8 -> 0.091529899 | O8: 0 | P8: =N8+O8 -> 0.091529899 | Q8: =Raw!AD8 -> 1 | R8: =Raw!AA8/SUM(Raw!$X$24:$Z$24) -> 0 | S8: =P8/Q8 -> 0.091529899
A9: F1 | B9: Rolling | C9: Forming | D9: Sheets | E9: 0.41 | F9: Wrought Alloys | G9: 4.076 | H9: Sheets and Foils | I9: =4.245 -> 4.245 | J9: 0.482 | K9: =1-J9 -> 0.518 | L9: =$J$30 -> 0.40353852 | M9: =J9*I$28+K9*(1-L9)*I$29+K9*L9*I$30 -> 0.096565678 | N9: =I9*M9 -> 0.4099213 | O9: 0 | P9: =N9+O9 -> 0.4099213 | Q9: =Raw!AD9 -> 0.70768 | R9: =Raw!AA9/SUM(Raw!$X$24:$Z$24) -> 0 | S9: =P9/Q9 -> 0.5792467
A10: F2 | B10: Extrusion | C10: Forming | D10: Extrusions | E10: 0.555 | F10: =F9 -> Wrought Alloys | G10: =G9 -> 4.076 | H10: Extrusions | I10: 5.899 | J10: =0.527 -> 0.527 | K10: =1-J10 -> 0.473 | L10: =$J$30 -> 0.40353852 | M10: =J10*I$28+K10*(1-L10)*I$29+K10*L10*I$30 -> 0.094170976 | N10: =I10*M10 -> 0.55551459 | O10: 0 | P10: =N10+O10 -> 0.55551459 | Q10: =Raw!AD10 -> 0.73855 | R10: =Raw!AA10/SUM(Raw!$X$24:$Z$24) -> 0 | S10: =P10/Q10 -> 0.75216924
A11: F3 | B11: Wire Drawing | C11: Forming | D11: Cables | E11: =E10 -> 0.555 | F11: =F9 -> Wrought Alloys | G11: =G9 -> 4.076 | H11: Cables/Wires | I11: =I10 -> 5.899 | J11: =J10 -> 0.527 | K11: =1-J11 -> 0.473 | L11: =$J$30 -> 0.40353852 | M11: =J11*I$28+K11*(1-L11)*I$29+K11*L11*I$30 -> 0.094170976 | N11: =I11*M11 -> 0.55551459 | O11: 0 | P11: =N11+O11 -> 0.55551459 | Q11: =Raw!AD11 -> 0.73855 | R11: =Raw!AA11/SUM(Raw!$X$24:$Z$24) -> 0 | S11: =P11/Q11 -> 0.75216924
A12: F4 | B12: Forging and Powdering | C12: Forming | D12: Forgings | E12: =E9 -> 0.41 | F12: =F9 -> Wrought Alloys | G12: =G9 -> 4.076 | H12: Forgings and Powders | I12: =I9 -> 4.245 | J12: =J9 -> 0.482 | K12: =1-J12 -> 0.518 | L12: =$J$30 -> 0.40353852 | M12: =J12*I$28+K12*(1-L12)*I$29+K12*L12*I$30 -> 0.096565678 | N12: =I12*M12 -> 0.4099213 | O12: 0 | P12: =N12+O12 -> 0.4099213 | Q12: =Raw!AD12 -> 0.8 | R12: =Raw!AA12/SUM(Raw!$X$24:$Z$24) -> 0 | S12: =P12/Q12 -> 0.51240163
A13: SC1 | B13: Die Casting | C13: Forming | D13: Castings | E13: =677.23/1000 -> 0.67723 | F13: Foundry Alloys | G13: 2.29 | H13: Die Castings | I13: =5.16 -> 5.16 | J13: 0.648 | K13: =1-J13 -> 0.352 | L13: =$J$30 -> 0.40353852 | M13: =J13*I$28+K13*(1-L13)*I$29+K13*L13*I$30 -> 0.087731889 | N13: =I13*M13 -> 0.45269655 | O13: 0 | P13: =N13+O13 -> 0.45269655 | Q13: =Raw!AE13/Raw!AC13 -> 0.95684803 | R13: =Raw!AA13/SUM(Raw!$X$24:$Z$24) -> 0.0044894603 | S13: =P13/Q13 -> 0.47311228
A14: SC2 | B14: Permanent Mold Casting | C14: Forming | D14: Castings | E14: =E13 -> 0.67723 | F14: =F13 -> Foundry Alloys | G14: =G13 -> 2.29 | H14: Permanent Mold Castings | I14: =I13 -> 5.16 | J14: 0.648 | K14: =1-J14 -> 0.352 | L14: =$J$30 -> 0.40353852 | M14: =J14*I$28+K14*(1-L14)*I$29+K14*L14*I$30 -> 0.087731889 | N14: =I14*M14 -> 0.45269655 | O14: 0 | P14: =N14+O14 -> 0.45269655 | Q14: =Raw!AE14/Raw!AC14 -> 0.95684803 | R14: =Raw!AA14/SUM(Raw!$X$24:$Z$24) -> 0.0030789967 | S14: =P14/Q14 -> 0.47311228
A15: SC3 | B15: Sand Casting | C15: Forming | D15: Castings | E15: =E13 -> 0.67723 | F15: =F13 -> Foundry Alloys | G15: =G13 -> 2.29 | H15: Sand Castings | I15: =I13 -> 5.16 | J15: 0.648 | K15: =1-J15 -> 0.352 | L15: =$J$30 -> 0.40353852 | M15: =J15*I$28+K15*(1-L15)*I$29+K15*L15*I$30 -> 0.087731889 | N15: =I15*M15 -> 0.45269655 | O15: 0 | P15: =N15+O15 -> 0.45269655 | Q15: =Raw!AE15/Raw!AC15 -> 0.95684803 | R15: =Raw!AA15/SUM(Raw!$X$24:$Z$24) -> 0.0014085072 | S15: =P15/Q15 -> 0.47311228
A16: P1 | B16: Construction | C16: Fabrication | D16: Products | E16: 0.3 | F16: Semi | G16: 0 | H16: Construction | I16: =E16/M16 -> 2.4546786 | J16: 0 | K16: =1-J16 -> 1 | L16: =$J$30 -> 0.40353852 | M16: =J16*I$28+K16*(1-L16)*I$29+K16*L16*I$30 -> 0.12221559 | N16: =I16*M16 -> 0.3 | O16: 0 | P16: =N16+O16 -> 0.3 | Q16: =Raw!AD16 -> 0.90650004 | R16: =Raw!AA16/SUM(Raw!$X$24:$Z$24) -> 0 | S16: =P16/Q16 -> 0.33094317
A17: P2 | B17: Transportation (Auto) | C17: Fabrication | D17: Products | E17: 0.3 | F17: =F16 -> Semi | G17: 0 | H17: Transportation (Auto) | I17: =1.18+0.09+0.296+1.67 -> 3.236 | J17: =1.67/I17 -> 0.51606922 | K17: =1-J17 -> 0.48393078 | L17: =$J$30 -> 0.40353852 | M17: =J17*I$28+K17*(1-L17)*I$29+K17*L17*I$30 -> 0.094752664 | N17: =I17*M17 -> 0.30661962 | O17: 0 | P17: =N17+O17 -> 0.30661962 | Q17: =Raw!AD17 -> 0.87432486 | R17: =Raw!AA17/SUM(Raw!$X$24:$Z$24) -> 0 | S17: =P17/Q17 -> 0.35069301
A18: P3 | B18: Transportation (Other) | C18: Fabrication | D18: Products | E18: 0.3 | F18: =F16 -> Semi | G18: 0 | H18: Transportation (Other) | I18: =I17 -> 3.236 | J18: =J17 -> 0.51606922 | K18: =1-J18 -> 0.48393078 | L18: =$J$30 -> 0.40353852 | M18: =J18*I$28+K18*(1-L18)*I$29+K18*L18*I$30 -> 0.094752664 | N18: =I18*M18 -> 0.30661962 | O18: 0 | P18: =N18+O18 -> 0.30661962 | Q18: =Raw!AD18 -> 0.82770805 | R18: =Raw!AA18/SUM(Raw!$X$24:$Z$24) -> 0 | S18: =P18/Q18 -> 0.37044417
A19: P4 | B19: Durables | C19: Fabrication | D19: Products | E19: 0.3 | F19: =F16 -> Semi | G19: 0 | H19: Durables | I19: =E19/M19 -> 2.4546786 | J19: 0 | K19: =1-J19 -> 1 | L19: =$J$30 -> 0.40353852 | M19: =J19*I$28+K19*(1-L19)*I$29+K19*L19*I$30 -> 0.12221559 | N19: =I19*M19 -> 0.3 | O19: 0 | P19: =N19+O19 -> 0.3 | Q19: =Raw!AD19 -> 0.88530035 | R19: =Raw!AA19/SUM(Raw!$X$24:$Z$24) -> 0 | S19: =P19/Q19 -> 0.33886805
A20: P5 | B20: Electrical | C20: Fabrication | D20: Products | E20: 0.3 | F20: =F16 -> Semi | G20: 0 | H20: Electrical | I20: =E20/M20 -> 2.4546786 | J20: 0 | K20: =1-J20 -> 1 | L20: =$J$30 -> 0.40353852 | M20: =J20*I$28+K20*(1-L20)*I$29+K20*L20*I$30 -> 0.12221559 | N20: =I20*M20 -> 0.3 | O20: 0 | P20: =N20+O20 -> 0.3 | Q20: =Raw!AD20 -> 0.92509491 | R20: =Raw!AA20/SUM(Raw!$X$24:$Z$24) -> 0 | S20: =P20/Q20 -> 0.32429105
A21: P6 | B21: Machinery | C21: Fabrication | D21: Products | E21: 0.3 | F21: =F16 -> Semi | G21: 0 | H21: Machinery | I21: =E21/M21 -> 2.4546786 | J21: 0 | K21: =1-J21 -> 1 | L21: =$J$30 -> 0.40353852 | M21: =J21*I$28+K21*(1-L21)*I$29+K21*L21*I$30 -> 0.12221559 | N21: =I21*M21 -> 0.3 | O21: 0 | P21: =N21+O21 -> 0.3 | Q21: =Raw!AD21 -> 0.90632946 | R21: =Raw!AA21/SUM(Raw!$X$24:$Z$24) -> 0 | S21: =P21/Q21 -> 0.33100546
A22: P7 | B22: Container | C22: Fabrication | D22: Products | E22: 0.3 | F22: =F16 -> Semi | G22: 0 | H22: Containers | I22: 11.03 | J22: 0.382 | K22: =1-J22 -> 0.618 | L22: =$J$30 -> 0.40353852 | M22: =J22*I$28+K22*(1-L22)*I$29+K22*L22*I$30 -> 0.10188724 | N22: =I22*M22 -> 1.1238162 | O22: 0 | P22: =N22+O22 -> 1.1238162 | Q22: =Raw!AD22 -> 0.84217824 | R22: =Raw!AA22/SUM(Raw!$X$24:$Z$24) -> 0 | S22: =P22/Q22 -> 1.3344161
A23: P8 | B23: Other | C23: Fabrication | D23: Products | E23: 0.3 | F23: =F16 -> Semi | G23: 0 | H23: Other Products | I23: =E23/M23 -> 2.4546786 | J23: 0 | K23: =1-J23 -> 1 | L23: =$J$30 -> 0.40353852 | M23: =J23*I$28+K23*(1-L23)*I$29+K23*L23*I$30 -> 0.12221559 | N23: =I23*M23 -> 0.3 | O23: 0 | P23: =N23+O23 -> 0.3 | Q23: =Raw!AD23 -> 0.9718051 | R23: =Raw!AA23/SUM(Raw!$X$24:$Z$24) -> 0 | S23: =P23/Q23 -> 0.30870387
A24: Use | B24: In-Use Stock | C24: Sink | D24: Products | E24: 0 | F24: Products | G24: 0 | H24: Domestic Consumption | I24: 0 | J24: 0 | K24: 0 | L24: =$J$30 -> 0.40353852 | M24: =J24*I$28+K24*(1-L24)*I$29+K24*L24*I$30 -> 0 | N24: =I24*M24 -> 0 | O24: 0 | P24: =N24+O24 -> 0 | Q24: 1 | R24: 0 | S24: =P24/Q24 -> 0
A25: W | B25: Waste | C25: Sink | D25: Waste | E25: 0 | G25: 0 | H25: Loss | I25: 0 | J25: 0 | K25: 0 | L25: =$J$30 -> 0.40353852 | M25: =J25*I$28+K25*(1-L25)*I$29+K25*L25*I$30 -> 0 | N25: =I25*M25 -> 0 | O25: 0 | P25: =N25+O25 -> 0 | Q25: 1 | R25: =Raw!AA25/SUM(Raw!$X$24:$Z$24) -> 0 | S25: =P25/Q25 -> 0
H27: Carbon intensity (kgCO2eq/MJ-delivered)
H28: NG | I28: ='CF and cost'!D11/1000 -> 0.069
H29: Non-Renewable Electricity | I29: ='CF and cost'!D16/1000 -> 0.20076657 | J29: ='CF and cost'!D24 -> 0.59646148
H30: Renewable Electricity | I30: ='CF and cost'!D15/1000 -> 0.0061111111 | J30: ='CF and cost'!D25 -> 0.40353852
H31: 2023 Grid Electricity | I31: =I29*J29+I30*J30 -> 0.12221559
H33: Electrolysis
H34: kg CO2e/kg-out | I34: =5489.62/1000 -> 5.48962
G35: C_E | H35: kg CO2e/kg-in | I35: =I34*Q4 -> 5.4091196
H36: Anode Emission | I36: =1.481 -> 1.481 | J36: kg CO2e/kg-in
H37: PFC Emission | I37: =271.3/1000*Q4 -> 0.26732163 | J37: kg CO2e/kg-in
G38: C_E^Process | H38: Process Emission Intensity | I38: =I36+I37 -> 1.7483216 | J38: kg CO2e/kg-in
G39: epsilon_E | H39: Energy Intensity | I39: =I35-I38 -> 3.6607979 | J39: MJ-del/kg-in
G40: rho_E | H40: Carbon per MJ-del | I40: =I39/I4 -> 0.067981392 | J40: kg CO2/MJ-del
G41: omega_E^p | H41: Renewable electricity % | I41: =(I29-I40)/(I29-I30) -> 0.68215492
H42: Non-renewable electricity % | I42: =1-I41 -> 0.31784508
H44: Secondary production
H45: Total kgCO2e/kg-ingot | I45: =526.71/1000 -> 0.52671 | J45: Scrap processing, melting, and casting, dross recycling (AA report p110)
H46: Recasting kgCO2e/kg-ingot | I46: =115.62/1000 -> 0.11562 | J46: Ingot cast House (AA report, p104)
H47: Remelting/Refining CF | I47: =I45-I46 -> 0.41109 | J47: kgCO2e/kg-out

Sheet Parameters
A1: var | B1: value | C1: unit | E1: Reference | F1: year | G1: clean_grid_ratio | H1: CF_dirty | I1: gCO2_per_MJ_ele | K1: NREL | L1: year | M1: clean_grid_ratio | N1: CF_dirty | O1: gCO2_per_MJ_ele | Q1: Scenario A: Yield UpperboundS | R1: sector | S1: limit
A2: kgCO2_per_MJ_NG | B2: =69/1000 -> 0.069 | C2: kgCO2/MJ-Del | E2: Paste Special | F2: 2020 | G2: =G4 -> 0.40353852 | H2: =H4 -> 200.76657 | I2: =I4 -> 122.21559 | K2: Paste Special | L2: 2020 | M2: =M4 -> 0.40353852 | N2: =N4 -> 200.76657 | O2: =O4 -> 122.21559 | R2: F1 | S2: {='Scenario A'!D28:D31} -> 0.89
A3: kgCO2_per_MJ_ele_dirty | B3: =Process!I29 -> 0.20076657 | C3: kgCO2/MJ-Del | E3: value + transpose | F3: 2021 | G3: =G4 -> 0.40353852 | H3: =H4 -> 200.76657 | I3: =I4 -> 122.21559 | K3: value + transpose | L3: 2021 | M3: =M4 -> 0.40353852 | N3: =N4 -> 200.76657 | O3: =O4 -> 122.21559 | R3: F2 | S3: 0.89655984
A4: kgCO2_per_MJ_ele_clean | B4: =Process!I30 -> 0.0061111111 | C4: kgCO2/MJ-Del | F4: 2022 | G4: 0.40353852 | H4: 200.76657 | I4: 122.21559 | L4: 2022 | M4: 0.40353852 | N4: 200.76657 | O4: 122.21559 | R4: F3 | S4: 0.89655984
A5: kgCO2_per_MJ_H2_green | B5: =7.8/1000 -> 0.0078 | C5: kgCO2/MJ-Del | F5: 2023 | G5: 0.4313103 | H5: 201.24601 | I5: 117.08232 | L5: 2023 | M5: 0.45946261 | N5: 199.82704 | O5: 110.82181 | R5: F4 | S5: 0.9
A6: kgCO2_per_MJ_H2_blue | B6: =32.5/1000 -> 0.0325 | C6: kgCO2/MJ-Del | F6: 2024 | G6: 0.45056254 | H6: 208.12235 | I6: 117.10365 | L6: 2024 | M6: 0.5153867 | N6: 198.67066 | O6: 99.428032 | R6: P1 | S6: {=TRANSPOSE('Scenario A'!C24:J24)} -> 0.93148838
A7: price_H2_green | B7: ='CF and cost'!H7/100 -> 0.028 | C7: $/MJ-Del | F7: 2025 | G7: 0.48682997 | H7: 205.80956 | I7: 108.59037 | L7: 2025 | M7: 0.57131079 | N7: 197.21258 | O7: 88.034251 | R7: P2 | S7: 0.90838834
A8: price_H2_green_PTC | B8: ='CF and cost'!H8/100 -> 0.003 | C8: $/MJ-Del | F8: 2026 | G8: 0.53106576 | H8: 199.46819 | I8: 96.782865 | L8: 2026 | M8: 0.62390106 | N8: 198.73006 | O8: 78.554895 | R8: P3 | S8: 0.87269828
A9: price_H2_blue | B9: =2.47/100 -> 0.0247 | C9: $/MJ-Del | F9: 2027 | G9: 0.57860225 | H9: 194.31331 | I9: 85.419094 | L9: 2027 | M9: 0.67649134 | N9: 200.74091 | O9: 69.075539 | R9: P4 | S9: 0.93722262
A10: price_H2_blue_PTC | B10: =1.63/100 -> 0.0163 | C10: $/MJ-Del | F10: 2028 | G10: 0.61558785 | H10: 186.10752 | I10: 75.303917 | L10: 2028 | M10: 0.72908161 | N10: 203.53245 | O10: 59.596182 | R10: P5 | S10: 0.94740473
A11: price_NG | B11: =0.41/100 -> 0.0041 | C11: $/MJ-Del | F11: 2029 | G11: 0.64374979 | H11: 179.43076 | I11: 67.856271 | L11: 2029 | M11: 0.78167188 | N11: 207.66882 | O11: 50.116826 | R11: P6 | S11: 0.95101215
A12: price_ele_dirty | B12: =(2.22-1.11*Process!J30)/Process!J29/100 -> 0.029709752 | C12: $/MJ-Del | F12: 2030 | G12: 0.66602887 | H12: 176.46058 | I12: 63.002915 | L12: 2030 | M12: 0.83426216 | N12: 214.43022 | O12: 40.63747 | R12: P7 | S12: 0.90001018
A13: price_ele_clean | B13: =1.11/100 -> 0.0111 | C13: $/MJ-Del | F13: 2031 | G13: 0.68098734 | H13: 177.54743 | I13: 60.801468 | L13: 2031 | M13: 0.86740973 | N13: 214.43022 | O13: 33.732198 | R13: P8 | S13: 0.98399112
A14: PFC_CF_process | B14: =Process!I37 -> 0.26732163 | C14: kgCO2/kg-in | F14: 2032 | G14: 0.69216914 | H14: 178.7478 | I14: 59.254011 | L14: 2032 | M14: 0.90055729 | N14: 214.43022 | O14: 26.826927
A15: CO2_CF_process | B15: =Process!I36 -> 1.481 | C15: =C14 -> kgCO2/kg-in | F15: 2033 | G15: 0.69757267 | H15: 181.43036 | I15: 59.132445 | L15: 2033 | M15: 0.93370486 | N15: 214.43022 | O15: 19.921655
A16: R1_EoL_scrap_ratio | B16: =upstream!U12 -> 0.16573175 | C16: NA | F16: 2034 | G16: 0.7058401 | H16: 182.51223 | I16: 58.001248 | L16: 2034 | M16: 0.96685243 | N16: 214.43022 | O16: 13.016383
A17: R2_EoL_scrap_ratio | B17: =Display!BU13 -> 0.64775 | C17: NA | F17: 2035 | G17: 0.71017534 | H17: 183.11228 | I17: 57.410416 | L17: 2035 | M17: 1 | N17: 0 | O17: 6.1111111
A18: R1_scrap_ratio | B18: =upstream!AA18 -> 0.79200297 | C18: NA | F18: 2036 | G18: 0.71282868 | H18: 182.51255 | I18: 56.768546 | L18: 2036 | M18: 1 | N18: 0 | O18: 6.1111111
A19: R2_scrap_ratio | B19: =upstream!AA30 -> 0.94775 | C19: NA | F19: 2037 | G19: 0.71431643 | H19: 180.6456 | I19: 55.972747 | L19: 2037 | M19: 1 | N19: 0 | O19: 6.1111111
A20: R1_presorted_scrap_ratio | B20: =B18-B16 -> 0.62627122 | C20: NA | F20: 2038 | G20: 0.71392249 | H20: 177.54386 | I20: 55.154166 | L20: 2038 | M20: 1 | N20: 0 | O20: 6.1111111
A21: R2_presorted_scrap_ratio | B21: =B19-B17 -> 0.3 | C21: NA | F21: 2039 | G21: 0.71467648 | H21: 175.73011 | I21: 54.507401 | L21: 2039 | M21: 1 | N21: 0 | O21: 6.1111111
A22: lambda_rate | B22: =end_use!R12 -> 0.0099982691 | C22: NA | F22: 2040 | G22: 0.71333584 | H22: 173.33756 | I22: 54.048941 | L22: 2040 | M22: 1 | N22: 0 | O22: 6.1111111
A23: R1_EoL_scrap_ratio_1 | B23: ='Scenario B'!C4 -> 0.47537661 | F23: 2041 | G23: 0.71315898 | H23: 173.06661 | I23: 54.000796 | L23: 2041 | M23: 1 | N23: 0 | O23: 6.1111111
F24: 2042 | G24: 0.71259709 | H24: 172.28139 | I24: 53.868932 | L24: 2042 | M24: 1 | N24: 0 | O24: 6.1111111
F25: 2043 | G25: 0.71379628 | H25: 171.26337 | I25: 53.378302 | L25: 2043 | M25: 1 | N25: 0 | O25: 6.1111111
F26: 2044 | G26: 0.71827119 | H26: 169.39673 | I26: 52.113374 | L26: 2044 | M26: 1 | N26: 0 | O26: 6.1111111
F27: 2045 | G27: 0.72075439 | H27: 167.66983 | I27: 51.225673 | L27: 2045 | M27: 1 | N27: 0 | O27: 6.1111111
F28: 2046 | G28: 0.72544391 | H28: 166.33094 | I28: 50.100441 | L28: 2046 | M28: 1 | N28: 0 | O28: 6.1111111
F29: 2047 | G29: 0.72823589 | H29: 165.4437 | I29: 49.411991 | L29: 2047 | M29: 1 | N29: 0 | O29: 6.1111111
F30: 2048 | G30: 0.73033956 | H30: 163.38081 | I30: 48.520529 | L30: 2048 | M30: 1 | N30: 0 | O30: 6.1111111
F31: 2049 | G31: 0.73208557 | H31: 162.9958 | I31: 48.142782 | L31: 2049 | M31: 1 | N31: 0 | O31: 6.1111111
F32: 2050 | G32: 0.73417096 | H32: 160.96685 | I32: 47.276264 | L32: 2050 | M32: 1 | N32: 0 | O32: 6.1111111

Sheet A
A1: A Matrix | B1: M | C1: EoL | D1: E | E1: R1 | F1: R2 | G1: C1 | H1: C2 | I1: F1 | J1: F2 | K1: F3 | L1: F4 | M1: SC1 | N1: SC2 | O1: SC3 | P1: P1 | Q1: P2 | R1: P3 | S1: P4 | T1: P5 | U1: P6 | V1: P7 | W1: P8 | X1: Use | Y1: Semi | Z1: Offset | AA1: W | AB1: Sink | AG1: M | AH1: EoL | AI1: E | AJ1: R1 | AK1: R2 | AL1: C1 | AM1: C2 | AN1: F1 | AO1: F2 | AP1: F3 | AQ1: F4 | AR1: SC1 | AS1: SC2 | AT1: SC3 | AU1: P1 | AV1: P2 | AW1: P3 | AX1: P4 | AY1: P5 | AZ1: P6 | BA1: P7 | BB1: P8
A2: M | B2: =IF(Raw!B$25>0,Raw!B2/Raw!B$25,0) -> 0 | C2: =IF(Raw!C$25>0,Raw!C2/Raw!C$25,0) -> 0 | D2: =IF(Raw!D$25>0,Raw!D2/Raw!D$25,0) -> 0.37600004 | E2: =IF(Raw!E$25>0,Raw!E2/Raw!E$25,0) -> 0 | F2: =IF(Raw!F$25>0,Raw!F2/Raw!F$25,0) -> 0 | G2: =IF(Raw!G$25>0,Raw!G2/Raw!G$25,0) -> 0 | H2: =IF(Raw!H$25>0,Raw!H2/Raw!H$25,0) -> 0 | I2: =IF(Raw!I$25>0,Raw!I2/Raw!I$25,0) -> 0 | ... W2: =IF(Raw!W$25>0,Raw!W2/Raw!W$25,0) -> 0 | X2: =Raw!X2 -> 0 | Y2: =Raw!Y2 -> 0 | Z2: =Raw!Z2 -> 302.82353 | AA2: =Raw!AA2 -> 37.814706 | AB2: =SUM(X2:AA2) -> 340.63824 | AF2: M | AG2: {=_xlfn.MUNIT(22)} -> 1 | AH2: 0 | AI2: 0 | AJ2: 0 | AK2: 0 | AL2: 0 | AM2: 0 | AN2: 0 | AO2: 0 | AP2: 0 | AQ2: 0 | AR2: 0 | AS2: 0 | AT2: 0 | AU2: 0 | AV2: 0 | AW2: 0 | AX2: 0 | AY2: 0 | AZ2: 0 | BA2: 0 | BB2: 0
A3: EoL | B3: =IF(Raw!B$25>0,Raw!B3/Raw!B$25,0) -> 0 | C3: =IF(Raw!C$25>0,Raw!C3/Raw!C$25,0) -> 0 | D3: =IF(Raw!D$25>0,Raw!D3/Raw!D$25,0) -> 0 | E3: =IF(Raw!E$25>0,Raw!E3/Raw!E$25,0) -> 0.32599663 | F3: =IF(Raw!F$25>0,Raw!F3/Raw!F$25,0) -> 0.77981275 | G3: =IF(Raw!G$25>0,Raw!G3/Raw!G$25,0) -> 0 | H3: =IF(Raw!H$25>0,Raw!H3/Raw!H$25,0) -> 0 | I3: =IF(Raw!I$25>0,Raw!I3/Raw!I$25,0) -> 0 | ... W3: =IF(Raw!W$25>0,Raw!W3/Raw!W$25,0) -> 0 | X3: =Raw!X3 -> 0 | Y3: =Raw!Y3 -> 0 | Z3: =Raw!Z3 -> 1894.6816 | AA3: =Raw!AA3 -> 0 | AB3: =SUM(X3:AA3) -> 1894.6816 | AF3: EoL | AG3: 0 | AH3: 1 | AI3: 0 | AJ3: 0 | AK3: 0 | AL3: 0 | AM3: 0 | AN3: 0 | AO3: 0 | AP3: 0 | AQ3: 0 | AR3: 0 | AS3: 0 | AT3: 0 | AU3: 0 | AV3: 0 | AW3: 0 | AX3: 0 | AY3: 0 | AZ3: 0 | BA3: 0 | BB3: 0
A4: E | B4: =IF(Raw!B$25>0,Raw!B4/Raw!B$25,0) -> 0 | C4: =IF(Raw!C$25>0,Raw!C4/Raw!C$25,0) -> 0 | D4: =IF(Raw!D$25>0,Raw!D4/Raw!D$25,0) -> 0 | E4: =IF(Raw!E$25>0,Raw!E4/Raw!E$25,0) -> 0.0046021123 | F4: =IF(Raw!F$25>0,Raw!F4/Raw!F$25,0) -> 0.014926396 | G4: =IF(Raw!G$25>0,Raw!G4/Raw!G$25,0) -> 0.097340439 | H4: =IF(Raw!H$25>0,Raw!H4/Raw!H$25,0) -> 0.10150442 | I4: =IF(Raw!I$25>0,Raw!I4/Raw!I$25,0) -> 0 | ... W4: =IF(Raw!W$25>0,Raw!W4/Raw!W$25,0) -> 0 | X4: =Raw!X4 -> 0 | Y4: =Raw!Y4 -> 0 | Z4: =Raw!Z4 -> 0 | AA4: =Raw!AA4 -> 15.031176 | AB4: =SUM(X4:AA4) -> 15.031176 | AF4: E | AG4: 0 | AH4: 0 | AI4: 1 | AJ4: 0 | AK4: 0 | AL4: 0 | AM4: 0 | AN4: 0 | AO4: 0 | AP4: 0 | AQ4: 0 | AR4: 0 | AS4: 0 | AT4: 0 | AU4: 0 | AV4: 0 | AW4: 0 | AX4: 0 | AY4: 0 | AZ4: 0 | BA4: 0 | BB4: 0
A5: R1 | B5: =IF(Raw!B$25>0,Raw!B5/Raw!B$25,0) -> 0 | C5: =IF(Raw!C$25>0,Raw!C5/Raw!C$25,0) -> 0 | D5: =IF(Raw!D$25>0,Raw!D5/Raw!D$25,0) -> 0 | E5: =IF(Raw!E$25>0,Raw!E5/Raw!E$25,0) -> 0 | F5: =IF(Raw!F$25>0,Raw!F5/Raw!F$25,0) -> 0 | G5: =IF(Raw!G$25>0,Raw!G5/Raw!G$25,0) -> 0.88012261 | H5: =IF(Raw!H$25>0,Raw!H5/Raw!H$25,0) -> 0 | I5: =IF(Raw!I$25>0,Raw!I5/Raw!I$25,0) -> 0 | ... W5: =IF(Raw!W$25>0,Raw!W5/Raw!W$25,0) -> 0 | X5: =Raw!X5 -> 0 | Y5: =Raw!Y5 -> 0 | Z5: =Raw!Z5 -> 0 | AA5: =Raw!AA5 -> 340.6371 | AB5: =SUM(X5:AA5) -> 340.6371 | AF5: R1 | AG5: 0 | AH5: 0 | AI5: 0 | AJ5: 1 | AK5: 0 | AL5: 0 | AM5: 0 | AN5: 0 | AO5: 0 | AP5: 0 | AQ5: 0 | AR5: 0 | AS5: 0 | AT5: 0 | AU5: 0 | AV5: 0 | AW5: 0 | AX5: 0 | AY5: 0 | AZ5: 0 | BA5: 0 | BB5: 0
A6: R2 | B6: =IF(Raw!B$25>0,Raw!B6/Raw!B$25,0) -> 0 | C6: =IF(Raw!C$25>0,Raw!C6/Raw!C$25,0) -> 0 | D6: =IF(Raw!D$25>0,Raw!D6/Raw!D$25,0) -> 0 | E6: =IF(Raw!E$25>0,Raw!E6/Raw!E$25,0) -> 0 | F6: =IF(Raw!F$25>0,Raw!F6/Raw!F$25,0) -> 0 | G6: =IF(Raw!G$25>0,Raw!G6/Raw!G$25,0) -> 0 | H6: =IF(Raw!H$25>0,Raw!H6/Raw!H$25,0) -> 0.87499455 | I6: =IF(Raw!I$25>0,Raw!I6/Raw!I$25,0) -> 0 | ... W6: =IF(Raw!W$25>0,Raw!W6/Raw!W$25,0) -> 0 | X6: =Raw!X6 -> 0 | Y6: =Raw!Y6 -> 0 | Z6: =Raw!Z6 -> 0 | AA6: =Raw!AA6 -> 105.02537 | AB6: =SUM(X6:AA6) -> 105.02537 | AF6: R2 | AG6: 0 | AH6: 0 | AI6: 0 | AJ6: 0 | AK6: 1 | AL6: 0 | AM6: 0 | AN6: 0 | AO6: 0 | AP6: 0 | AQ6: 0 | AR6: 0 | AS6: 0 | AT6: 0 | AU6: 0 | AV6: 0 | AW6: 0 | AX6: 0 | AY6: 0 | AZ6: 0 | BA6: 0 | BB6: 0
A7: C1 | B7: =IF(Raw!B$25>0,Raw!B7/Raw!B$25,0) -> 0 | C7: =IF(Raw!C$25>0,Raw!C7/Raw!C$25,0) -> 0 | D7: =IF(Raw!D$25>0,Raw!D7/Raw!D$25,0) -> 0 | E7: =IF(Raw!E$25>0,Raw!E7/Raw!E$25,0) -> 0 | F7: =IF(Raw!F$25>0,Raw!F7/Raw!F$25,0) -> 0 | G7: =IF(Raw!G$25>0,Raw!G7/Raw!G$25,0) -> 0 | H7: =IF(Raw!H$25>0,Raw!H7/Raw!H$25,0) -> 0 | I7: =IF(Raw!I$25>0,Raw!I7/Raw!I$25,0) -> 0.85 | ... W7: =IF(Raw!W$25>0,Raw!W7/Raw!W$25,0) -> 0 | X7: =Raw!X7 -> 0 | Y7: =Raw!Y7 -> 0 | Z7: =Raw!Z7 -> 91.691272 | AA7: =Raw!AA7 -> 0 | AB7: =SUM(X7:AA7) -> 91.691272 | AF7: C1 | AG7: 0 | AH7: 0 | AI7: 0 | AJ7: 0 | AK7: 0 | AL7: 1 | AM7: 0 | AN7: 0 | AO7: 0 | AP7: 0 | AQ7: 0 | AR7: 0 | AS7: 0 | AT7: 0 | AU7: 0 | AV7: 0 | AW7: 0 | AX7: 0 | AY7: 0 | AZ7: 0 | BA7: 0 | BB7: 0
A8: C2 | B8: =IF(Raw!B$25>0,Raw!B8/Raw!B$25,0) -> 0 | C8: =IF(Raw!C$25>0,Raw!C8/Raw!C$25,0) -> 0 | D8: =IF(Raw!D$25>0,Raw!D8/Raw!D$25,0) -> 0 | E8: =IF(Raw!E$25>0,Raw!E8/Raw!E$25,0) -> 0 | F8: =IF(Raw!F$25>0,Raw!F8/Raw!F$25,0) -> 0 | G8: =IF(Raw!G$25>0,Raw!G8/Raw!G$25,0) -> 0 | H8: =IF(Raw!H$25>0,Raw!H8/Raw!H$25,0) -> 0 | I8: =IF(Raw!I$25>0,Raw!I8/Raw!I$25,0) -> 0 | ... W8: =IF(Raw!W$25>0,Raw!W8/Raw!W$25,0) -> 0 | X8: =Raw!X8 -> 0 | Y8: =Raw!Y8 -> 0 | Z8: =Raw!Z8 -> 113.30873 | AA8: =Raw!AA8 -> 0 | AB8: =SUM(X8:AA8) -> 113.30873 | AF8: C2 | AG8: 0 | AH8: 0 | AI8: 0 | AJ8: 0 | AK8: 0 | AL8: 0 | AM8: 1 | AN8: 0 | AO8: 0 | AP8: 0 | AQ8: 0 | AR8: 0 | AS8: 0 | AT8: 0 | AU8: 0 | AV8: 0 | AW8: 0 | AX8: 0 | AY8: 0 | AZ8: 0 | BA8: 0 | BB8: 0
A9: F1 | B9: =IF(Raw!B$25>0,Raw!B9/Raw!B$25,0) -> 0 | C9: =IF(Raw!C$25>0,Raw!C9/Raw!C$25,0) -> 0 | D9: =IF(Raw!D$25>0,Raw!D9/Raw!D$25,0) -> 0 | E9: =IF(Raw!E$25>0,Raw!E9/Raw!E$25,0) -> 0.21965622 | F9: =IF(Raw!F$25>0,Raw!F9/Raw!F$25,0) -> 0.079158713 | G9: =IF(Raw!G$25>0,Raw!G9/Raw!G$25,0) -> 0 | H9: =IF(Raw!H$25>0,Raw!H9/Raw!H$25,0) -> 0 | I9: =IF(Raw!I$25>0,Raw!I9/Raw!I$25,0) -> 0 | ... W9: =IF(Raw!W$25>0,Raw!W9/Raw!W$25,0) -> 0.081846825 | X9: =Raw!X9 -> 0 | Y9: =Raw!Y9 -> 195.13086 | Z9: =Raw!Z9 -> 0 | AA9: =Raw!AA9 -> 0 | AB9: =SUM(X9:AA9) -> 195.13086 | AF9: F1 | AG9: 0 | AH9: 0 | AI9: 0 | AJ9: 0 | AK9: 0 | AL9: 0 | AM9: 0 | AN9: 1 | AO9: 0 | AP9: 0 | AQ9: 0 | AR9: 0 | AS9: 0 | AT9: 0 | AU9: 0 | AV9: 0 | AW9: 0 | AX9: 0 | AY9: 0 | AZ9: 0 | BA9: 0 | BB9: 0
A10: F2 | B10: =IF(Raw!B$25>0,Raw!B10/Raw!B$25,0) -> 0 | C10: =IF(Raw!C$25>0,Raw!C10/Raw!C$25,0) -> 0 | D10: =IF(Raw!D$25>0,Raw!D10/Raw!D$25,0) -> 0 | E10: =IF(Raw!E$25>0,Raw!E10/Raw!E$25,0) -> 0.082762247 | F10: =IF(Raw!F$25>0,Raw!F10/Raw!F$25,0) -> 0.029825484 | G10: =IF(Raw!G$25>0,Raw!G10/Raw!G$25,0) -> 0 | H10: =IF(Raw!H$25>0,Raw!H10/Raw!H$25,0) -> 0 | I10: =IF(Raw!I$25>0,Raw!I10/Raw!I$25,0) -> 0 | ... W10: =IF(Raw!W$25>0,Raw!W10/Raw!W$25,0) -> 0.099475372 | X10: =Raw!X10 -> 0 | Y10: =Raw!Y10 -> 108.06298 | Z10: =Raw!Z10 -> 0 | AA10: =Raw!AA10 -> 0 | AB10: =SUM(X10:AA10) -> 108.06298 | AF10: F2 | AG10: 0 | AH10: 0 | AI10: 0 | AJ10: 0 | AK10: 0 | AL10: 0 | AM10: 0 | AN10: 0 | AO10: 1 | AP10: 0 | AQ10: 0 | AR10: 0 | AS10: 0 | AT10: 0 | AU10: 0 | AV10: 0 | AW10: 0 | AX10: 0 | AY10: 0 | AZ10: 0 | BA10: 0 | BB10: 0
A11: F3 | B11: =IF(Raw!B$25>0,Raw!B11/Raw!B$25,0) -> 0 | C11: =IF(Raw!C$25>0,Raw!C11/Raw!C$25,0) -> 0 | D11: =IF(Raw!D$25>0,Raw!D11/Raw!D$25,0) -> 0 | E11: =IF(Raw!E$25>0,Raw!E11/Raw!E$25,0) -> 0.016337541 | F11: =IF(Raw!F$25>0,Raw!F11/Raw!F$25,0) -> 0.005887649 | G11: =IF(Raw!G$25>0,Raw!G11/Raw!G$25,0) -> 0 | H11: =IF(Raw!H$25>0,Raw!H11/Raw!H$25,0) -> 0 | I11: =IF(Raw!I$25>0,Raw!I11/Raw!I$25,0) -> 0 | ... W11: =IF(Raw!W$25>0,Raw!W11/Raw!W$25,0) -> 0.0062959096 | X11: =Raw!X11 -> 0 | Y11: =Raw!Y11 -> 5.5575244 | Z11: =Raw!Z11 -> 0 | AA11: =Raw!AA11 -> 0 | AB11: =SUM(X11:AA11) -> 5.5575244 | AF11: F3 | AG11: 0 | AH11: 0 | AI11: 0 | AJ11: 0 | AK11: 0 | AL11: 0 | AM11: 0 | AN11: 0 | AO11: 0 | AP11: 1 | AQ11: 0 | AR11: 0 | AS11: 0 | AT11: 0 | AU11: 0 | AV11: 0 | AW11: 0 | AX11: 0 | AY11: 0 | AZ11: 0 | BA11: 0 | BB11: 0
A12: F4 | B12: =IF(Raw!B$25>0,Raw!B12/Raw!B$25,0) -> 0 | C12: =IF(Raw!C$25>0,Raw!C12/Raw!C$25,0) -> 0 | D12: =IF(Raw!D$25>0,Raw!D12/Raw!D$25,0) -> 0 | E12: =IF(Raw!E$25>0,Raw!E12/Raw!E$25,0) -> 0.0043502624 | F12: =IF(Raw!F$25>0,Raw!F12/Raw!F$25,0) -> 0.0015677278 | G12: =IF(Raw!G$25>0,Raw!G12/Raw!G$25,0) -> 0 | H12: =IF(Raw!H$25>0,Raw!H12/Raw!H$25,0) -> 0 | I12: =IF(Raw!I$25>0,Raw!I12/Raw!I$25,0) -> 0 | ... W12: =IF(Raw!W$25>0,Raw!W12/Raw!W$25,0) -> 0.13599165 | X12: =Raw!X12 -> 0 | Y12: =Raw!Y12 -> 8.3362866 | Z12: =Raw!Z12 -> 0 | AA12: =Raw!AA12 -> 0 | AB12: =SUM(X12:AA12) -> 8.3362866 | AF12: F4 | AG12: 0 | AH12: 0 | AI12: 0 | AJ12: 0 | AK12: 0 | AL12: 0 | AM12: 0 | AN12: 0 | AO12: 0 | AP12: 0 | AQ12: 1 | AR12: 0 | AS12: 0 | AT12: 0 | AU12: 0 | AV12: 0 | AW12: 0 | AX12: 0 | AY12: 0 | AZ12: 0 | BA12: 0 | BB12: 0
A13: SC1 | B13: =IF(Raw!B$25>0,Raw!B13/Raw!B$25,0) -> 0 | C13: =IF(Raw!C$25>0,Raw!C13/Raw!C$25,0) -> 0 | D13: =IF(Raw!D$25>0,Raw!D13/Raw!D$25,0) -> 0 | E13: =IF(Raw!E$25>0,Raw!E13/Raw!E$25,0) -> 0 | F13: =IF(Raw!F$25>0,Raw!F13/Raw!F$25,0) -> 0 | G13: =IF(Raw!G$25>0,Raw!G13/Raw!G$25,0) -> 0 | H13: =IF(Raw!H$25>0,Raw!H13/Raw!H$25,0) -> 0 | I13: =IF(Raw!I$25>0,Raw!I13/Raw!I$25,0) -> 0 | ... W13: =IF(Raw!W$25>0,Raw!W13/Raw!W$25,0) -> 0.32486894 | X13: =Raw!X13 -> 0 | Y13: =Raw!Y13 -> 268.05459 | Z13: =Raw!Z13 -> 0 | AA13: =Raw!AA13 -> 49.232507 | AB13: =SUM(X13:AA13) -> 317.28709 | AF13: SC1 | AG13: 0 | AH13: 0 | AI13: 0 | AJ13: 0 | AK13: 0 | AL13: 0 | AM13: 0 | AN13: 0 | AO13: 0 | AP13: 0 | AQ13: 0 | AR13: 1 | AS13: 0 | AT13: 0 | AU13: 0 | AV13: 0 | AW13: 0 | AX13: 0 | AY13: 0 | AZ13: 0 | BA13: 0 | BB13: 0
A14: SC2 | B14: =IF(Raw!B$25>0,Raw!B14/Raw!B$25,0) -> 0 | C14: =IF(Raw!C$25>0,Raw!C14/Raw!C$25,0) -> 0 | D14: =IF(Raw!D$25>0,Raw!D14/Raw!D$25,0) -> 0 | E14: =IF(Raw!E$25>0,Raw!E14/Raw!E$25,0) -> 0 | F14: =IF(Raw!F$25>0,Raw!F14/Raw!F$25,0) -> 0 | G14: =IF(Raw!G$25>0,Raw!G14/Raw!G$25,0) -> 0 | H14: =IF(Raw!H$25>0,Raw!H14/Raw!H$25,0) -> 0 | I14: =IF(Raw!I$25>0,Raw!I14/Raw!I$25,0) -> 0 | ... W14: =IF(Raw!W$25>0,Raw!W14/Raw!W$25,0) -> 0.16243447 | X14: =Raw!X14 -> 0 | Y14: =Raw!Y14 -> 183.83929 | Z14: =Raw!Z14 -> 0 | AA14: =Raw!AA14 -> 33.765022 | AB14: =SUM(X14:AA14) -> 217.60431 | AF14: SC2 | AG14: 0 | AH14: 0 | AI14: 0 | AJ14: 0 | AK14: 0 | AL14: 0 | AM14: 0 | AN14: 0 | AO14: 0 | AP14: 0 | AQ14: 0 | AR14: 0 | AS14: 1 | AT14: 0 | AU14: 0 | AV14: 0 | AW14: 0 | AX14: 0 | AY14: 0 | AZ14: 0 | BA14: 0 | BB14: 0
... A23: P8 | B23: =IF(Raw!B$25>0,Raw!B23/Raw!B$25,0) -> 0 | C23: =IF(Raw!C$25>0,Raw!C23/Raw!C$25,0) -> 0 | D23: =IF(Raw!D$25>0,Raw!D23/Raw!D$25,0) -> 0 | E23: =IF(Raw!E$25>0,Raw!E23/Raw!E$25,0) -> 0.0010398164 | F23: =IF(Raw!F$25>0,Raw!F23/Raw!F$25,0) -> 0.00037472433 | G23: =IF(Raw!G$25>0,Raw!G23/Raw!G$25,0) -> 0 | H23: =IF(Raw!H$25>0,Raw!H23/Raw!H$25,0) -> 0 | I23: =IF(Raw!I$25>0,Raw!I23/Raw!I$25,0) -> 0 | ... W23: =IF(Raw!W$25>0,Raw!W23/Raw!W$25,0) -> 0 | X23: =Raw!X23 -> 271.29687 | Y23: =Raw!Y23 -> 0 | Z23: =Raw!Z23 -> 0 | AA23: =Raw!AA23 -> 0 | AB23: =SUM(X23:AA23) -> 271.29687 | AF23: P8 | AG23: 0 | AH23: 0 | AI23: 0 | AJ23: 0 | AK23: 0 | AL23: 0 | AM23: 0 | AN23: 0 | AO23: 0 | AP23: 0 | AQ23: 0 | AR23: 0 | AS23: 0 | AT23: 0 | AU23: 0 | AV23: 0 | AW23: 0 | AX23: 0 | AY23: 0 | AZ23: 0 | BA23: 0 | BB23: 1
B24: =SUM(B2:B23) -> 0 | C24: =SUM(C2:C23) -> 0 | D24: =SUM(D2:D23) -> 0.37600004 | E24: =SUM(E2:E23) -> 0.79660509 | F24: =SUM(F2:F23) -> 0.9626764 | G24: =SUM(G2:G23) -> 0.97746305 | H24: =SUM(H2:H23) -> 0.97649898 | I24: =SUM(I2:I23) -> 0.85 | ... O24: =SUM(O2:O23) -> 0.95 | P24: =SUM(P9:P23) -> 0.86505799 | Q24: =SUM(Q9:Q23) -> 0.86505799 | R24: =SUM(R9:R23) -> 0.86505799 | S24: =SUM(S9:S23) -> 0.86505799 | T24: =SUM(T9:T23) -> 0.86505799 | U24: =SUM(U9:U23) -> 0.86505799 | V24: =SUM(V9:V23) -> 0.86505799 | W24: =SUM(W9:W23) -> 0.86505799 | X24: =SUM(X2:X23) -> 7710.6565 | Y24: =SUM(Y2:Y23) -> 853.08 | Z24: =SUM(Z2:Z23) -> 2402.5051 | AA24: =SUM(AA2:AA23) -> 596.95191 | AB24: =SUM(AB2:AB23) -> 11563.194
AC28: Domestic Production
A29: Flow Matrix | B29: M | C29: EoL | D29: E | E29: R1 | F29: R2 | G29: C1 | H29: C2 | I29: F1 | J29: F2 | K29: F3 | L29: F4 | M29: SC1 | N29: SC2 | O29: SC3 | P29: P1 | Q29: P2 | R29: P3 | S29: P4 | T29: P5 | U29: P6 | V29: P7 | W29: P8 | X29: Use | Y29: Semi | Z29: Offset | AA29: W | AB29: Sink | AC29: Target | AD29: Verification | AG29: M | AH29: EoL | AI29: E | AJ29: R1 | AK29: R2 | AL29: C1 | AM29: C2 | AN29: F1 | AO29: F2 | AP29: F3 | AQ29: F4 | AR29: SC1 | AS29: SC2 | AT29: SC3 | AU29: P1 | AV29: P2 | AW29: P3 | AX29: P4 | AY29: P5 | AZ29: P6 | BA29: P7 | BB29: P8
A30: M | B30: =B$52*B2 -> 0 | C30: =C$52*C2 -> 0 | D30: =D$52*D2 -> 385.41176 | E30: =E$52*E2 -> 0 | F30: =F$52*F2 -> 0 | G30: =G$52*G2 -> 0 | H30: =H$52*H2 -> 0 | I30: =I$52*I2 -> 0 | ... W30: =W$52*W2 -> 0 | X30: =X2*$X$55 -> 0 | Y30: =Y2*$X$55 -> 0 | Z30: =Z2*$X$55 -> 302.82353 | AA30: =AA2*$X$55 -> 37.814706 | AB30: =SUM(X30:AA30) -> 340.63824 | AC30: {=MMULT(AG30:BB51,AB30:AB51)} -> 726.05 | AD30: =SUM(B30:AA30) -> 726.05 | AF30: M | AG30: {=MINVERSE(AG2:BB23-B2:W23)} -> 1 | AH30: 0 | AI30: 0.37600004 | AJ30: 0.022869936 | AK30: 0.013230498 | AL30: 0.056728357 | AM30: 0.049742281 | AN30: 0.048219103 | AO30: 0.045382686 | AP30: 0.045382686 | AQ30: 0.045382686 | AR30: 0.047255167 | AS30: 0.047255167 | AT30: 0.047255167 | AU30: 0.040229925 | AV30: 0.040987356 | AW30: 0.040631545 | AX30: 0.040773777 | AY30: 0.039867721 | AZ30: 0.04068384 | BA30: 0.041711827 | BB30: 0.040504658
A31: EoL | B31: =B$52*B3 -> 0 | C31: =C$52*C3 -> 0 | D31: =D$52*D3 -> 0 | E31: =E$52*E3 -> 2220.931 | F31: =F$52*F3 -> 1638.0024 | G31: =G$52*G3 -> 0 | H31: =H$52*H3 -> 0 | I31: =I$52*I3 -> 0 | ... W31: =W$52*W3 -> 0 | X31: =X3*$X$55 -> 0 | Y31: =Y3*$X$55 -> 0 | Z31: =Z3*$X$55 -> 1894.6816 | AA31: =AA3*$X$55 -> 0 | AB31: =SUM(X31:AA31) -> 1894.6816 | AC31: 5753.615 | AD31: =SUM(B31:AA31) -> 5753.615 | AF31: EoL | AG31: 0 | AH31: 1 | AI31: 0 | AJ31: 0.49739635 | AK31: 0.841581 | AL31: 0.43776978 | AM31: 0.73637879 | AN31: 0.37210431 | AO31: 0.35021582 | AP31: 0.35021582 | AQ31: 0.35021582 | AR31: 0.69955985 | AS31: 0.69955985 | AT31: 0.69955985 | AU31: 0.31372675 | AV31: 0.46852878 | AW31: 0.36109307 | AX31: 0.37719448 | AY31: 0.34049611 | AZ31: 0.41825509 | BA31: 0.32188799 | BB31: 0.4939002
A32: E | B32: =B$52*B4 -> 0 | C32: =C$52*C4 -> 0 | D32: =D$52*D4 -> 0 | E32: =E$52*E4 -> 31.353004 | F32: =F$52*F4 -> 31.353004 | G32: =G$52*G4 -> 715.80655 | H32: =H$52*H4 -> 231.48744 | I32: =I$52*I4 -> 0 | ... W32: =W$52*W4 -> 0 | X32: =X4*$X$55 -> 0 | Y32: =Y4*$X$55 -> 0 | Z32: =Z4*$X$55 -> 0 | AA32: =AA4*$X$55 -> 15.031176 | AB32: =SUM(X32:AA32) -> 15.031176 | AC32: 1025.0312 | AD32: =SUM(B32:AA32) -> 1025.0312 | AF32: E | AG32: 0 | AH32: 0 | AI32: 1 | AJ32: 0.060824292 | AK32: 0.03518749 | AL32: 0.15087327 | AM32: 0.13229329 | AN32: 0.12824228 | AO32: 0.12069862 | AP32: 0.12069862 | AQ32: 0.12069862 | AR32: 0.12567862 | AS32: 0.12567862 | AT32: 0.12567862 | AU32: 0.10699447 | AV32: 0.10900891 | AW32: 0.10806261 | AX32: 0.10844088 | AY32: 0.10603116 | AZ32: 0.10820169 | BA32: 0.1109357 | BB32: 0.10772514
A33: R1 | B33: =B$52*B5 -> 0 | C33: =C$52*C5 -> 0 | D33: =D$52*D5 -> 0 | E33: =E$52*E5 -> 0 | F33: =F$52*F5 -> 0 | G33: =G$52*G5 -> 6472.1049 | H33: =H$52*H5 -> 0 | I33: =I$52*I5 -> 0 | ... W33: =W$52*W5 -> 0 | X33: =X5*$X$55 -> 0 | Y33: =Y5*$X$55 -> 0 | Z33: =Z5*$X$55 -> 0 | AA33: =AA5*$X$55 -> 340.6371 | AB33: =SUM(X33:AA33) -> 340.6371 | AC33: 6812.742 | AD33: =SUM(B33:AA33) -> 6812.742 | AF33: R1 | AG33: 0 | AH33: 0 | AI33: 0 | AJ33: 1.4538768 | AK33: 0.16356608 | AL33: 1.2795899 | AM33: 0.14311943 | AN33: 1.0876514 | AO33: 1.0236719 | AP33: 1.0236719 | AQ33: 1.0236719 | AR33: 0.13596346 | AS33: 0.13596346 | AT33: 0.13596346 | AU33: 0.89835122 | AV33: 0.5018076 | AW33: 0.78448815 | AX33: 0.74603333 | AY33: 0.80808555 | AZ33: 0.62805903 | BA33: 0.94087039 | BB33: 0.41012391
A34: R2 | B34: =B$52*B6 -> 0 | C34: =C$52*C6 -> 0 | D34: =D$52*D6 -> 0 | E34: =E$52*E6 -> 0 | F34: =F$52*F6 -> 0 | G34: =G$52*G6 -> 0 | H34: =H$52*H6 -> 1995.482 | I34: =I$52*I6 -> 0 | ... W34: =W$52*W6 -> 0 | X34: =X6*$X$55 -> 0 | Y34: =Y6*$X$55 -> 0 | Z34: =Z6*$X$55 -> 0 | AA34: =AA6*$X$55 -> 105.02537 | AB34: =SUM(X34:AA34) -> 105.02537 | AC34: 2100.5074 | AD34: =SUM(B34:AA34) -> 2100.5074 | AF34: R2 | AG34: 0 | AH34: 0 | AI34: 0 | AJ34: 0.030055152 | AK34: 1.0108311 | AL34: 0.026452219 | AM34: 0.88447174 | AN34: 0.022484386 | AO34: 0.021161775 | AP34: 0.021161775 | AQ34: 0.021161775 | AR34: 0.84024815 | AS34: 0.84024815 | AT34: 0.84024815 | AU34: 0.026759335 | AV34: 0.39104412 | AW34: 0.13509984 | AX34: 0.17182346 | AY34: 0.098822371 | AZ34: 0.27379645 | BA34: 0.019450067 | BB34: 0.46190728
A35: C1 | B35: =B$52*B7 -> 0 | C35: =C$52*C7 -> 0 | D35: =D$52*D7 -> 0 | E35: =E$52*E7 -> 0 | F35: =F$52*F7 -> 0 | G35: =G$52*G7 -> 0 | H35: =H$52*H7 -> 0 | I35: =I$52*I7 -> 4834.8536 | ... W35: =W$52*W7 -> 0 | X35: =X7*$X$55 -> 0 | Y35: =Y7*$X$55 -> 0 | Z35: =Z7*$X$55 -> 91.691272 | AA35: =AA7*$X$55 -> 0 | AB35: =SUM(X35:AA35) -> 91.691272 | AC35: 7353.64 | AD35: =SUM(B35:AA35) -> 7353.64 | AF35: C1 | AG35: 0 | AH35: 0 | AI35: 0 | AJ35: 0.51569729 | AK35: 0.18584465 | AL35: 1.4538768 | AM35: 0.16261306 | AN35: 1.2357953 | AO35: 1.1631015 | AP35: 1.1631015 | AQ35: 1.1631015 | AR35: 0.15448241 | AS35: 0.15448241 | AT35: 0.15448241 | AU35: 1.0207114 | AV35: 0.57015647 | AW35: 0.89133962 | AX35: 0.84764705 | AY35: 0.91815111 | AZ35: 0.71360401 | BA35: 1.069022 | BB35: 0.46598497
A36: C2 | B36: =B$52*B8 -> 0 | C36: =C$52*C8 -> 0 | D36: =D$52*D8 -> 0 | E36: =E$52*E8 -> 0 | F36: =F$52*F8 -> 0 | G36: =G$52*G8 -> 0 | H36: =H$52*H8 -> 0 | I36: =I$52*I8 -> 0 | ... W36: =W$52*W8 -> 0 | X36: =X8*$X$55 -> 0 | Y36: =Y8*$X$55 -> 0 | Z36: =Z8*$X$55 -> 113.30873 | AA36: =AA8*$X$55 -> 0 | AB36: =SUM(X36:AA36) -> 113.30873 | AC36: 2280.5651 | AD36: =SUM(B36:AA36) -> 2280.5651 | AF36: C2 | AG36: 0 | AH36: 0 | AI36: 0 | AJ36: 0.034348959 | AK36: 0.012378522 | AL36: 0.030231296 | AM36: 1.0108311 | AN36: 0.025696601 | AO36: 0.024185036 | AP36: 0.024185036 | AQ36: 0.024185036 | AR36: 0.96028958 | AS36: 0.96028958 | AT36: 0.96028958 | AU36: 0.030582288 | AV36: 0.44691035 | AW36: 0.15440078 | AX36: 0.19637089 | AY36: 0.11294056 | AZ36: 0.31291218 | BA36: 0.022228787 | BB36: 0.52789732
A37: F1 | B37: =B$52*B9 -> 0 | C37: =C$52*C9 -> 0 | D37: =D$52*D9 -> 0 | E37: =E$52*E9 -> 1496.4611 | F37: =F$52*F9 -> 166.27346 | G37: =G$52*G9 -> 0 | H37: =H$52*H9 -> 0 | I37: =I$52*I9 -> 0 | ... W37: =W$52*W9 -> 22.849013 | X37: =X9*$X$55 -> 0 | Y37: =Y9*$X$55 -> 195.13086 | Z37: =Z9*$X$55 -> 0 | AA37: =AA9*$X$55 -> 0 | AB37: =SUM(X37:AA37) -> 195.13086 | AC37: 5688.0631 | AD37: =SUM(B37:AA37) -> 5688.0631 | AF37: F1 | AG37: 0 | AH37: 0 | AI37: 0 | AJ37: 0.42335199 | AK37: 0.15256567 | AL37: 0.37260166 | AM37: 0.13349413 | AN37: 1.3167114 | AO37: 0.29808133 | AP37: 0.29808133 | AQ37: 0.29808133 | AR37: 0.12681943 | AS37: 0.12681943 | AT37: 0.12681943 | AU37: 0.59841616 | AV37: 0.49515299 | AW37: 0.63112347 | AX37: 0.64440261 | AY37: 0.39385564 | AZ37: 0.5069092 | BA37: 1.1388543 | BB37: 0.24849982
A38: F2 | B38: =B$52*B10 -> 0 | C38: =C$52*C10 -> 0 | D38: =D$52*D10 -> 0 | E38: =E$52*E10 -> 563.83784 | F38: =F$52*F10 -> 62.648649 | G38: =G$52*G10 -> 0 | H38: =H$52*H10 -> 0 | I38: =I$52*I10 -> 0 | ... W38: =W$52*W10 -> 27.770339 | X38: =X10*$X$55 -> 0 | Y38: =Y10*$X$55 -> 108.06298 | Z38: =Z10*$X$55 -> 0 | AA38: =AA10*$X$55 -> 0 | AB38: =SUM(X38:AA38) -> 108.06298 | AC38: 2396.2 | AD38: =SUM(B38:AA38) -> 2396.2 | AF38: F2 | AG38: 0 | AH38: 0 | AI38: 0 | AJ38: 0.15666983 | AK38: 0.056459963 | AL38: 0.13788866 | AM38: 0.04940216 | AN38: 0.11720536 | AO38: 1.1103109 | AP38: 0.11031093 | AQ38: 0.11031093 | AR38: 0.046932052 | AS38: 0.046932052 | AT38: 0.046932052 | AU38: 0.60882348 | AV38: 0.15655057 | AW38: 0.37037924 | AX38: 0.34139152 | AY38: 0.30068841 | AZ38: 0.32199099 | BA38: 0.10138823 | BB38: 0.16114863
A39: F3 | B39: =B$52*B11 -> 0 | C39: =C$52*C11 -> 0 | D39: =D$52*D11 -> 0 | E39: =E$52*E11 -> 111.30345 | F39: =F$52*F11 -> 12.36705 | G39: =G$52*G11 -> 0 | H39: =H$52*H11 -> 0 | I39: =I$52*I11 -> 0 | ... W39: =W$52*W11 -> 1.7576164 | X39: =X11*$X$55 -> 0 | Y39: =Y11*$X$55 -> 5.5575244 | Z39: =Z11*$X$55 -> 0 | AA39: =AA11*$X$55 -> 0 | AB39: =SUM(X39:AA39) -> 5.5575244 | AC39: 473.01779 | AD39: =SUM(B39:AA39) -> 473.01779 | AF39: F3 | AG39: 0 | AH39: 0 | AI39: 0 | AJ39: 0.029075676 | AK39: 0.010478161 | AL39: 0.02559016 | AM39: 0.0091683334 | AN39: 0.021751636 | AO39: 0.020472128 | AP39: 1.0204721 | AQ39: 0.020472128 | AR39: 0.0087099167 | AS39: 0.0087099167 | AT39: 0.0087099167 | AU39: 0.025629357 | AV39: 0.013450088 | AW39: 0.02119364 | AX39: 0.018745257 | AY39: 0.42285971 | AZ39: 0.021717446 | BA39: 0.018990365 | BB39: 0.017741583
A40: F4 | B40: =B$52*B12 -> 0 | C40: =C$52*C12 -> 0 | D40: =D$52*D12 -> 0 | E40: =E$52*E12 -> 29.637215 | F40: =F$52*F12 -> 3.2930239 | G40: =G$52*G12 -> 0 | H40: =H$52*H12 -> 0 | I40: =I$52*I12 -> 0 | ... W40: =W$52*W12 -> 37.964514 | X40: =X12*$X$55 -> 0 | Y40: =Y12*$X$55 -> 8.3362866 | Z40: =Z12*$X$55 -> 0 | AA40: =AA12*$X$55 -> 0 | AB40: =SUM(X40:AA40) -> 8.3362866 | AC40: 164.6512 | AD40: =SUM(B40:AA40) -> 164.6512 | AF40: F4 | AG40: 0 | AH40: 0 | AI40: 0 | AJ40: 0.0090646199 | AK40: 0.0032666667 | AL40: 0.0079779769 | AM40: 0.0028583155 | AN40: 0.0067812804 | AO40: 0.0063823816 | AP40: 0.0063823816 | AQ40: 1.0063824 | AR40: 0.0027153997 | AS40: 0.0027153997 | AT40: 0.0027153997 | AU40: 0.0056192949 | AV40: 0.016594886 | AW40: 0.05203296 | AX40: 0.014744259 | AY40: 0.0056691402 | AZ40: 0.0097055511 | BA40: 0.0058661313 | BB40: 0.13955995
A41: SC1 | B41: =B$52*B13 -> 0 | C41: =C$52*C13 -> 0 | D41: =D$52*D13 -> 0 | E41: =E$52*E13 -> 0 | F41: =F$52*F13 -> 0 | G41: =G$52*G13 -> 0 | H41: =H$52*H13 -> 0 | I41: =I$52*I13 -> 0 | ... W41: =W$52*W13 -> 90.693005 | X41: =X13*$X$55 -> 0 | Y41: =Y13*$X$55 -> 268.05459 | Z41: =Z13*$X$55 -> 0 | AA41: =AA13*$X$55 -> 49.232507 | AB41: =SUM(X41:AA41) -> 317.28709 | AC41: 1140.9098 | AD41: =SUM(B41:AA41) -> 1140.9098 | AF41: SC1 | AG41: 0 | AH41: 0 | AI41: 0 | AJ41: 0.01763359 | AK41: 0.0063547132 | AL41: 0.015519721 | AM41: 0.0055603394 | AN41: 0.013191763 | AO41: 0.012415777 | AP41: 0.012415777 | AQ41: 0.012415777 | AR41: 1.0052823 | AS41: 0.0052823225 | AT41: 0.0052823225 | AU41: 0.020709064 | AV41: 0.19865551 | AW41: 0.092217908 | AX41: 0.12178389 | AY41: 0.068991961 | AZ41: 0.19561409 | BA41: 0.011411505 | BB41: 0.33181042
A42: SC2 | B42: =B$52*B14 -> 0 | C42: =C$52*C14 -> 0 | D42: =D$52*D14 -> 0 | E42: =E$52*E14 -> 0 | F42: =F$52*F14 -> 0 | G42: =G$52*G14 -> 0 | H42: =H$52*H14 -> 0 | I42: =I$52*I14 -> 0 | ... W42: =W$52*W14 -> 45.346503 | X42: =X14*$X$55 -> 0 | Y42: =Y14*$X$55 -> 183.83929 | Z42: =Z14*$X$55 -> 0 | AA42: =AA14*$X$55 -> 33.765022 | AB42: =SUM(X42:AA42) -> 217.60431 | AC42: 782.46768 | AD42: =SUM(B42:AA42) -> 782.46768 | AF42: SC2 | AG42: 0 | AH42: 0 | AI42: 0 | AJ42: 0.012542418 | AK42: 0.0045199798 | AL42: 0.011038866 | AM42: 0.0039549577 | AN42: 0.0093830358 | AO42: 0.0088310925 | AP42: 0.0088310925 | AQ42: 0.0088310925 | AR42: 0.0037572098 | AS42: 1.0037572 | AT42: 0.0037572098 | AU42: 0.0077752345 | AV42: 0.18126925 | AW42: 0.044492425 | AX42: 0.062947055 | AY42: 0.036642008 | AZ42: 0.09965555 | BA42: 0.0081167739 | BB42: 0.16737181
... A51: P8 | B51: =B$52*B23 -> 0 | C51: =C$52*C23 -> 0 | D51: =D$52*D23 -> 0 | E51: =E$52*E23 -> 7.084001 | F51: =F$52*F23 -> 0.78711122 | G51: =G$52*G23 -> 0 | H51: =H$52*H23 -> 0 | I51: =I$52*I23 -> 0 | ... W51: =W$52*W23 -> 0 | X51: =X23*$X$55 -> 271.29687 | Y51: =Y23*$X$55 -> 0 | Z51: =Z23*$X$55 -> 0 | AA51: =AA23*$X$55 -> 0 | AB51: =SUM(X51:AA51) -> 271.29687 | AC51: 279.16798 | AD51: =SUM(B51:AA51) -> 279.16798 | AF51: P8 | AG51: 0 | AH51: 0 | AI51: 0 | AJ51: 0.0015230274 | AK51: 0.00054886172 | AL51: 0.0013404509 | AM51: 0.00048025102 | AN51: 0.0011393832 | AO51: 0.0010723607 | AP51: 0.0010723607 | AQ51: 0.0010723607 | AR51: 0.00045623847 | AS51: 0.00045623847 | AT51: 0.00045623847 | AU51: 0.00094414773 | AV51: 0.00066832153 | AW51: 0.00086634886 | AX51: 0.00084012414 | AY51: 0.00087729177 | AZ51: 0.00075566428 | BA51: 0.0009856209 | BB51: 1.0005995
B52: {=TRANSPOSE(AC30:AC51)} -> 726.05 | C52: 5753.615 | D52: 1025.0312 | E52: 6812.742 | F52: 2100.5074 | G52: 7353.64 | H52: 2280.5651 | I52: 5688.0631 | J52: 2396.2 | K52: 473.01779 | L52: 164.6512 | M52: 1140.9098 | N52: 782.46768 | O52: 357.94496 | P52: 1294.2504 | Q52: 2033.822 | R52: 1057.3436 | S52: 649.36016 | T52: 785.08375 | U52: 674.96072 | V52: 2018.3804 | W52: 279.16798 | X52: =SUM(X30:X51) -> 7710.6565 | AA52: =SUM(AA30:AA51) -> 596.95191 | AB52: =SUM(AB30:AB51) -> 11563.194 | AC52: =SUM(AC30:AC51) -> 45847.774 | AD52: =SUM(AD30:AD51) -> 45847.774
AC53: =(Raw!AC24-A!AC52)<0.0000001 -> TRUE
X55: 1

Sheet CF and cost
B1: GHG | C1: Transportation | F1: Cost of energy production
B2: gCO2eq/MJdelivered | D2: total | F2: cents/MJdelivered | H2: total cost
A3: Hydrogen (SMR) | B3: =10/120*1000 -> 83.333333 | C3: =0.5/120*1000 -> 4.1666667 | D3: =B3+C3 -> 87.5 | F3: =1.3/120*100 -> 1.0833333 | G3: 0.3 | H3: =F3+G3 -> 1.3833333
A4: Hydrogen (SMR w/ CCS) | B4: =3.4/120*1000 -> 28.333333 | C4: =0.5/120*1000 -> 4.1666667 | D4: =B4+C4 -> 32.5 | F4: =2.6/120*100 -> 2.1666667 | G4: 0.3 | H4: =F4+G4 -> 2.4666667
A5: Hydrogen (SMR w/ CCS) w/ PTC | B5: =B4 -> 28.333333 | C5: =0.5/120*1000 -> 4.1666667 | D5: =B5+C5 -> 32.5 | F5: =(2.6-1)/120*100 -> 1.3333333 | G5: 0.3 | H5: =F5+G5 -> 1.6333333
A6: Hydrogen (current electricity) | B6: =B13/0.6 -> 193.51852 | C6: =0.5/120*1000 -> 4.1666667 | D6: =B6+C6 -> 197.68519 | F6: =4.2/120*100 -> 3.5 | G6: 0.3 | H6: =F6+G6 -> 3.8
A7: Hydrogen (renewable electricity) | B7: =D14*0.6 -> 3.6666667 | C7: =0.5/120*1000 -> 4.1666667 | D7: =B7+C7 -> 7.8333333 | F7: =3/120*100 -> 2.5 | G7: 0.3 | H7: =F7+G7 -> 2.8
A8: Hydrogen (renewable electricity)w/ PTC | B8: =B7 -> 3.6666667 | C8: =0.5/120*1000 -> 4.1666667 | D8: =B8+C8 -> 7.8333333 | F8: =0 -> 0 | G8: 0.3 | H8: =F8+G8 -> 0.3
A9: Hydrogen (nuclear) | B9: =B8 -> 3.6666667 | C9: =0.5/120*1000 -> 4.1666667 | D9: =B9+C9 -> 7.8333333 | F9: =4.2/120*100 -> 3.5 | G9: 0.3 | H9: =F9+G9 -> 3.8
A10: Hydrogen (nuclear)w/ PTC | B10: =B9 -> 3.6666667 | C10: =0.5/120*1000 -> 4.1666667 | D10: =B10+C10 -> 7.8333333 | F10: =(4.2-3)/120*100 -> 1 | G10: 0.3 | H10: =F10+G10 -> 1.3
A11: Natural gas | B11: =D11-C11 -> 62.1 | C11: =D11*0.1 -> 6.9 | D11: 69 | F11: =0.004*100 -> 0.4 | G11: 0.01 | H11: =F11+G11 -> 0.41
A12: Coal | B12: =D12-C12 -> 99.423529 | C12: =D12*0.1 -> 11.047059 | D12: =0.0939/0.85*1000 -> 110.47059 | F12: =(0.143+0.1744)/2 -> 0.1587 | G12: 0.05 | H12: =F12+G12 -> 0.2087
A13: Electricity (current) | B13: =D13-C13 -> 116.11111 | C13: =D13*0.05 -> 6.1111111 | D13: =440/3.6 -> 122.22222 | F13: =H13-G13 -> 1.2222222 | G13: =H13*0.45 -> 1 | H13: =8/3.6 -> 2.2222222
A14: Electricity (renewable) | B14: 0 | C14: =C13 -> 6.1111111 | D14: =B14+C14 -> 6.1111111 | F14: =H14-G14 -> 0.11111111 | G14: =G13 -> 1 | H14: =4/3.6 -> 1.1111111
A15: Electricity (nuclear) | B15: =0 -> 0 | C15: =C14 -> 6.1111111 | D15: =B15+C15 -> 6.1111111 | F15: =H15-G15 -> 0.97 | G15: =G14 -> 1 | H15: 1.97
A16: Electricity (non-renewable) | B16: =B13/D24 -> 194.66657 | C16: 6.1 | D16: =B16+C16 -> 200.76657
J18: Figure from YX
D19: =D20*D29 -> 368.96614 | E19: Electricity coal
D20: =D16/(D29*D27+D28) -> 108.51945 | E20: Electricity NG
D21: =D16*D24+D14*D25 -> 122.21559 | E21: Electricity (current) - verify
D22: =D14*D25+D24*(D27*D19+D28*D20) -> 122.21559 | E22: Electricity (current) - verify
I23: Electricity Grid Reference case (YX Electricity Trajectories - EF calculation from GREET)
C24: dirty | D24: =K25+K26+K27+K29 -> 0.59646148 | I24: Primary Source (p) | J24: \rho^p | K24: 2020 – 2022 | L24: Base-case (2050) | M24: Net-Zero (2050)
C25: clean | D25: =K28+K30 -> 0.40353852 | I25: Residual Oil | J25: =D19 -> 368.96614 | K25: 0.0025828857 | L25: 0.00084969935 | M25: 0
D26: =SUM(D24:D25) -> 1 | I26: Natural Gas | J26: =D20 -> 108.51945 | K26: 0.38520193 | L26: 0.21229778 | M26: 0
B27: 2023 non-NG/dirty | D27: =E27/D24 -> 0.35418809 | E27: =K25+K27+K29 -> 0.21125955 | I27: Coal | J27: =D19 -> 368.96614 | K27: 0.20597265 | L27: 0.050468503 | M27: 0
B28: 2023 NG/dirty | D28: =E28/D24 -> 0.64581191 | E28: =D24-E27 -> 0.38520193 | I28: Nuclear Power | J28: =D15 -> 6.1111111 | K28: 0.18881098 | L28: 0.1255378 | M28: 0.12
B29: CF Coal/NG | D29: 3.4 | I29: Biomass | J29: =D19 -> 368.96614 | K29: 0.0027040233 | L29: 0.0022130645 | M29: 0.04
I30: Renewables | J30: =D14 -> 6.1111111 | K30: 0.21472754 | L30: 0.60863316 | M30: 0.84
K31: =SUMPRODUCT($J$25:$J$30,K25:K30) -> 122.21559 | L31: =SUMPRODUCT($J$25:$J$30,L25:L30) -> 47.276264 | M31: =SUMPRODUCT($J$25:$J$30,M25:M30) -> 20.625312
J32: clean | K32: =K30+K28 -> 0.40353852 | L32: =L30+L28 -> 0.73417096 | M32: =M30+M28 -> 0.96
J33: dirty | K33: =1-K32 -> 0.59646148 | L33: =1-L32 -> 0.26582904 | M33: =1-M32 -> 0.04

Sheet semi_CF
A1: Label | B1: Process | C1: Stage | D1: Output | E1: CF_ctg | F1: CF_CA | I1: kg-semi per kg product | J1: Index | K1: kg CO2e/kg-Al | L1: P1 | M1: P2 | N1: P3 | O1: P4 | P1: P5 | Q1: P6 | R1: P7 | S1: P8
A2: F1 | B2: Rolling | C2: Forming | D2: Sheet | E2: 5.92 | F2: 3.6020558 | J2: F1 | K2: =E2 -> 5.92 | L2: =downstream!O49 -> 0.42844239 | M2: =downstream!P49 -> 0.40904974 | N2: =downstream!Q49 -> 0.54510934 | O2: =downstream!R49 -> 0.53650573 | P2: =downstream!S49 -> 0.1874353 | Q2: =downstream!T49 -> 0.37863358 | R2: =downstream!U49 -> 1.187158 | S2: =downstream!V49 -> 0.0973593
A3: F2 | B3: Extrusion | C3: Forming | D3: Extrusions | E3: 6.712 | F3: 3.8994923 | J3: F2 | K3: =E3 -> 6.712 | L3: =downstream!O50 -> 0.65253474 | M3: =downstream!P50 -> 0.11608786 | N3: =downstream!Q50 -> 0.39281303 | O3: =downstream!R50 -> 0.33293043 | P3: =downstream!S50 -> 0.26296893 | Q3: =downstream!T50 -> 0.31154237 | R3: =downstream!U50 -> 0 | S3: =downstream!V50 -> 0.118329
A4: F3 | B4: Drawing | C4: Forming | D4: Cable | E4: 6.712 | F4: 3.8994923 | J4: F3 | K4: =E4 -> 6.712 | L4: =downstream!O51 -> 0.0096979685 | M4: =downstream!P51 -> 0.00091407763 | N4: =downstream!Q51 -> 0.0065004521 | O4: =downstream!R51 -> 0.0035342934 | P4: =downstream!S51 -> 0.50747409 | Q4: =downstream!T51 -> 0.0092997721 | R4: =downstream!U51 -> 0.0002390572 | S4: =downstream!V51 -> 0.0074891769
A5: F4 | B5: Forging | C5: Forming | D5: Forging | E5: 5.92 | F5: 3.6020558 | J5: F4 | K5: =E5 -> 5.92 | L5: =downstream!O52 -> 0 | M5: =downstream!P52 -> 0.016681917 | N5: =downstream!Q52 -> 0.065468839 | O5: =downstream!R52 -> 0.012723456 | P5: =downstream!S52 -> 0.00055950837 | Q5: =downstream!T52 -> 0.0066426944 | R5: =downstream!U52 -> 0 | S5: =downstream!V52 -> 0.16176622
A6: SC1 | B6: Sand_casting | C6: Forming | D6: Castings | E6: 3.099 | F6: 2.3 | J6: SC1 | K6: =E6 -> 3.099 | L6: =downstream!O53 -> 0.006235767 | M6: =downstream!P53 -> 0.30056851 | N6: =downstream!Q53 -> 0.0991535 | O6: =downstream!R53 -> 0.1219597 | P6: =downstream!S53 -> 0.061279519 | Q6: =downstream!T53 -> 0.19865985 | R6: =downstream!U53 -> 0 | S6: =downstream!V53 -> 0.32210479
A7: SC2 | B7: Permanent_mold_casting | C7: Forming | D7: Castings | E7: =E6 -> 3.099 | F7: 2.3 | J7: SC2 | K7: =E7 -> 3.099 | L7: =downstream!O54 -> 0.0042766624 | M7: =downstream!P54 -> 0.20613824 | N7: =downstream!Q54 -> 0.068002227 | O7: =downstream!R54 -> 0.083643349 | P7: =downstream!S54 -> 0.042027197 | Q7: =downstream!T54 -> 0.13624645 | R7: =downstream!U54 -> 0 | S7: =downstream!V54 -> 0.22090842
A8: SC3 | B8: Die_casting | C8: Forming | D8: Castings | E8: =E6 -> 3.099 | F8: 2.3 | J8: SC3 | K8: =E8 -> 3.099 | L8: =downstream!O55 -> 0.0019563872 | M8: =downstream!P55 -> 0.094299287 | N8: =downstream!Q55 -> 0.031108063 | O8: =downstream!R55 -> 0.038263197 | P8: =downstream!S55 -> 0.019225616 | Q8: =downstream!T55 -> 0.062326828 | R8: =downstream!U55 -> 0 | S8: =downstream!V55 -> 0.101056
J9: kg-in/kg-out | L9: =SUM(L2:L8) -> 1.1031439 | M9: =SUM(M2:M8) -> 1.1437396 | N9: =SUM(N2:N8) -> 1.2081555 | O9: =SUM(O2:O8) -> 1.1295602 | P9: =SUM(P2:P8) -> 1.0809702 | Q9: =SUM(Q2:Q8) -> 1.1033515 | R9: =SUM(R2:R8) -> 1.1873971 | S9: =SUM(S2:S8) -> 1.0290129
J10: Yield | L10: =1/L9 -> 0.90650004 | M10: =1/M9 -> 0.87432486 | N10: =1/N9 -> 0.82770805 | O10: =1/O9 -> 0.88530035 | P10: =1/P9 -> 0.92509491 | Q10: =1/Q9 -> 0.90632946 | R10: =1/R9 -> 0.84217824 | S10: =1/S9 -> 0.9718051
J12: Feedstock | L12: =SUMPRODUCT($E$2:$E$8,L2:L8) -> 7.0199258 | M12: =SUMPRODUCT($E$2:$E$8,M2:M8) -> 5.1681661 | N12: =SUMPRODUCT($E$2:$E$8,N2:N8) -> 6.9092344 | O12: =SUMPRODUCT($E$2:$E$8,O2:O8) -> 6.2655295 | P12: =SUMPRODUCT($E$2:$E$8,P2:P8) -> 6.6638706 | Q12: =SUMPRODUCT($E$2:$E$8,Q2:Q8) -> 5.6653534 | R12: =SUMPRODUCT($E$2:$E$8,R2:R8) -> 7.0295801 | S12: =SUMPRODUCT($E$2:$E$8,S2:S8) -> 4.3744852
J13: Gate-to-Gate | L13: {=TRANSPOSE(Process!S16:S23)} -> 0.33094317 | M13: 0.35069301 | N13: 0.37044417 | O13: 0.33886805 | P13: 0.32429105 | Q13: 0.33100546 | R13: 1.3344161 | S13: 0.30870387
J14: Cradle-to-Gate | L14: =SUM(L12:L13) -> 7.3508689 | M14: =SUM(M12:M13) -> 5.5188592 | N14: =SUM(N12:N13) -> 7.2796786 | O14: =SUM(O12:O13) -> 6.6043976 | P14: =SUM(P12:P13) -> 6.9881616 | Q14: =SUM(Q12:Q13) -> 5.9963589 | R14: =SUM(R12:R13) -> 8.3639963 | S14: =SUM(S12:S13) -> 4.683189

Sheet Display
B1: B | C1: S | D1: E | E1: R1 | F1: R2 | G1: C1 | H1: C2 | I1: F1 | J1: F2 | K1: F3 | L1: F4 | M1: SC1 | N1: SC2 | O1: SC3 | P1: P1 | Q1: P2 | R1: P3 | S1: P4 | T1: P5 | U1: P6 | V1: P7 | W1: P8 | X1: Use | Y1: Export | Z1: Loss | AA1: Outflow | AE1: Table S7: Reorganized Shipment | AF1: Construction | AG1: Trans. Auto | AH1: Trans. Other | AI1: Durables | AJ1: Electrical | AK1: Machinery | AL1: Container | AM1: Other | AN1: Export | AO1: Total | AQ1: Table S17 | AR1: Alloy Consumption | AS1: Index | AT1: Forming Sector | AU1: η | AV1: Semi Produced | AW1: Scrap Outflow | AX1: Loss | AY1: Ingots Consumed | AZ1: Verify | BB1: Table S21 | BC1: Alloy Supply Profile | BD1: Index | BE1: Alloy Category | BF1: Virgin | BG1: Sweetener | BH1: Total Primary | BK1: Table S24 | BL1: Electrolysis Outflows | BM1: Category | BN1: Amount (kt) | BO1: Fraction | BQ1: Table S27 | BR1: Remelter Inflows | BS1: Feedstock | BT1: Amount (kt) | BU1: Weight Ratio
A2: B | B2: =Raw!B2 -> 0 | C2: =Raw!C2 -> 0 | D2: =Raw!D2 -> 385.41176 | E2: =Raw!E2 -> 0 | F2: =Raw!F2 -> 0 | G2: =Raw!G2 -> 0 | H2: =Raw!H2 -> 0 | I2: =Raw!I2 -> 0 | ... X2: =Raw!X2 -> 0 | Y2: =Raw!Y2+Raw!Z2 -> 302.82353 | Z2: =Raw!AA2 -> 37.814706 | AA2: =SUM(B2:Z2) -> 726.05 | AD2: 0.453592 | AE2: Sheet and Foil | AF2: =Raw!P32*$AD$2 -> 561.0933 | AG2: =Raw!Q32*$AD$2 -> 811.92968 | AH2: =Raw!R32*$AD$2 -> 532.51701 | AI2: =Raw!S32*$AD$2 -> 344.27633 | AJ2: =Raw!T32*$AD$2 -> 151.95332 | AK2: =Raw!U32*$AD$2 -> 258.54744 | AL2: =Raw!V32*$AD$2 -> 2252.5379 | AM2: =Raw!W32*$AD$2 -> 29.48348 | AN2: =Raw!Y32*$AD$2 -> 286.67014 | AO2: =SUM(AF2:AN2) -> 5229.0086 | AS2: F1 | AT2: Rolling | AU2: =Process!Q9 -> 0.70768 | AV2: =AO15 -> 4025.3285 | AW2: =Raw!AF9 -> 1662.7346 | AX2: =Raw!AA9 -> 0 | AY2: =SUM(AV2:AX2) -> 5688.0631 | AZ2: =Raw!AC9 -> 5688.0631 | BD2: F1 | BE2: Rolling | BF2: =upstream!M13 -> 0.08178 | BG2: =upstream!O13 -> 0.2052 | BH2: =BF2+BG2 -> 0.28698 | BI2: =BJ11/BF11 -> 0.28698 | BM2: Virgin (C1) | BN2: =upstream!F8 -> 715.80655 | BO2: =BN2/$BN$8 -> 0.69832661 | BS2: Domestic Pre-consumer | BT2: =upstream!W12 -> 3174.781 | BU2: =BT2/$BT$7 -> 0.46600634
A3: S | B3: =Raw!B3 -> 0 | C3: =Raw!C3 -> 0 | D3: =Raw!D3 -> 0 | E3: =Raw!E3 -> 2220.931 | F3: =Raw!F3 -> 1638.0024 | G3: =Raw!G3 -> 0 | H3: =Raw!H3 -> 0 | I3: =Raw!I3 -> 0 | ... X3: =Raw!X3 -> 0 | Y3: =Raw!Y3+Raw!Z3 -> 1894.6816 | Z3: =Raw!AA3 -> 0 | AA3: =SUM(B3:Z3) -> 5753.615 | AE3: Extrusions | AF3: =Raw!P33*$AD$2 -> 854.56733 | AG3: =Raw!Q33*$AD$2 -> 230.42474 | AH3: =Raw!R33*$AD$2 -> 383.73883 | AI3: =Raw!S33*$AD$2 -> 213.64183 | AJ3: =Raw!T33*$AD$2 -> 213.18824 | AK3: =Raw!U33*$AD$2 -> 212.73465 | AL3: =Raw!V33*$AD$2 -> 0 | AM3: =Raw!W33*$AD$2 -> 35.833768 | AN3: =Raw!Y33*$AD$2 -> 158.7572 | AO3: =SUM(AF3:AN3) -> 2302.8866 | AS3: F2 | AT3: Extrusion | AU3: =Process!Q10 -> 0.73855 | AV3: =AO16 -> 1769.7135 | AW3: =Raw!AF10 -> 626.48649 | AX3: =Raw!AA10 -> 0 | AY3: =SUM(AV3:AX3) -> 2396.2 | AZ3: =Raw!AC10 -> 2396.2 | BD3: F2 | BE3: Extrusion | BF3: =upstream!M14 -> 0.19570707 | BG3: =upstream!O14 -> 0.16779293 | BH3: =BF3+BG3 -> 0.3635 | BI3: =BJ12/BF12 -> 0.3635 | BM3: Virgin (C2) | BN3: =upstream!G8 -> 231.48744 | BO3: =BN3/$BN$8 -> 0.22583454 | BS3: Imported Pre-consumer | BT3: =upstream!W13 -> 1091.8433 | BU3: =BT3/$BT$7 -> 0.16026488
A4: E | B4: =Raw!B4 -> 0 | C4: =Raw!C4 -> 0 | D4: =Raw!D4 -> 0 | E4: =Raw!E4 -> 31.353004 | F4: =Raw!F4 -> 31.353004 | G4: =Raw!G4 -> 715.80655 | H4: =Raw!H4 -> 231.48744 | I4: =Raw!I4 -> 0 | ... X4: =Raw!X4 -> 0 | Y4: =Raw!Y4+Raw!Z4 -> 0 | Z4: =Raw!AA4 -> 15.031176 | AA4: =SUM(B4:Z4) -> 1025.0312 | AE4: Cable/Wire | AF4: =Raw!P34*$AD$2 -> 12.700576 | AG4: =Raw!Q34*$AD$2 -> 1.814368 | AH4: =Raw!R34*$AD$2 -> 6.350288 | AI4: =Raw!S34*$AD$2 -> 2.26796 | AJ4: =Raw!T34*$AD$2 -> 411.40794 | AK4: =Raw!U34*$AD$2 -> 6.350288 | AL4: =Raw!V34*$AD$2 -> 0.453592 | AM4: =Raw!W34*$AD$2 -> 2.26796 | AN4: =Raw!Y34*$AD$2 -> 8.164656 | AO4: =SUM(AF4:AN4) -> 451.77763 | AS4: F3 | AT4: Wire Drawing | AU4: =Process!Q11 -> 0.73855 | AV4: =AO17 -> 349.34729 | AW4: =Raw!AF11 -> 123.6705 | AX4: =Raw!AA11 -> 0 | AY4: =SUM(AV4:AX4) -> 473.01779 | AZ4: =Raw!AC11 -> 473.01779 | BD4: F3 | BE4: Wire Drawing | BF4: =upstream!M15 -> 0.196 | BG4: =upstream!O15 -> 0.16779293 | BH4: =BF4+BG4 -> 0.36379293 | BI4: =BJ13/BF13 -> 0.36379293 | BM4: Sweetener (R1) | BN4: =upstream!H8 -> 31.353004 | BO4: =BN4/$BN$8 -> 0.030587366 | BS4: Pre-consumer (u) | BT4: =SUM(BT2:BT3) -> 4266.6243 | BU4: =BT4/$BT$7 -> 0.62627122 | BV4: u | BW4: high quality: preconsumer + import
A5: R1 | B5: =Raw!B5 -> 0 | C5: =Raw!C5 -> 0 | D5: =Raw!D5 -> 0 | E5: =Raw!E5 -> 0 | F5: =Raw!F5 -> 0 | G5: =Raw!G5 -> 6472.1049 | H5: =Raw!H5 -> 0 | I5: =Raw!I5 -> 0 | ... X5: =Raw!X5 -> 0 | Y5: =Raw!Y5+Raw!Z5 -> 0 | Z5: =Raw!AA5 -> 340.6371 | AA5: =SUM(B5:Z5) -> 6812.742 | AE5: Forgings and Powders | AF5: =Raw!P35*$AD$2 -> 0 | AG5: =Raw!Q35*$AD$2 -> 33.112216 | AH5: =Raw!R35*$AD$2 -> 63.956472 | AI5: =Raw!S35*$AD$2 -> 8.164656 | AJ5: =Raw!T35*$AD$2 -> 0.453592 | AK5: =Raw!U35*$AD$2 -> 4.53592 | AL5: =Raw!V35*$AD$2 -> 0 | AM5: =Raw!W35*$AD$2 -> 48.987936 | AN5: =Raw!Y35*$AD$2 -> 12.246984 | AO5: =SUM(AF5:AN5) -> 171.45778 | AS5: F4 | AT5: Forging and Powdering | AU5: =Process!Q12 -> 0.8 | AV5: =AO18 -> 131.72096 | AW5: =Raw!AF12 -> 32.930239 | AX5: =Raw!AA12 -> 0 | AY5: =SUM(AV5:AX5) -> 164.6512 | AZ5: =Raw!AC12 -> 164.6512 | BD5: F4 | BE5: Forging and Powdering | BF5: =upstream!M16 -> 0.196 | BG5: =upstream!O16 -> 0.16779293 | BH5: =BF5+BG5 -> 0.36379293 | BI5: =BJ14/BF14 -> 0.36379293 | BM5: Sweetener (R2) | BN5: =upstream!I8 -> 31.353004 | BO5: =BN5/$BN$8 -> 0.030587366 | BS5: Post-consumer (v) | BT5: =upstream!W2 -> 1129.0877 | BU5: =BT5/$BT$7 -> 0.16573175 | BV5: v | BW5: Reduced compositional mismatch will yield a higher x2 through optimization
A6: R2 | B6: =Raw!B6 -> 0 | C6: =Raw!C6 -> 0 | D6: =Raw!D6 -> 0 | E6: =Raw!E6 -> 0 | F6: =Raw!F6 -> 0 | G6: =Raw!G6 -> 0 | H6: =Raw!H6 -> 1995.482 | I6: =Raw!I6 -> 0 | ... X6: =Raw!X6 -> 0 | Y6: =Raw!Y6+Raw!Z6 -> 0 | Z6: =Raw!AA6 -> 105.02537 | AA6: =SUM(B6:Z6) -> 2100.5074 | AE6: Die Castings | AF6: =Raw!P36*$AD$2 -> 16.329312 | AG6: =Raw!Q36*$AD$2 -> 501.03772 | AH6: =Raw!R36*$AD$2 -> 112.13272 | AI6: =Raw!S36*$AD$2 -> 93.893544 | AJ6: =Raw!T36*$AD$2 -> 59.601989 | AK6: =Raw!U36*$AD$2 -> 162.74881 | AL6: =Raw!V36*$AD$2 -> 0 | AM6: =Raw!W36*$AD$2 -> 117.02674 | AN6: =Raw!Y36*$AD$2 -> 393.80366 | AO6: =SUM(AF6:AN6) -> 1456.5745 | AS6: SC1 | AT6: Die Casting | AU6: =Raw!AE13/Raw!AC13 -> 0.95684803 | AV6: =AO19 -> 1091.6773 | AW6: 0 | AX6: =Raw!AA13 -> 49.232507 | AY6: =SUM(AV6:AX6) -> 1140.9098 | AZ6: =Raw!AC13 -> 1140.9098 | BD6: SC1 | BE6: Die Casting | BF6: =upstream!M23 -> 0.15 | BG6: =upstream!O23 -> 0.04675 | BH6: =BF6+BG6 -> 0.19675 | BI6: =BJ18/BF18 -> 0.19675 | BM6: Total Primary | BN6: =SUM(BN2:BN5) -> 1010 | BO6: =BN6/$BN$8 -> 0.98533588 | BS6: Sweetener (w) | BT6: =upstream!Y17 -> 1417.0301 | BU6: =BT6/$BT$7 -> 0.20799703 | BV6: w | BW6: if x1 is fixed, increasing x2 will result in lower sweetener
A7: C1 | B7: =Raw!B7 -> 0 | C7: =Raw!C7 -> 0 | D7: =Raw!D7 -> 0 | E7: =Raw!E7 -> 0 | F7: =Raw!F7 -> 0 | G7: =Raw!G7 -> 0 | H7: =Raw!H7 -> 0 | I7: =Raw!I7 -> 4834.8536 | ... X7: =Raw!X7 -> 0 | Y7: =Raw!Y7+Raw!Z7 -> 91.691272 | Z7: =Raw!AA7 -> 0 | AA7: =SUM(B7:Z7) -> 7353.64 | AE7: Perm. Mold Castings | AF7: =Raw!P37*$AD$2 -> 0 | AG7: =Raw!Q37*$AD$2 -> 461.27282 | AH7: =Raw!R37*$AD$2 -> 50.969417 | AI7: =Raw!S37*$AD$2 -> 46.946772 | AJ7: =Raw!T37*$AD$2 -> 29.800994 | AK7: =Raw!U37*$AD$2 -> 81.374405 | AL7: =Raw!V37*$AD$2 -> 0 | AM7: =Raw!W37*$AD$2 -> 58.513368 | AN7: =Raw!Y37*$AD$2 -> 270.0815 | AO7: =SUM(AF7:AN7) -> 998.95928 | AS7: SC2 | AT7: Perm. Mold Casting | AU7: =Raw!AE14/Raw!AC14 -> 0.95684803 | AV7: =AO20 -> 748.70265 | AW7: 0 | AX7: =Raw!AA14 -> 33.765022 | AY7: =SUM(AV7:AX7) -> 782.46768 | AZ7: =Raw!AC14 -> 782.46768 | BD7: SC2 | BE7: Perm. Mold Casting | BF7: =upstream!M24 -> 0.1 | BG7: =upstream!O24 -> 0.0495 | BH7: =BF7+BG7 -> 0.1495 | BI7: =BJ19/BF19 -> 0.1495 | BM7: Loss | BN7: =upstream!E9 -> 15.031176 | BO7: =BN7/$BN$8 -> 0.014664116 | BS7: Total | BT7: =SUM(BT4:BT6) -> 6812.742 | BU7: =BT7/$BT$7 -> 1
A8: C2 | B8: =Raw!B8 -> 0 | C8: =Raw!C8 -> 0 | D8: =Raw!D8 -> 0 | E8: =Raw!E8 -> 0 | F8: =Raw!F8 -> 0 | G8: =Raw!G8 -> 0 | H8: =Raw!H8 -> 0 | I8: =Raw!I8 -> 0 | ... X8: =Raw!X8 -> 0 | Y8: =Raw!Y8+Raw!Z8 -> 113.30873 | Z8: =Raw!AA8 -> 0 | AA8: =SUM(B8:Z8) -> 2280.5651 | AE8: Sand Castings | AF8: =Raw!P38*$AD$2 -> 0 | AG8: =Raw!Q38*$AD$2 -> 230.63641 | AH8: =Raw!R38*$AD$2 -> 30.58165 | AI8: =Raw!S38*$AD$2 -> 15.648924 | AJ8: =Raw!T38*$AD$2 -> 9.9336648 | AK8: =Raw!U38*$AD$2 -> 27.124802 | AL8: =Raw!V38*$AD$2 -> 0 | AM8: =Raw!W38*$AD$2 -> 19.504456 | AN8: =Raw!Y38*$AD$2 -> 123.55055 | AO8: =SUM(AF8:AN8) -> 456.98046 | AS8: SC3 | AT8: Sand Casting | AU8: =Raw!AE15/Raw!AC15 -> 0.95684803 | AV8: =AO21 -> 342.49893 | AW8: 0 | AX8: =Raw!AA15 -> 15.44603 | AY8: =SUM(AV8:AX8) -> 357.94496 | AZ8: =Raw!AC15 -> 357.94496 | BD8: SC3 | BE8: Sand Casting | BF8: =upstream!M25 -> 0.1 | BG8: =upstream!O25 -> 0.0495 | BH8: =BF8+BG8 -> 0.1495 | BI8: =BJ20/BF20 -> 0.1495 | BM8: Total | BN8: =BN6+BN7 -> 1025.0312 | BO8: =BN8/$BN$8 -> 1
A9: F1 | B9: =Raw!B9 -> 0 | C9: =Raw!C9 -> 0 | D9: =Raw!D9 -> 0 | E9: =Raw!E9 -> 1496.4611 | F9: =Raw!F9 -> 166.27346 | G9: =Raw!G9 -> 0 | H9: =Raw!H9 -> 0 | I9: =Raw!I9 -> 0 | ... X9: =Raw!X9 -> 0 | Y9: =Raw!Y9+Raw!Z9 -> 195.13086 | Z9: =Raw!AA9 -> 0 | AA9: =SUM(B9:Z9) -> 5688.0631 | AE9: Total | AF9: =Raw!P40 -> 1444.6905 | AG9: =Raw!Q40 -> 2270.228 | AH9: =Raw!R40 -> 1180.2464 | AI9: =Raw!S40 -> 724.84002 | AJ9: =Raw!T40 -> 876.33974 | AK9: =Raw!U40 -> 753.41631 | AL9: =Raw!V40 -> 2252.9915 | AM9: =Raw!W40 -> 311.6177 | AN9: =Raw!Y40 -> 1253.2747 | AO9: =Raw!Z40 -> 11067.645 | AT9: Aggregate | AU9: =AV9/AY9 -> 0.76877156 | AV9: =SUM(AV2:AV8) -> 8458.9891 | AW9: =SUM(AW2:AW8) -> 2445.8218 | AX9: =SUM(AX2:AX8) -> 98.443558 | AY9: =SUM(AV9:AX9) -> 11003.254 | AZ9: =SUM(AZ2:AZ8) -> 11003.254 | BQ9: Table S28 | BR9: Refiner Inflows | BS9: Feedstock | BT9: Amount (kt) | BU9: Weight Ratio
A10: F2 | B10: =Raw!B10 -> 0 | C10: =Raw!C10 -> 0 | D10: =Raw!D10 -> 0 | E10: =Raw!E10 -> 563.83784 | F10: =Raw!F10 -> 62.648649 | G10: =Raw!G10 -> 0 | H10: =Raw!H10 -> 0 | I10: =Raw!I10 -> 0 | ... X10: =Raw!X10 -> 0 | Y10: =Raw!Y10+Raw!Z10 -> 108.06298 | Z10: =Raw!AA10 -> 0 | AA10: =SUM(B10:Z10) -> 2396.2 | AF10: =SUM(AF2:AF8) -> 1444.6905 | AG10: =SUM(AG2:AG8) -> 2270.228 | AH10: =SUM(AH2:AH8) -> 1180.2464 | AI10: =SUM(AI2:AI8) -> 724.84002 | AJ10: =SUM(AJ2:AJ8) -> 876.33974 | AK10: =SUM(AK2:AK8) -> 753.41631 | AL10: =SUM(AL2:AL8) -> 2252.9915 | AM10: =SUM(AM2:AM8) -> 311.6177 | ... AO10: =SUM(AO2:AO8) -> 11067.645 | BB10: Table S22 | BC10: C1 Supply Profile | BD10: Index | BE10: Alloy Category | BF10: Metal Consumed | BG10: Virgin | BH10: Recycled | BI10: Sweetener (R1) | BJ10: Primary | BK10: Table S25 | BL10: Bayer outflows | BM10: Outflow | BN10: Amount (kt) | BO10: Fraction | BS10: Domestic Pre-consumer | BT10: =upstream!W24 -> 352.75344 | BU10: =BT10/$BT$15 -> 0.16793725
A11: F3 | B11: =Raw!B11 -> 0 | C11: =Raw!C11 -> 0 | D11: =Raw!D11 -> 0 | E11: =Raw!E11 -> 111.30345 | F11: =Raw!F11 -> 12.36705 | G11: =Raw!G11 -> 0 | H11: =Raw!H11 -> 0 | I11: =Raw!I11 -> 0 | ... X11: =Raw!X11 -> 0 | Y11: =Raw!Y11+Raw!Z11 -> 5.5575244 | Z11: =Raw!AA11 -> 0 | AA11: =SUM(B11:Z11) -> 473.01779 | AQ11: Table S16 | AR11: Shape Casting Scrap Flows | AS11: Index | AT11: Subsector | AU11: Loss | AV11: Scrap Recycled | AW11: Scrap Generated | BD11: F1 | BE11: Rolling | BF11: =AY28 -> 4895.8997 | BG11: =upstream!L13 -> 400.38668 | BH11: =upstream!N13 -> 4495.5131 | BI11: =upstream!P13 -> 1004.6386 | BJ11: =BG11+BI11 -> 1405.0253 | BL11: in aluminum content | BM11: [B, E] | BN11: =upstream!E2 -> 385.41176 | BO11: =BN11/$BN$15 -> 0.53083364 | BS11: Imported Pre-consumer | BT11: =upstream!W25 -> 277.39877 | BU11: =BT11/$BT$15 -> 0.13206275
A12: F4 | B12: =Raw!B12 -> 0 | C12: =Raw!C12 -> 0 | D12: =Raw!D12 -> 0 | E12: =Raw!E12 -> 29.637215 | F12: =Raw!F12 -> 3.2930239 | G12: =Raw!G12 -> 0 | H12: =Raw!H12 -> 0 | I12: =Raw!I12 -> 0 | ... X12: =Raw!X12 -> 0 | Y12: =Raw!Y12+Raw!Z12 -> 8.3362866 | Z12: =Raw!AA12 -> 0 | AA12: =SUM(B12:Z12) -> 164.6512 | AS12: SC1 | AT12: Die Casting | AU12: =Raw!AA13 -> 49.232507 | AV12: =AU12*4 -> 196.93003 | AW12: =SUM(AU12:AV12) -> 246.16253 | AX12: =AV6/(AY6+AV12) -> 0.816 | BD12: F2 | BE12: Extrusion | BF12: =AY29 -> 1941.164 | BG12: =upstream!L14 -> 379.89953 | BH12: =upstream!N14 -> 1561.2645 | BI12: =upstream!P14 -> 325.7136 | BJ12: =BG12+BI12 -> 705.61312 | BM12: Export | BN12: =upstream!E3 -> 302.82353 | BO12: =BN12/$BN$15 -> 0.41708357 | BS12: Pre-consumer (u) | BT12: =SUM(BT10:BT11) -> 630.15221 | BU12: =BT12/$BT$15 -> 0.3 | BV12: u
A13: SC1 | B13: =Raw!B13 -> 0 | C13: =Raw!C13 -> 0 | D13: =Raw!D13 -> 0 | E13: =Raw!E13 -> 0 | F13: =Raw!F13 -> 0 | G13: =Raw!G13 -> 0 | H13: =Raw!H13 -> 0 | I13: =Raw!I13 -> 0 | ... X13: =Raw!X13 -> 0 | Y13: =Raw!Y13+Raw!Z13 -> 268.05459 | Z13: =Raw!AA13 -> 49.232507 | AA13: =SUM(B13:Z13) -> 1140.9098 | AF13: P1 | AG13: P2 | AH13: P3 | AI13: P4 | AJ13: P5 | AK13: P6 | AL13: P7 | AM13: P8 | AS13: SC2 | AT13: Perm. Mold Casting | AU13: =Raw!AA14 -> 33.765022 | AV13: =AU13*4 -> 135.06009 | AW13: =SUM(AU13:AV13) -> 168.82511 | AX13: =AV7/(AY7+AV13) -> 0.816 | BD13: F3 | BE13: Wire Drawing | BF13: =AY30 -> 383.19219 | BG13: =upstream!L15 -> 75.105669 | BH13: =upstream!N15 -> 308.08652 | BI13: =upstream!P15 -> 64.29694 | BJ13: =BG13+BI13 -> 139.40261 | BM13: Total Alumina | BN13: =SUM(BN11:BN12) -> 688.23529 | BO13: =BN13/BN15 -> 0.94791722 | BS13: Post-consumer (v) | BT13: =upstream!W27 -> 1360.6037 | BU13: =BT13/$BT$15 -> 0.64775 | BV13: v
A14: SC2 | B14: =Raw!B14 -> 0 | C14: =Raw!C14 -> 0 | D14: =Raw!D14 -> 0 | E14: =Raw!E14 -> 0 | F14: =Raw!F14 -> 0 | G14: =Raw!G14 -> 0 | H14: =Raw!H14 -> 0 | I14: =Raw!I14 -> 0 | ... X14: =Raw!X14 -> 0 | Y14: =Raw!Y14+Raw!Z14 -> 183.83929 | Z14: =Raw!AA14 -> 33.765022 | AA14: =SUM(B14:Z14) -> 782.46768 | AE14: Table S8: Semi Flows Summary | AF14: =AF1 -> Construction | AG14: =AG1 -> Trans. Auto | AH14: =AH1 -> Trans. Other | AI14: =AI1 -> Durables | AJ14: =AJ1 -> Electrical | AK14: =AK1 -> Machinery | AL14: =AL1 -> Container | AM14: =AM1 -> Other | AN14: =AN1 -> Export | AO14: Total | AS14: SC3 | AT14: Sand Casting | AU14: =Raw!AA15 -> 15.44603 | AV14: =AU14*4 -> 61.78412 | AW14: =SUM(AU14:AV14) -> 77.23015 | AX14: =AV8/(AY8+AV14) -> 0.816 | BD14: F4 | BE14: Forging and Powdering | BF14: =AY31 -> 133.3841 | BG14: =upstream!L16 -> 26.143284 | BH14: =upstream!N16 -> 107.24082 | BI14: =upstream!P16 -> 22.380909 | BJ14: =BG14+BI14 -> 48.524192 | BM14: Loss | BN14: =upstream!E4 -> 37.814706 | BO14: =BN14/$BN$15 -> 0.052082785 | BS14: Sweetener (w) | BT14: =upstream!Y29 -> 109.75151 | BU14: =BT14/$BT$15 -> 0.05225 | BV14: w
A15: SC3 | B15: =Raw!B15 -> 0 | C15: =Raw!C15 -> 0 | D15: =Raw!D15 -> 0 | E15: =Raw!E15 -> 0 | F15: =Raw!F15 -> 0 | G15: =Raw!G15 -> 0 | H15: =Raw!H15 -> 0 | I15: =Raw!I15 -> 0 | ... X15: =Raw!X15 -> 0 | Y15: =Raw!Y15+Raw!Z15 -> 84.098484 | Z15: =Raw!AA15 -> 15.44603 | AA15: =SUM(B15:Z15) -> 357.94496 | AD15: F1 | AE15: =AE2 -> Sheet and Foil | AF15: =Raw!P9 -> 434.83429 | AG15: =Raw!Q9 -> 629.22666 | AH15: =Raw!R9 -> 412.68833 | AI15: =Raw!S9 -> 266.80617 | AJ15: =Raw!T9 -> 117.7603 | AK15: =Raw!U9 -> 200.36827 | AL15: =Raw!V9 -> 1745.6646 | AM15: =Raw!W9 -> 22.849013 | AN15: =Raw!Y9 -> 195.13086 | AO15: =SUM(AF15:AN15) -> 4025.3285 | BE15: Deformation Total | BF15: =SUM(BF11:BF14) -> 7353.64 | BG15: =SUM(BG11:BG14) -> 881.53516 | BH15: =SUM(BH11:BH14) -> 6472.1049 | BI15: =SUM(BI11:BI14) -> 1417.0301 | BJ15: =SUM(BJ11:BJ14) -> 2298.5652 | BM15: Total Outflow | BN15: =BN13+BN14 -> 726.05 | BO15: =BN15/$BN$15 -> 1 | BS15: Total | BT15: =SUM(BT12:BT14) -> 2100.5074 | BU15: =BT15/$BT$15 -> 1
A16: P1 | B16: =Raw!B16 -> 0 | C16: =Raw!C16 -> 0 | D16: =Raw!D16 -> 0 | E16: =Raw!E16 -> 108.91113 | F16: =Raw!F16 -> 12.101236 | G16: =Raw!G16 -> 0 | H16: =Raw!H16 -> 0 | I16: =Raw!I16 -> 0 | ... W16: =Raw!W16 -> 0 | X16: =end_use!M2-end_use!O2 -> 1134.4683 | Y16: =end_use!O2 -> 38.769757 | Z16: =Raw!AA16 -> 0 | AA16: =SUM(B16:Z16) -> 1294.2504 | AB16: =end_use!L2 -> 1294.2504 | AD16: F2 | AE16: =AE3 -> Extrusions | AF16: =Raw!P10 -> 662.26985 | AG16: =Raw!Q10 -> 178.57382 | AH16: =Raw!R10 -> 297.38869 | AI16: =Raw!S10 -> 165.56746 | AJ16: =Raw!T10 -> 165.21594 | AK16: =Raw!U10 -> 164.86442 | AL16: =Raw!V10 -> 0 | AM16: =Raw!W10 -> 27.770339 | AN16: =Raw!Y10 -> 108.06298 | AO16: =SUM(AF16:AN16) -> 1769.7135 | BI16: =BI15/BH15 -> 0.21894424
A17: P2 | B17: =Raw!B17 -> 0 | C17: =Raw!C17 -> 0 | D17: =Raw!D17 -> 0 | E17: =Raw!E17 -> 230.04078 | F17: =Raw!F17 -> 25.560087 | G17: =Raw!G17 -> 0 | H17: =Raw!H17 -> 0 | I17: =Raw!I17 -> 0 | ... W17: =Raw!W17 -> 0 | X17: =end_use!M3-end_use!O3 -> 1197.9821 | Y17: =end_use!O3 -> 580.23903 | Z17: =Raw!AA17 -> 0 | AA17: =SUM(B17:Z17) -> 2033.822 | AB17: =end_use!L3 -> 2033.822 | AD17: F3 | AE17: =AE4 -> Cable/Wire | AF17: =Raw!P11 -> 9.8426517 | AG17: =Raw!Q11 -> 1.4060931 | AH17: =Raw!R11 -> 4.9213259 | AI17: =Raw!S11 -> 1.7576164 | AJ17: =Raw!T11 -> 318.83161 | AK17: =Raw!U11 -> 4.9213259 | AL17: =Raw!V11 -> 0.35152328 | AM17: =Raw!W11 -> 1.7576164 | AN17: =Raw!Y11 -> 5.5575244 | AO17: =SUM(AF17:AN17) -> 349.34729 | AU17: Alloy Input Sources | AW17: Alloy Output Targets | BB17: Table S23 | BC17: C2 Supply Profile | BD17: Index | BE17: Alloy Category | BF17: Metal Consumed | BG17: Virgin | BH17: Recycled | BI17: Sweetener (R2) | BJ17: Primary | BQ17: Table S26 | BR17: Post-Consumer Scrap in 2020
A18: P3 | B18: =Raw!B18 -> 0 | C18: =Raw!C18 -> 0 | D18: =Raw!D18 -> 0 | E18: =Raw!E18 -> 163.95462 | F18: =Raw!F18 -> 18.21718 | G18: =Raw!G18 -> 0 | H18: =Raw!H18 -> 0 | I18: =Raw!I18 -> 0 | ... W18: =Raw!W18 -> 0 | X18: =end_use!M4-end_use!O4 -> 688.17932 | Y18: =end_use!O4 -> 186.99253 | Z18: =Raw!AA18 -> 0 | AA18: =SUM(B18:Z18) -> 1057.3436 | AB18: =end_use!L4 -> 1057.3436 | AD18: F4 | AE18: =AE5 -> Forgings and Powders | AF18: =Raw!P12 -> 0 | AG18: =Raw!Q12 -> 25.661199 | AH18: =Raw!R12 -> 49.564782 | AI18: =Raw!S12 -> 6.327419 | AJ18: =Raw!T12 -> 0.35152328 | AK18: =Raw!U12 -> 3.5152328 | AL18: =Raw!V12 -> 0 | AM18: =Raw!W12 -> 37.964514 | AN18: =Raw!Y12 -> 8.3362866 | AO18: =SUM(AF18:AN18) -> 131.72096 | AQ18: Table S18 | AR18: Alloy Production | AS18: Index | AT18: Alloy Category | AU18: Domestic % | AV18: Import % | AW18: Domestic % | AX18: Export % | BD18: SC1 | BE18: Die Casting | BF18: =AY35 -> 1140.531 | BG18: =upstream!L23 -> 171.07966 | BH18: =upstream!N23 -> 969.45139 | BI18: =upstream!P23 -> 53.319826 | BJ18: =BG18+BI18 -> 224.39948 | BQ18: Table S29 | BR18: Index | BS18: Category | BT18: Collection Rate | BU18: Available (kt) | BV18: Collected (kt)
A19: P4 | B19: =Raw!B19 -> 0 | C19: =Raw!C19 -> 0 | D19: =Raw!D19 -> 0 | E19: =Raw!E19 -> 67.033247 | F19: =Raw!F19 -> 7.4481385 | G19: =Raw!G19 -> 0 | H19: =Raw!H19 -> 0 | I19: =Raw!I19 -> 0 | ... W19: =Raw!W19 -> 0 | X19: =end_use!M5-end_use!O5 -> 448.84092 | Y19: =end_use!O5 -> 126.03786 | Z19: =Raw!AA19 -> 0 | AA19: =SUM(B19:Z19) -> 649.36016 | AB19: =end_use!L5 -> 649.36016 | AD19: SC1 | AE19: Die Castings | AF19: =Raw!P13 -> 12.654838 | AG19: =Raw!Q13 -> 388.29261 | AH19: =Raw!R13 -> 86.900254 | AI19: =Raw!S13 -> 72.765318 | AJ19: =Raw!T13 -> 46.190158 | AK19: =Raw!U13 -> 126.12655 | AL19: =Raw!V13 -> 0 | AM19: =Raw!W13 -> 90.693005 | AN19: =Raw!Y13 -> 268.05459 | AO19: =SUM(AF19:AN19) -> 1091.6773 | AS19: F1 | AT19: Rolling | AU19: =upstream!F13 -> 0.85 | AV19: =1-AU19 -> 0.15 | AW19: =1-AX19 -> 0.98753117 | AX19: =upstream!H13/upstream!J13 -> 0.012468828 | BD19: SC2 | BE19: Perm. Mold Casting | BF19: =AY36 -> 782.2079 | BG19: =upstream!L24 -> 78.22079 | BH19: =upstream!N24 -> 703.98711 | BI19: =upstream!P24 -> 38.719291 | BJ19: =BG19+BI19 -> 116.94008 | BR19: P1 | BS19: Construction | BT19: =end_use!G2 -> 0.95 | BU19: =end_use!H2 -> 262.24073 | BV19: =end_use!I2 -> 249.12869
A20: P5 | B20: =Raw!B20 -> 0 | C20: =Raw!C20 -> 0 | D20: =Raw!D20 -> 0 | E20: =Raw!E20 -> 52.926092 | F20: =Raw!F20 -> 5.8806768 | G20: =Raw!G20 -> 0 | H20: =Raw!H20 -> 0 | I20: =Raw!I20 -> 0 | ... W20: =Raw!W20 -> 0 | X20: =end_use!M6-end_use!O6 -> 520.41828 | Y20: =end_use!O6 -> 205.8587 | Z20: =Raw!AA20 -> 0 | AA20: =SUM(B20:Z20) -> 785.08375 | AB20: =end_use!L6 -> 785.08375 | AD20: SC2 | AE20: Perm. Mold Castings | AF20: =Raw!P14 -> 0 | AG20: =Raw!Q14 -> 357.47574 | AH20: =Raw!R14 -> 39.500115 | AI20: =Raw!S14 -> 36.382659 | AJ20: =Raw!T14 -> 23.095079 | AK20: =Raw!U14 -> 63.063276 | AL20: =Raw!V14 -> 0 | AM20: =Raw!W14 -> 45.346503 | AN20: =Raw!Y14 -> 183.83929 | AO20: =SUM(AF20:AN20) -> 748.70265 | AS20: F2 | AT20: Extrusion | AU20: =upstream!F14 -> 0.8 | AV20: =1-AU20 -> 0.2 | AW20: =1-AX20 -> 0.98753117 | AX20: =upstream!H14/upstream!J14 -> 0.012468828 | BD20: SC3 | BE20: Sand Casting | BF20: =AY37 -> 357.82612 | BG20: =upstream!L25 -> 35.782612 | BH20: =upstream!N25 -> 322.04351 | BI20: =upstream!P25 -> 17.712393 | BJ20: =BG20+BI20 -> 53.495005 | BR20: P2 | BS20: Trans. Auto | BT20: =end_use!G3 -> 0.95 | BU20: =end_use!H3 -> 1413.8677 | BV20: =end_use!I3 -> 1343.1743
A21: P6 | B21: =Raw!B21 -> 0 | C21: =Raw!C21 -> 0 | D21: =Raw!D21 -> 0 | E21: =Raw!E21 -> 56.901543 | F21: =Raw!F21 -> 6.3223936 | G21: =Raw!G21 -> 0 | H21: =Raw!H21 -> 0 | I21: =Raw!I21 -> 0 | ... W21: =Raw!W21 -> 0 | X21: =end_use!M7-end_use!O7 -> 514.47686 | Y21: =end_use!O7 -> 97.259921 | Z21: =Raw!AA21 -> 0 | AA21: =SUM(B21:Z21) -> 674.96072 | AB21: =end_use!L7 -> 674.96072 | AD21: SC3 | AE21: Sand Castings | AF21: =Raw!P15 -> 0 | AG21: =Raw!Q15 -> 178.73787 | AH21: =Raw!R15 -> 23.700069 | AI21: =Raw!S15 -> 12.127553 | AJ21: =Raw!T15 -> 7.6983597 | AK21: =Raw!U15 -> 21.021092 | AL21: =Raw!V15 -> 0 | AM21: =Raw!W15 -> 15.115501 | AN21: =Raw!Y15 -> 84.098484 | AO21: =SUM(AF21:AN21) -> 342.49893 | AS21: F3 | AT21: Wire Drawing | AU21: =upstream!F15 -> 0.8 | AV21: =1-AU21 -> 0.2 | AW21: =1-AX21 -> 0.98753117 | AX21: =upstream!H15/upstream!J15 -> 0.012468828 | BE21: Shape Casting Total | BF21: =SUM(BF18:BF20) -> 2280.5651 | BG21: =SUM(BG18:BG20) -> 285.08306 | BH21: =SUM(BH18:BH20) -> 1995.482 | BI21: =SUM(BI18:BI20) -> 109.75151 | BJ21: =BG21+BI21 -> 394.83457 | BR21: P3 | BS21: Trans. Other | BT21: =end_use!G4 -> 0.95 | BU21: =end_use!H4 -> 524.78957 | BV21: =end_use!I4 -> 498.55009
A22: P7 | B22: =Raw!B22 -> 0 | C22: =Raw!C22 -> 0 | D22: =Raw!D22 -> 0 | E22: =Raw!E22 -> 286.68991 | F22: =Raw!F22 -> 31.854435 | G22: =Raw!G22 -> 0 | H22: =Raw!H22 -> 0 | I22: =Raw!I22 -> 0 | ... W22: =Raw!W22 -> 0 | X22: =end_use!M8-end_use!O8 -> 1699.8361 | Y22: =end_use!O8 -> 0 | Z22: =Raw!AA22 -> 0 | AA22: =SUM(B22:Z22) -> 2018.3804 | AB22: =end_use!L8 -> 2018.3804 | AE22: Domestic Production | AF22: =SUM(AF15:AF21) -> 1119.6016 | AG22: =SUM(AG15:AG21) -> 1759.374 | AH22: =SUM(AH15:AH21) -> 914.66356 | AI22: =SUM(AI15:AI21) -> 561.73419 | AJ22: =SUM(AJ15:AJ21) -> 679.14297 | AK22: =SUM(AK15:AK21) -> 583.88016 | AL22: =SUM(AL15:AL21) -> 1746.0161 | AM22: =SUM(AM15:AM21) -> 241.49649 | AN22: =SUM(AN15:AN21) -> 853.08 | AO22: =SUM(AF22:AN22) -> 8458.9891 | AS22: F4 | AT22: Forging and Powdering | AU22: =upstream!F16 -> 0.8 | AV22: =1-AU22 -> 0.2 | AW22: =1-AX22 -> 0.98753117 | AX22: =upstream!H16/upstream!J16 -> 0.012468828 | BI22: =BI21/BH21 -> 0.055 | BR22: P4 | BS22: Durables | BT22: =end_use!G5 -> 0.95 | BU22: =end_use!H5 -> 885.04114 | BV22: =end_use!I5 -> 840.78908
A23: P8 | B23: =Raw!B23 -> 0 | C23: =Raw!C23 -> 0 | D23: =Raw!D23 -> 0 | E23: =Raw!E23 -> 7.084001 | F23: =Raw!F23 -> 0.78711122 | G23: =Raw!G23 -> 0 | H23: =Raw!H23 -> 0 | I23: =Raw!I23 -> 0 | ... W23: =Raw!W23 -> 0 | X23: =end_use!M9-end_use!O9 -> 271.29687 | Y23: =end_use!O9 -> 0 | Z23: =Raw!AA23 -> 0 | AA23: =SUM(B23:Z23) -> 279.16798 | AB23: =end_use!L9 -> 279.16798 | AE23: Import | AF23: =Raw!P26 -> 174.64875 | AG23: =Raw!Q26 -> 274.44804 | AH23: =Raw!R26 -> 142.68008 | AI23: =Raw!S26 -> 87.625968 | AJ23: =Raw!T26 -> 105.94078 | AK23: =Raw!U26 -> 91.080559 | AL23: =Raw!V26 -> 272.36432 | AM23: =Raw!W26 -> 37.67149 | AN23: 0 | AO23: =SUM(AF23:AN23) -> 1186.46 | AS23: SC1 | AT23: Die Casting | AU23: =upstream!F23 -> 0.95 | AV23: =1-AU23 -> 0.05 | AW23: =1-AX23 -> 0.9503155 | AX23: =upstream!H23/upstream!J23 -> 0.049684497 | BR23: P5 | BS23: Electrical | BT23: =end_use!G6 -> 0.95 | BU23: =end_use!H6 -> 348.47076 | BV23: =end_use!I6 -> 331.04723
A24: Import | B24: =Raw!B25-Raw!B24 -> 726.05 | C24: =upstream!M4 -> 1369.2421 | D24: =Raw!D25-Raw!D24 -> 639.61941 | E24: =Raw!E25-Raw!E24 -> 1385.6771 | F24: =Raw!F25-Raw!F24 -> 78.398506 | G24: =Raw!G25-Raw!G24 -> 165.72861 | H24: =Raw!H25-Raw!H24 -> 53.595615 | I24: =Raw!I25-Raw!I24 -> 853.20946 | J24: =Raw!J25-Raw!J24 -> 479.24 | K24: =Raw!K25-Raw!K24 -> 94.603558 | ... W24: =Raw!W25-Raw!W24 -> 37.67149 | X24: =end_use!N10 -> 2545.5824 | AE24: Domestic Consumption | AF24: =SUM(AF22:AF23) -> 1294.2504 | AG24: =SUM(AG22:AG23) -> 2033.822 | AH24: =SUM(AH22:AH23) -> 1057.3436 | AI24: =SUM(AI22:AI23) -> 649.36016 | AJ24: =SUM(AJ22:AJ23) -> 785.08375 | AK24: =SUM(AK22:AK23) -> 674.96072 | AL24: =SUM(AL22:AL23) -> 2018.3804 | AM24: =SUM(AM22:AM23) -> 279.16798 | AN24: 0 | AO24: =SUM(AF24:AM24) -> 8792.3691 | AS24: SC2 | AT24: Perm. Mold Casting | AU24: =upstream!F24 -> 0.95 | AV24: =1-AU24 -> 0.05 | AW24: =1-AX24 -> 0.9503155 | AX24: =upstream!H24/upstream!J24 -> 0.049684497 | BC24: Primary Consumption Calculation | BE24: Total Casting Virgin | BF24: =BG15+BG21 -> 1166.6182 | BH24: =BF24*BG26 -> 947.29399 | BI24: Domestic casting virgin [E, C1] + [E, C2] | BR24: P6 | BS24: Machinery | BT24: =end_use!G7 -> 0.95 | BU24: =end_use!H7 -> 264.14836 | BV24: =end_use!I7 -> 250.94094
A25: Inflow | B25: =SUM(B2:B24)+upstream!C2 -> 726.05 | C25: =SUM(C2:C24)+upstream!M2 -> 5753.615 | D25: =SUM(D2:D24) -> 1025.0312 | E25: =SUM(E2:E24) -> 6812.742 | F25: =SUM(F2:F24) -> 2100.5074 | G25: =SUM(G2:G24) -> 7353.64 | H25: =SUM(H2:H24) -> 2280.5651 | I25: =SUM(I2:I24) -> 5688.0631 | J25: =SUM(J2:J24) -> 2396.2 | K25: =SUM(K2:K24) -> 473.01779 | ... W25: =SUM(W2:W24) -> 279.16798 | X25: =end_use!P10 -> 9021.0811 | AS25: SC3 | AT25: Sand Casting | AU25: =upstream!F25 -> 0.95 | AV25: =1-AU25 -> 0.05 | AW25: =1-AX25 -> 0.9503155 | AX25: =upstream!H25/upstream!J25 -> 0.049684497 | BE25: Total Sweetener | BF25: =BI15+BI21 -> 1526.7816 | BH25: =BF26-BH24 -> 62.706008 | BI25: Domestic Sweetener [E, R1] + [E, R2] | BR25: P7 | BS25: Container | BT25: =end_use!G8 -> 0.366 | BU25: =end_use!H8 -> 1699.8356 | BV25: =end_use!I8 -> 622.13984
AE26: Table S11: Domestic final product abrication | BE26: Doomestic production | BF26: =upstream!E8 -> 1010 | BG26: 0.812 | BH26: Domestic casting virign % | BR26: P8 | BS26: Other | BT26: =end_use!G9 -> 0.95 | BU26: =end_use!H9 -> 261.68704 | BV26: =end_use!I9 -> 248.60269
A27: Verify | B27: {=TRANSPOSE(AA2:AA23)} -> 726.05 | C27: 5753.615 | D27: 1025.0312 | E27: 6812.742 | F27: 2100.5074 | G27: 7353.64 | H27: 2280.5651 | I27: 5688.0631 | J27: 2396.2 | K27: 473.01779 | L27: 164.6512 | M27: 1140.9098 | N27: 782.46768 | O27: 357.94496 | P27: 1294.2504 | Q27: 2033.822 | R27: 1057.3436 | S27: 649.36016 | T27: 785.08375 | U27: 674.96072 | V27: 2018.3804 | W27: 279.16798 | X27: =SUM(X16:X24) -> 9021.0811 | AE27: Domestic Semi Consumed | AF27: =AF24 -> 1294.2504 | AG27: =AG24 -> 2033.822 | AH27: =AH24 -> 1057.3436 | AI27: =AI24 -> 649.36016 | AJ27: =AJ24 -> 785.08375 | AK27: =AK24 -> 674.96072 | AL27: =AL24 -> 2018.3804 | AM27: =AM24 -> 279.16798 | AN27: =SUM(AF27:AM27) -> 8792.3691 | AQ27: Table S19 | AR27: Wrought Alloy Production | AS27: Index | AT27: Alloy Category | AU27: Consumed | AV27: Import | AW27: Dom-to-Dom | AX27: Export | AY27: Produced | BE27: Domestic % | BF27: =BF26/(BF24+BF25) -> 0.37499075 | BG27: =BF26/BF24 -> 0.86575024 | BH27: Upper Bound | BS27: Aggregate | BT27: =BV27/BU27 -> 0.77461311 | BU27: =SUM(BU19:BU26) -> 5660.0809 | BV27: =SUM(BV19:BV26) -> 4384.3729
AE28: Aggregate Yield Efficiencies | AF28: =downstream!O33 -> 0.90650004 | AG28: =downstream!P33 -> 0.87432486 | AH28: =downstream!Q33 -> 0.82770805 | AI28: =downstream!R33 -> 0.88530035 | AJ28: =downstream!S33 -> 0.92509491 | AK28: =downstream!T33 -> 0.90632946 | AL28: =downstream!U33 -> 0.84217824 | AM28: =downstream!V33 -> 0.9718051 | AN28: =AN29/AN27 -> 0.87697143 | AS28: F1 | AT28: Rolling | AU28: =AY2 -> 5688.0631 | AV28: =upstream!G13 -> 853.20946 | AW28: =upstream!E13 -> 4834.8536 | AX28: =upstream!H13 -> 61.046131 | AY28: =upstream!J13 -> 4895.8997
A29: Copy and Paste Guide | AE29: Domestic Product Fabricated | AF29: {=TRANSPOSE(end_use!M2:M9)} -> 1173.238 | AG29: 1778.2212 | AH29: 875.17185 | AI29: 574.87878 | AJ29: 726.27698 | AK29: 611.73678 | AL29: 1699.8361 | AM29: 271.29687 | AN29: =SUM(_xlfn.ANCHORARRAY(AF29)) -> 7710.6565 | AS29: F2 | AT29: Extrusion | AU29: =AY3 -> 2396.2 | AV29: =upstream!G14 -> 479.24 | AW29: =upstream!E14 -> 1916.96 | AX29: =upstream!H14 -> 24.20404 | AY29: =upstream!J14 -> 1941.164 | BE29: Metal | BF29: Alloy
A30: In MS Word: Set [Default Paste] - [Pasting from other programs] - [Merge Formatting] | AE30: Fabricating Scrap Generated | AF30: {=TRANSPOSE(Raw!AF16:AF23)} -> 121.01236 | AG30: 255.60087 | AH30: 182.1718 | AI30: 74.481385 | AJ30: 58.806768 | AK30: 63.223936 | AL30: 318.54435 | AM30: 7.8711122 | AN30: =SUM(_xlfn.ANCHORARRAY(AF30)) -> 1081.7126 | AS30: F3 | AT30: Wire Drawing | AU30: =AY4 -> 473.01779 | AV30: =upstream!G15 -> 94.603558 | AW30: =upstream!E15 -> 378.41423 | AX30: =upstream!H15 -> 4.7779575 | AY30: =upstream!J15 -> 383.19219 | BD30: Consumption | BE30: =BG15+BI15+BG21+BI21 -> 2693.3998 | BF30: =AU32+AU38 -> 11003.254 | BQ30: Table S44 | BR30: Demand Assumptions
A31: (1) First time: paste through [Use Destination Styles], then manually adjust format | AF31: =AF27-AF27*AF28 -> 121.01236 | AG31: =AG27-AG27*AG28 -> 255.60087 | AH31: =AH27-AH27*AH28 -> 182.1718 | AI31: =AI27-AI27*AI28 -> 74.481385 | AJ31: =AJ27-AJ27*AJ28 -> 58.806768 | AK31: =AK27-AK27*AK28 -> 63.223936 | AL31: =AL27-AL27*AL28 -> 318.54435 | AM31: =AM27-AM27*AM28 -> 7.8711122 | AS31: F4 | AT31: Forging and Powdering | AU31: =AY5 -> 164.6512 | AV31: =upstream!G16 -> 32.930239 | AW31: =upstream!E16 -> 131.72096 | AX31: =upstream!H16 -> 1.6631434 | AY31: =upstream!J16 -> 133.3841 | BD31: Domestic Production | BE31: =upstream!E8 -> 1010 | BF31: =AY32+AY38 -> 9634.2051 | BR31: Index | BS31: Category | BT31: Consumption 2020 | BU31: Lambda % | BV31: Growth rate (kt)
A32: (2) To overwrite, simply [Ctrl] + [V] the numbers within borders (make sure these numbers' format is consistent with the table in Word) | AT32: Deformation Total | AU32: =SUM(AU28:AU31) -> 8721.932 | AV32: =SUM(AV28:AV31) -> 1459.9833 | AW32: =SUM(AW28:AW31) -> 7261.9488 | AX32: =SUM(AX28:AX31) -> 91.691272 | AY32: =SUM(AY28:AY31) -> 7353.64 | BD32: Import | BE32: =BE30-BE31 -> 1683.3998 | BF32: =AV32+AV38 -> 1574.0494 | BG32: =BE32+BF32 -> 3257.4492 | BR32: P1 | BS32: Construction | BT32: =end_use!P2 -> 1421.1568 | BU32: =end_use!R2 -> -0.0054832298 | BV32: =end_use!S2 -> -7.7925293 | BW32: =BT32*BU32 -> -7.7925293
AF33: =AF13 -> P1 | AG33: =AG13 -> P2 | AH33: =AH13 -> P3 | AI33: =AI13 -> P4 | AJ33: =AJ13 -> P5 | AK33: =AK13 -> P6 | AL33: =AL13 -> P7 | AM33: =AM13 -> P8 | BR33: P2 | BS33: Trans. Auto | BT33: =end_use!P3 -> 1675.6144 | BU33: =end_use!R3 -> 0.017890499 | BV33: =end_use!S3 -> 29.977578 | BW33: =BT33*BU33 -> 29.977578
AE34: Table S13: Final product summary | AF34: =AF1 -> Construction | AG34: =AG1 -> Trans. Auto | AH34: =AH1 -> Trans. Other | AI34: =AI1 -> Durables | AJ34: =AJ1 -> Electrical | AK34: =AK1 -> Machinery | AL34: =AL1 -> Container | AM34: =AM1 -> Other | AN34: Total | AQ34: Table S20 | AR34: Foundry Alloy Production | AS34: Index | AT34: Alloy Category | AU34: Consumed | AV34: Import | AW34: Dom-to-Dom | AX34: Export | AY34: Produced | BR34: P3 | BS34: Trans. Other | BT34: =end_use!P4 -> 891.96308 | BU34: =end_use!R4 -> 0.019421496 | BV34: =end_use!S4 -> 17.323257 | BW34: =BT34*BU34 -> 17.323257
AE35: Domestic production | AF35: {=TRANSPOSE(end_use!M2:M9)} -> 1173.238 | AG35: 1778.2212 | AH35: 875.17185 | AI35: 574.87878 | AJ35: 726.27698 | AK35: 611.73678 | AL35: 1699.8361 | AM35: 271.29687 | AN35: =end_use!M10 -> 7710.6565 | AO35: =SUM(_xlfn.ANCHORARRAY(AF35)) -> 7710.6565 | AS35: SC1 | AT35: Die Casting | AU35: =AY6 -> 1140.9098 | AV35: =upstream!G23 -> 57.045491 | AW35: =Raw!M24 -> 1083.8643 | AX35: =upstream!H23 -> 56.666711 | AY35: =upstream!J23 -> 1140.531 | BR35: P4 | BS35: Durables | BT35: =end_use!P5 -> 1424.6994 | BU35: =end_use!R5 -> 0.014834749 | BV35: =end_use!S5 -> 21.135057 | BW35: =BT35*BU35 -> 21.135057
A36: Index | B36: Yield Efficiency | C36: MJ-ele/MJ-del | D36: Energy intensity | E36: Carbon intensity | AE36: Import | AF36: {=TRANSPOSE(end_use!N2:N9)} -> 286.68855 | AG36: 477.63228 | AH36: 203.78376 | AI36: 975.85845 | AJ36: 406.9013 | AK36: 194.71806 | AL36: 0 | AM36: 0 | AN36: =end_use!N10 -> 2545.5824 | AO36: =SUM(_xlfn.ANCHORARRAY(AF36)) -> 2545.5824 | AS36: SC2 | AT36: Perm. Mold Casting | AU36: =AY7 -> 782.46768 | AV36: =upstream!G24 -> 39.123384 | AW36: =Raw!N24 -> 743.34429 | AX36: =upstream!H24 -> 38.863606 | AY36: =upstream!J24 -> 782.2079 | BD36: Category | BE36: Domestic | BF36: Import | BG36: Total | BH36: Domestic % | BI36: Import % | BR36: P5 | BS36: Electrical | BT36: =end_use!P6 -> 927.31958 | BU36: =end_use!R6 -> 0.018814211 | BV36: =end_use!S6 -> 17.446786 | BW36: =BT36*BU36 -> 17.446786
A37: =A2 -> B | B37: =Process!Q2 -> 0.94791722 | C37: =Process!K2 -> 0.03 | D37: =Process!I2 -> 15.81 | E37: =Process!P2 -> 1.4471302 | AE37: Export | AF37: {=TRANSPOSE(end_use!O2:O9)} -> 38.769757 | AG37: 580.23903 | AH37: 186.99253 | AI37: 126.03786 | AJ37: 205.8587 | AK37: 97.259921 | AL37: 0 | AM37: 0 | AN37: =end_use!O10 -> 1235.1578 | AO37: =SUM(_xlfn.ANCHORARRAY(AF37)) -> 1235.1578 | AS37: SC3 | AT37: Sand Casting | AU37: =AY8 -> 357.94496 | AV37: =upstream!G25 -> 17.897248 | AW37: =Raw!O24 -> 340.04771 | AX37: =upstream!H25 -> 17.778411 | AY37: =upstream!J25 -> 357.82612 | BD37: Casting Virgin | BE37: =upstream!W35 -> 947.29399 | BF37: =upstream!Y35 -> 219.32422 | BG37: =SUM(BE37:BF37) -> 1166.6182 | BH37: =BE37/BG37 -> 0.812 | BI37: =1-BH37 -> 0.188 | BR37: P6 | BS37: Machinery | BT37: =end_use!P7 -> 709.19492 | BU37: =end_use!R7 -> 0.019298416 | BV37: =end_use!S7 -> 13.686339 | BW37: =BT37*BU37 -> 13.686339
A38: =A3 -> S | B38: =Process!Q3 -> 1 | C38: =Process!K3 -> 1 | D38: =Process!I3 -> 0.597265 | E38: =Process!P3 -> 0.072995097 | AE38: Domestic consumption | AF38: {=TRANSPOSE(end_use!P2:P9)} -> 1421.1568 | AG38: 1675.6144 | AH38: 891.96308 | AI38: 1424.6994 | AJ38: 927.31958 | AK38: 709.19492 | AL38: 1699.8361 | AM38: 271.29687 | AN38: =end_use!P10 -> 9021.0811 | AO38: =SUM(_xlfn.ANCHORARRAY(AF38)) -> 9021.0811 | AT38: Shape Casting Total | AU38: =SUM(AU35:AU37) -> 2281.3225 | AV38: =SUM(AV35:AV37) -> 114.06612 | AW38: =SUM(AW35:AW37) -> 2167.2563 | AX38: =SUM(AX35:AX37) -> 113.30873 | AY38: =SUM(AY35:AY37) -> 2280.5651 | BD38: Sweetener | BE38: =upstream!W36 -> 62.706008 | BF38: =upstream!Y36 -> 1464.0756 | BG38: =SUM(BE38:BF38) -> 1526.7816 | BH38: =BE38/BG38 -> 0.041070713 | BI38: =1-BH38 -> 0.95892929 | BR38: P7 | BS38: Container | BT38: =end_use!P8 -> 1699.8361 | BU38: =end_use!R8 -> 3.3747386e-06 | BV38: =end_use!S8 -> 0.0057365025 | BW38: =BT38*BU38 -> 0.0057365025
A39: =A4 -> E | B39: =Process!Q4 -> 0.98533588 | C39: =Process!K4 -> 1 | D39: =Process!I4 -> 53.85 | E39: =Process!P4 -> 5.4091196 | AF39: =AF35+AF36-AF37 -> 1421.1568 | AG39: =AG35+AG36-AG37 -> 1675.6144 | AH39: =AH35+AH36-AH37 -> 891.96308 | AI39: =AI35+AI36-AI37 -> 1424.6994 | AJ39: =AJ35+AJ36-AJ37 -> 927.31958 | AK39: =AK35+AK36-AK37 -> 709.19492 | AL39: =AL35+AL36-AL37 -> 1699.8361 | AM39: =AM35+AM36-AM37 -> 271.29687 | BD39: Total Primary | BE39: =SUM(BE37:BE38) -> 1010 | BF39: =SUM(BF37:BF38) -> 1683.3998 | BG39: =SUM(BE39:BF39) -> 2693.3998 | BH39: =BE39/BG39 -> 0.37499075 | BI39: =1-BH39 -> 0.62500925 | BR39: P8 | BS39: Other | BT39: =end_use!P9 -> 271.29687 | BU39: =end_use!R9 -> -0.0058497826 | BV39: =end_use!S9 -> -1.5870277 | BW39: =BT39*BU39 -> -1.5870277
A40: =A5 -> R1 | B40: =Process!Q5 -> 0.95 | C40: =Process!K5 -> 0.077 | D40: =Process!I5 -> 5.97265 | E40: =Process!P5 -> 0.43658639 | BG40: =SUM(BG37:BG38) -> 2693.3998 | BS40: Aggregate | BT40: =SUM(BT32:BT39) -> 9021.0811 | BU40: =BV40/BT40 -> 0.0099982691 | BV40: =SUM(BV32:BV39) -> 90.195196 | BW40: =BT40*BU40 -> 90.195196
A41: =A6 -> R2 | B41: =Process!Q6 -> 0.95 | C41: =Process!K6 -> 0.077 | D41: =Process!I6 -> 5.97265 | E41: =Process!P6 -> 0.43658639
A42: =A7 -> C1 | B42: =Process!Q7 -> 1 | C42: =Process!K7 -> 0.161 | D42: =Process!I7 -> 1.18 | E42: =Process!P7 -> 0.091529899
A43: =A8 -> C2 | B43: =Process!Q8 -> 1 | C43: =Process!K8 -> 0.161 | D43: =Process!I8 -> 1.18 | E43: =Process!P8 -> 0.091529899 | AE43: Table S5: Shape Casting Breakdown | AF43: Const. | AG43: Trans. Auto | AH43: Trans. Other | AI43: Durables | AJ43: Electrical | AK43: Machinery | AL43: Container | AM43: Other | AN43: Aggregate
A44: =A9 -> F1 | B44: =Process!Q9 -> 0.70768 | C44: =Process!K9 -> 0.518 | D44: =Process!I9 -> 4.245 | E44: =Process!P9 -> 0.4099213 | AE44: Shape Castings (kt) | AF44: =downstream!B9 -> 36 | AG44: =downstream!C9 -> 2630 | AH44: =downstream!D9 -> 427 | AI44: =downstream!E9 -> 345 | AJ44: =downstream!F9 -> 219 | AK44: =downstream!G9 -> 598 | AL44: =downstream!H9 -> 0 | AM44: =downstream!I9 -> 430 | AN44: =SUM(AF44:AM44) -> 4685
A45: =A10 -> F2 | B45: =Process!Q10 -> 0.73855 | C45: =Process!K10 -> 0.473 | D45: =Process!I10 -> 5.899 | E45: =Process!P10 -> 0.55551459 | AE45: Die Casting (%) | AF45: =Raw!P47 -> 1 | AG45: =Raw!Q47 -> 0.42 | AH45: =Raw!R47 -> 0.57894737 | AI45: =Raw!S47 -> 0.6 | AJ45: =Raw!T47 -> 0.6 | AK45: =Raw!U47 -> 0.6 | AL45: =Raw!V47 -> 0 | AM45: =Raw!W47 -> 0.6 | AN45: =Raw!L47 -> 0.50010897 | AO45: =SUMPRODUCT(AF$44:AM$44,AF45:AM45)/$AN$44 -> 0.50010897
A46: =A11 -> F3 | B46: =Process!Q11 -> 0.73855 | C46: =Process!K11 -> 0.473 | D46: =Process!I11 -> 5.899 | E46: =Process!P11 -> 0.55551459 | AE46: Perm. Mold Castings (%) | AF46: =Raw!P48 -> 0 | AG46: =Raw!Q48 -> 0.38666667 | AH46: =Raw!R48 -> 0.26315789 | AI46: =Raw!S48 -> 0.3 | AJ46: =Raw!T48 -> 0.3 | AK46: =Raw!U48 -> 0.3 | AL46: =Raw!V48 -> 0 | AM46: =Raw!W48 -> 0.3 | AN46: =Raw!L48 -> 0.34298863 | AO46: =SUMPRODUCT(AF$44:AM$44,AF46:AM46)/$AN$44 -> 0.34298863
A47: =A12 -> F4 | B47: =Process!Q12 -> 0.8 | C47: =Process!K12 -> 0.518 | D47: =Process!I12 -> 4.245 | E47: =Process!P12 -> 0.4099213 | AE47: Sand Castings (%) | AF47: =Raw!P49 -> 0 | AG47: =Raw!Q49 -> 0.19333333 | AH47: =Raw!R49 -> 0.15789474 | AI47: =Raw!S49 -> 0.1 | AJ47: =Raw!T49 -> 0.1 | AK47: =Raw!U49 -> 0.1 | AL47: =Raw!V49 -> 0 | AM47: =Raw!W49 -> 0.1 | AN47: =Raw!L49 -> 0.15690239 | AO47: =SUMPRODUCT(AF$44:AM$44,AF47:AM47)/$AN$44 -> 0.15690239
A48: =A13 -> SC1 | B48: =Process!Q13 -> 0.95684803 | C48: =Process!K13 -> 0.352 | D48: =Process!I13 -> 5.16 | E48: =Process!P13 -> 0.45269655
A49: =A14 -> SC2 | B49: =Process!Q14 -> 0.95684803 | C49: =Process!K14 -> 0.352 | D49: =Process!I14 -> 5.16 | E49: =Process!P14 -> 0.45269655
A50: =A15 -> SC3 | B50: =Process!Q15 -> 0.95684803 | C50: =Process!K15 -> 0.352 | D50: =Process!I15 -> 5.16 | E50: =Process!P15 -> 0.45269655
A51: =A16 -> P1 | B51: =Process!Q16 -> 0.90650004 | C51: =Process!K16 -> 1 | D51: =Process!I16 -> 2.4546786 | E51: =Process!P16 -> 0.3
A52: =A17 -> P2 | B52: =Process!Q17 -> 0.87432486 | C52: =Process!K17 -> 0.48393078 | D52: =Process!I17 -> 3.236 | E52: =Process!P17 -> 0.30661962
A53: =A18 -> P3 | B53: =Process!Q18 -> 0.82770805 | C53: =Process!K18 -> 0.48393078 | D53: =Process!I18 -> 3.236 | E53: =Process!P18 -> 0.30661962
A54: =A19 -> P4 | B54: =Process!Q19 -> 0.88530035 | C54: =Process!K19 -> 1 | D54: =Process!I19 -> 2.4546786 | E54: =Process!P19 -> 0.3
A55: =A20 -> P5 | B55: =Process!Q20 -> 0.92509491 | C55: =Process!K20 -> 1 | D55: =Process!I20 -> 2.4546786 | E55: =Process!P20 -> 0.3
A56: =A21 -> P6 | B56: =Process!Q21 -> 0.90632946 | C56: =Process!K21 -> 1 | D56: =Process!I21 -> 2.4546786 | E56: =Process!P21 -> 0.3
A57: =A22 -> P7 | B57: =Process!Q22 -> 0.84217824 | C57: =Process!K22 -> 0.618 | D57: =Process!I22 -> 11.03 | E57: =Process!P22 -> 1.1238162
A58: =A23 -> P8 | B58: =Process!Q23 -> 0.9718051 | C58: =Process!K23 -> 1 | D58: =Process!I23 -> 2.4546786 | E58: =Process!P23 -> 0.3
A62: A Matrix
B63: B | C63: S | D63: E | E63: R1 | F63: R2 | G63: C1 | H63: C2 | I63: F1 | J63: F2 | K63: F3 | L63: F4 | M63: SC1 | N63: SC2 | O63: SC3 | P63: P1 | Q63: P2 | R63: P3 | S63: P4 | T63: P5 | U63: P6 | V63: P7 | W63: P8
A64: B | B64: =B2/B$25 -> 0 | C64: =C2/C$25 -> 0 | D64: =D2/D$25 -> 0.37600004 | E64: =E2/E$25 -> 0 | F64: =F2/F$25 -> 0 | G64: =G2/G$25 -> 0 | H64: =H2/H$25 -> 0 | I64: =I2/I$25 -> 0 | ... W64: =W2/W$25 -> 0
A65: S | B65: =B3/B$25 -> 0 | C65: =C3/C$25 -> 0 | D65: =D3/D$25 -> 0 | E65: =E3/E$25 -> 0.32599663 | F65: =F3/F$25 -> 0.77981275 | G65: =G3/G$25 -> 0 | H65: =H3/H$25 -> 0 | I65: =I3/I$25 -> 0 | ... W65: =W3/W$25 -> 0
A66: E | B66: =B4/B$25 -> 0 | C66: =C4/C$25 -> 0 | D66: =D4/D$25 -> 0 | E66: =E4/E$25 -> 0.0046021123 | F66: =F4/F$25 -> 0.014926396 | G66: =G4/G$25 -> 0.097340439 | H66: =H4/H$25 -> 0.10150442 | I66: =I4/I$25 -> 0 | ... W66: =W4/W$25 -> 0
A67: R1 | B67: =B5/B$25 -> 0 | C67: =C5/C$25 -> 0 | D67: =D5/D$25 -> 0 | E67: =E5/E$25 -> 0 | F67: =F5/F$25 -> 0 | G67: =G5/G$25 -> 0.88012261 | H67: =H5/H$25 -> 0 | I67: =I5/I$25 -> 0 | ... W67: =W5/W$25 -> 0
A68: R2 | B68: =B6/B$25 -> 0 | C68: =C6/C$25 -> 0 | D68: =D6/D$25 -> 0 | E68: =E6/E$25 -> 0 | F68: =F6/F$25 -> 0 | G68: =G6/G$25 -> 0 | H68: =H6/H$25 -> 0.87499455 | I68: =I6/I$25 -> 0 | ... W68: =W6/W$25 -> 0
A69: C1 | B69: =B7/B$25 -> 0 | C69: =C7/C$25 -> 0 | D69: =D7/D$25 -> 0 | E69: =E7/E$25 -> 0 | F69: =F7/F$25 -> 0 | G69: =G7/G$25 -> 0 | H69: =H7/H$25 -> 0 | I69: =I7/I$25 -> 0.85 | ... W69: =W7/W$25 -> 0
A70: C2 | B70: =B8/B$25 -> 0 | C70: =C8/C$25 -> 0 | D70: =D8/D$25 -> 0 | E70: =E8/E$25 -> 0 | F70: =F8/F$25 -> 0 | G70: =G8/G$25 -> 0 | H70: =H8/H$25 -> 0 | I70: =I8/I$25 -> 0 | ... W70: =W8/W$25 -> 0
A71: F1 | B71: =B9/B$25 -> 0 | C71: =C9/C$25 -> 0 | D71: =D9/D$25 -> 0 | E71: =E9/E$25 -> 0.21965622 | F71: =F9/F$25 -> 0.079158713 | G71: =G9/G$25 -> 0 | H71: =H9/H$25 -> 0 | I71: =I9/I$25 -> 0 | ... W71: =W9/W$25 -> 0.081846825
A72: F2 | B72: =B10/B$25 -> 0 | C72: =C10/C$25 -> 0 | D72: =D10/D$25 -> 0 | E72: =E10/E$25 -> 0.082762247 | F72: =F10/F$25 -> 0.029825484 | G72: =G10/G$25 -> 0 | H72: =H10/H$25 -> 0 | I72: =I10/I$25 -> 0 | ... W72: =W10/W$25 -> 0.099475372
A73: F3 | B73: =B11/B$25 -> 0 | C73: =C11/C$25 -> 0 | D73: =D11/D$25 -> 0 | E73: =E11/E$25 -> 0.016337541 | F73: =F11/F$25 -> 0.005887649 | G73: =G11/G$25 -> 0 | H73: =H11/H$25 -> 0 | I73: =I11/I$25 -> 0 | ... W73: =W11/W$25 -> 0.0062959096
A74: F4 | B74: =B12/B$25 -> 0 | C74: =C12/C$25 -> 0 | D74: =D12/D$25 -> 0 | E74: =E12/E$25 -> 0.0043502624 | F74: =F12/F$25 -> 0.0015677278 | G74: =G12/G$25 -> 0 | H74: =H12/H$25 -> 0 | I74: =I12/I$25 -> 0 | ... W74: =W12/W$25 -> 0.13599165
A75: SC1 | B75: =B13/B$25 -> 0 | C75: =C13/C$25 -> 0 | D75: =D13/D$25 -> 0 | E75: =E13/E$25 -> 0 | F75: =F13/F$25 -> 0 | G75: =G13/G$25 -> 0 | H75: =H13/H$25 -> 0 | I75: =I13/I$25 -> 0 | ... W75: =W13/W$25 -> 0.32486894
... A85: P8 | B85: =B23/B$25 -> 0 | C85: =C23/C$25 -> 0 | D85: =D23/D$25 -> 0 | E85: =E23/E$25 -> 0.0010398164 | F85: =F23/F$25 -> 0.00037472433 | G85: =G23/G$25 -> 0 | H85: =H23/H$25 -> 0 | I85: =I23/I$25 -> 0 | ... W85: =W23/W$25 -> 0
A86: Total | B86: =SUM(B64:B85) -> 0 | C86: =SUM(C64:C85) -> 0 | D86: =SUM(D64:D85) -> 0.37600004 | E86: =SUM(E64:E85) -> 0.79660509 | F86: =SUM(F64:F85) -> 0.9626764 | G86: =SUM(G64:G85) -> 0.97746305 | H86: =SUM(H64:H85) -> 0.97649898 | I86: =SUM(I64:I85) -> 0.85 | ... W86: =SUM(W64:W85) -> 0.86505799
A87: Verify | B87: =A!B24 -> 0 | C87: =A!C24 -> 0 | D87: =A!D24 -> 0.37600004 | E87: =A!E24 -> 0.79660509 | F87: =A!F24 -> 0.9626764 | G87: =A!G24 -> 0.97746305 | H87: =A!H24 -> 0.97649898 | I87: =A!I24 -> 0.85 | ... W87: =A!W24 -> 0.86505799

Sheet Scrap
A1: Year | B1: {=TRANSPOSE(end_use!B2:B9)} -> B&C | C1: Auto | D1: Transp. | E1: Cons. Dur. | F1: Electrical | G1: M&E | H1: Cont. & Pack. | I1: Other | J1: Total | K1: Collected | L1: new_post_0 | M1: old_post_0 | P1: now | Q1: new_post
A2: 2020 | B2: 262.24073 | C2: 1413.8677 | D2: 524.78957 | E2: 885.04114 | F2: 348.47076 | G2: 264.14836 | H2: 1699.8356 | I2: 261.68704 | J2: =SUM(B2:I2) -> 5660.0809 | K2: =(J2-H2)*0.95+H2*end_use!$G$8 -> 4384.3729 | L2: 0 | M2: =K2-L2 -> 4384.3729 | P2: 0 | Q2: 0
A3: 2021 | B3: 277.99484 | C3: 1406.7481 | D3: 545.12425 | E3: 915.03527 | F3: 363.73251 | G3: 273.53387 | H3: 1699.8414 | I3: 262.20683 | J3: =SUM(B3:I3) -> 5744.2171 | K3: =(J3-H3)*0.95+H3*end_use!$G$8 -> 4464.2988 | L3: 617.92799 | M3: =K3-L3 -> 3846.3709 | P3: 1 | Q3: 617.92799
A4: 2022 | B4: 294.2772 | C4: 1401.195 | D4: 565.54889 | E4: 944.04808 | F4: 378.86347 | G4: 282.92626 | H4: 1699.8471 | I4: 262.68618 | J4: =SUM(B4:I4) -> 5829.3922 | K4: =(J4-H4)*0.95+H4*end_use!$G$8 -> 4545.2118 | L4: 621.63695 | M4: =K4-L4 -> 3923.5749 | P4: 2 | Q4: 621.63695
A5: 2023 | B5: 311.07498 | C5: 1400.2481 | D5: 586.04459 | E5: 971.80504 | F5: 393.82307 | G5: 292.34555 | H5: 1699.8528 | I5: 263.18144 | J5: =SUM(B5:I5) -> 5918.3756 | K5: =(J5-H5)*0.95+H5*end_use!$G$8 -> 4629.7428 | L5: 627.55467 | M5: =K5-L5 -> 4002.1881 | P5: 3 | Q5: 627.55467
A6: 2024 | B6: 328.3731 | C6: 1406.3525 | D6: 606.5818 | E6: 998.16068 | F6: 408.57454 | G6: 301.81328 | H6: 1699.8586 | I6: 263.73749 | J6: =SUM(B6:I6) -> 6013.452 | K6: =(J6-H6)*0.95+H6*end_use!$G$8 -> 4720.062 | L6: 636.87797 | M6: =K6-L6 -> 4083.184 | P6: 4 | Q6: 636.87797
A7: 2025 | B7: 346.15428 | C7: 1420.7305 | D7: 627.12045 | E7: 1023.1145 | F7: 423.08545 | G7: 311.3517 | H7: 1699.8643 | I7: 264.38749 | J7: =SUM(B7:I7) -> 6115.8086 | K7: =(J7-H7)*0.95+H7*end_use!$G$8 -> 4817.2974 | L7: 651.27466 | M7: =K7-L7 -> 4166.0227 | P7: 5 | Q7: 651.27466
A8: 2026 | B8: 364.39902 | C8: 1442.6339 | D8: 647.61063 | E8: 1046.8103 | F8: 437.32801 | G8: 320.983 | H8: 1699.87 | I8: 265.15303 | J8: =SUM(B8:I8) -> 6224.7879 | K8: =(J8-H8)*0.95+H8*end_use!$G$8 -> 4920.8244 | L8: 672.95069 | M8: =K8-L8 -> 4247.8737 | P8: 6 | Q8: 672.95069
A9: 2027 | B9: 383.08573 | C9: 1470.5125 | D9: 667.99392 | E9: 1069.5182 | F9: 451.27938 | G9: 330.72851 | H9: 1699.8758 | I9: 266.04481 | J9: =SUM(B9:I9) -> 6339.0389 | K9: =(J9-H9)*0.95+H9*end_use!$G$8 -> 5029.3595 | L9: 704.66136 | M9: =K9-L9 -> 4324.6981 | P9: 7 | Q9: 704.66136
A10: 2028 | B10: 402.19073 | C10: 1501.9306 | D10: 688.20529 | E10: 1091.6008 | F10: 464.92187 | G10: 340.60806 | H10: 1699.8815 | I10: 267.06345 | J10: =SUM(B10:I10) -> 6456.4023 | K10: =(J10-H10)*0.95+H10*end_use!$G$8 -> 5140.8514 | L10: 749.63441 | M10: =K10-L10 -> 4391.217 | P10: 8 | Q10: 749.63441
A11: 2029 | B11: 421.6884 | C11: 1534.1536 | D11: 708.17534 | E11: 1113.4662 | F11: 478.24303 | G11: 350.63934 | H11: 1699.8873 | I11: 268.20077 | J11: =SUM(B11:I11) -> 6574.454 | K11: =(J11-H11)*0.95+H11*end_use!$G$8 -> 5252.9972 | L11: 811.37976 | M11: =K11-L11 -> 4441.6174 | P11: 9 | Q11: 811.37976
A12: 2030 | B12: 441.55125 | C12: 1565.4914 | D12: 727.83283 | E12: 1135.5174 | F12: 491.23564 | G12: 360.83742 | H12: 1699.893 | I12: 269.44112 | J12: =SUM(B12:I12) -> 6691.8 | K12: =(J12-H12)*0.95+H12*end_use!$G$8 -> 5364.4725 | L12: 893.37947 | M12: =K12-L12 -> 4471.0931 | P12: 10 | Q12: 893.37947
A13: 2031 | B13: 461.75006 | C13: 1594.084 | D13: 747.10724 | E13: 1158.1019 | F13: 503.89769 | G13: 371.21436 | H13: 1699.8987 | I13: 270.76285 | J13: =SUM(B13:I13) -> 6806.8169 | K13: =(J13-H13)*0.95+H13*end_use!$G$8 -> 5473.7352 | L13: 998.67887 | M13: =K13-L13 -> 4475.0563 | P13: 11 | Q13: 998.67887
... A32: 2050 | B32: 863.27894 | C32: 2005.0246 | D32: 996.71824 | E32: 1624.731 | F32: 705.72176 | G32: 597.88585 | H32: 1700.0077 | I32: 280.02729 | J32: =SUM(B32:I32) -> 8773.3954 | K32: =(J32-H32)*0.95+H32*end_use!$G$8 -> 7341.9212 | L32: 4760.8159 | M32: =K32-L32 -> 2581.1052 | P32: 30 | Q32: 4760.8159
A36: Copy end_use table here:
A37: idx | B37: 2020 | C37: 2021 | D37: 2022 | E37: 2023 | F37: 2024 | G37: 2025 | H37: 2026 | I37: 2027 | J37: 2028 | K37: 2029 | L37: 2030 | M37: 2031 | N37: 2032 | O37: 2033 | P37: 2034 | Q37: 2035 | R37: 2036 | S37: 2037 | T37: 2038 | U37: 2039 | V37: 2040 | W37: 2041 | X37: 2042 | Y37: 2043 | Z37: 2044 | AA37: 2045 | AB37: 2046 | AC37: 2047 | AD37: 2048 | AE37: 2049 | AF37: 2050
A38: P1 | B38: 0 | C38: 1.9184168 | D38: 2.2003056 | E38: 2.5206945 | F38: 2.8841497 | G38: 3.2956765 | H38: 3.760747 | I38: 4.2853281 | J38: 4.8759094 | K38: 5.5395295 | L38: 6.283802 | M38: 7.1169397 | N38: 8.0477769 | O38: 9.0857892 | P38: 10.241111 | Q38: 11.524548 | R38: 12.947588 | S38: 14.522407 | T38: 16.261865 | U38: 18.179508 | V38: 20.289548 | W38: 22.606853 | X38: 25.146914 | Y38: 27.925819 | Z38: 30.960207 | AA38: 34.267218 | AB38: 37.864442 | AC38: 41.76984 | AD38: 46.001679 | AE38: 50.578437 | AF38: 55.518716
A39: P2 | B39: 0 | C39: 2.2619086 | D39: 4.3218799 | E39: 7.9274171 | F39: 13.992704 | G39: 23.799354 | H39: 39.039777 | I39: 61.806683 | J39: 94.500909 | K39: 139.6382 | L39: 199.55446 | M39: 276.03661 | N39: 369.93563 | O39: 480.84106 | P39: 606.90033 | Q39: 744.84815 | R39: 890.26963 | S39: 1038.0671 | T39: 1183.0501 | U39: 1320.5359 | V39: 1446.8466 | W39: 1559.6162 | X39: 1657.8703 | Y39: 1741.8937 | Z39: 1812.9449 | AA39: 1872.8969 | AB39: 1923.8823 | AC39: 1968.0015 | AD39: 2007.1232 | AE39: 2042.7806 | AF39: 2076.1474
A40: P3 | B40: 0 | C40: 0.30052847 | D40: 0.4370332 | E40: 0.62711286 | F40: 0.889181 | G40: 1.2469359 | H40: 1.7304979 | I40: 2.3776652 | J40: 3.2352591 | K40: 4.3605134 | L40: 5.8224449 | M40: 7.7031237 | N40: 10.098743 | O40: 13.120371 | P40: 16.894265 | Q40: 21.56161 | R40: 27.277549 | S40: 34.209421 | T40: 42.53408 | U40: 52.434297 | V40: 64.094211 | W40: 77.693931 | X40: 93.403399 | Y40: 111.37574 | Z40: 131.74034 | AA40: 154.59603 | AB40: 180.00466 | AC40: 207.98554 | AD40: 238.51102 | AE40: 271.50363 | AF40: 306.83502
A41: P4 | B41: 0 | C41: 1.0984215 | D41: 1.9394937 | E41: 3.3262868 | F41: 5.5506454 | G41: 9.0213662 | H41: 14.289594 | I41: 22.06905 | J41: 33.245024 | K41: 48.86524 | L41: 70.10605 | M41: 98.209395 | N41: 134.38976 | O41: 179.71569 | P41: 234.97654 | Q41: 300.55081 | R41: 376.29587 | S41: 461.47959 | T41: 554.77016 | U41: 654.2931 | V41: 757.75389 | W41: 862.61349 | X41: 966.29459 | Y41: 1066.3911 | Z41: 1160.8525 | AA41: 1248.1199 | AB41: 1327.1998 | AC41: 1397.671 | AD41: 1459.6327 | AE41: 1513.6084 | AF41: 1560.4247
A42: P5 | B42: 0 | C42: 1.0177169 | D42: 1.2709344 | E42: 1.5768109 | F42: 1.9448751 | G42: 2.3860668 | H42: 2.9128822 | I42: 3.5395219 | J42: 4.2820398 | K42: 5.1584891 | L42: 6.1890621 | M42: 7.3962205 | N42: 8.8048112 | O42: 10.442163 | P42: 12.33816 | Q42: 14.525282 | R42: 17.03862 | S42: 19.915838 | T42: 23.1971 | U42: 26.924944 | V42: 31.144101 | W42: 35.901258 | X42: 41.244762 | Y42: 47.224258 | Z42: 53.890269 | AA42: 61.293721 | AB42: 69.485401 | AC42: 78.51537 | AD42: 88.43233 | AE42: 99.28295 | AF42: 111.11117
A43: P6 | B43: 0 | C43: 0.95734083 | D43: 1.2474776 | E43: 1.6113155 | F43: 2.0649159 | G43: 2.6271294 | H43: 3.3199061 | I43: 4.1686004 | J43: 5.2022601 | K43: 6.4538858 | L43: 7.9606468 | M43: 9.7640384 | N43: 11.909963 | O43: 14.448717 | P43: 17.434872 | Q43: 20.927022 | R43: 24.987401 | S43: 29.681345 | T43: 35.076594 | U43: 41.242441 | V43: 48.248718 | W43: 56.164641 | X43: 65.057519 | Y43: 74.991357 | Z43: 86.025387 | AA43: 98.212552 | AB43: 111.59799 | AC43: 126.21757 | AD43: 142.09651 | AE43: 159.24818 | AF43: 177.67303
A44: P7 | B44: 0 | C44: 1699.8361 | D44: 1699.8418 | E44: 1699.8476 | F44: 1699.8533 | G44: 1699.859 | H44: 1699.8648 | I44: 1699.8705 | J44: 1699.8762 | K44: 1699.882 | L44: 1699.8877 | M44: 1699.8934 | N44: 1699.8992 | O44: 1699.9049 | P44: 1699.9107 | Q44: 1699.9164 | R44: 1699.9221 | S44: 1699.9279 | T44: 1699.9336 | U44: 1699.9393 | V44: 1699.9451 | W44: 1699.9508 | X44: 1699.9566 | Y44: 1699.9623 | Z44: 1699.968 | AA44: 1699.9738 | AB44: 1699.9795 | AC44: 1699.9852 | AD44: 1699.991 | AE44: 1699.9967 | AF44: 1700.0024
A45: P8 | B45: 0 | C45: 0.091407854 | D45: 0.13061674 | E45: 0.18511645 | F45: 0.26011529 | G45: 0.36229506 | H45: 0.50011893 | I45: 0.68416739 | J45: 0.9274926 | K45: 1.245977 | L45: 1.6586766 | M45: 2.1881248 | N45: 2.8605667 | O45: 3.7060915 | P45: 4.7586259 | Q45: 6.0557528 | R45: 7.6383209 | S45: 9.5498172 | T45: 11.835482 | U45: 14.541161 | V45: 17.711902 | W45: 21.390321 | X45: 25.614798 | Y45: 30.417545 | Z45: 35.822663 | AA45: 41.844253 | AB45: 48.484725 | AC45: 55.733387 | AD45: 63.565441 | AE45: 71.941469 | AF45: 80.807478
A48: new_post | B48: Construction | C48: Transportation_auto | D48: Transportation_other | E48: Durables | F48: Electrical | G48: Machinery | H48: Container | I48: Other | J48: sum | K48: sum_ver
A49: 2020 | B49: {=TRANSPOSE(B38:AF45)} -> 0 | C49: 0 | D49: 0 | E49: 0 | F49: 0 | G49: 0 | H49: 0 | I49: 0 | J49: =SUM(B49:I49) -> 0 | K49: =L2 -> 0
A50: 2021 | B50: 1.9184168 | C50: 2.2619086 | D50: 0.30052847 | E50: 1.0984215 | F50: 1.0177169 | G50: 0.95734083 | H50: 1699.8361 | I50: 0.091407854 | J50: =SUM(B50:I50) -> 1707.4818 | K50: =L3 -> 617.92799
A51: 2022 | B51: 2.2003056 | C51: 4.3218799 | D51: 0.4370332 | E51: 1.9394937 | F51: 1.2709344 | G51: 1.2474776 | H51: 1699.8418 | I51: 0.13061674 | J51: =SUM(B51:I51) -> 1711.3896 | K51: =L4 -> 621.63695
A52: 2023 | B52: 2.5206945 | C52: 7.9274171 | D52: 0.62711286 | E52: 3.3262868 | F52: 1.5768109 | G52: 1.6113155 | H52: 1699.8476 | I52: 0.18511645 | J52: =SUM(B52:I52) -> 1717.6223 | K52: =L5 -> 627.55467
A53: 2024 | B53: 2.8841497 | C53: 13.992704 | D53: 0.889181 | E53: 5.5506454 | F53: 1.9448751 | G53: 2.0649159 | H53: 1699.8533 | I53: 0.26011529 | J53: =SUM(B53:I53) -> 1727.4399 | K53: =L6 -> 636.87797
A54: 2025 | B54: 3.2956765 | C54: 23.799354 | D54: 1.2469359 | E54: 9.0213662 | F54: 2.3860668 | G54: 2.6271294 | H54: 1699.859 | I54: 0.36229506 | J54: =SUM(B54:I54) -> 1742.5979 | K54: =L7 -> 651.27466
A55: 2026 | B55: 3.760747 | C55: 39.039777 | D55: 1.7304979 | E55: 14.289594 | F55: 2.9128822 | G55: 3.3199061 | H55: 1699.8648 | I55: 0.50011893 | J55: =SUM(B55:I55) -> 1765.4183 | K55: =L8 -> 672.95069
A56: 2027 | B56: 4.2853281 | C56: 61.806683 | D56: 2.3776652 | E56: 22.06905 | F56: 3.5395219 | G56: 4.1686004 | H56: 1699.8705 | I56: 0.68416739 | J56: =SUM(B56:I56) -> 1798.8015 | K56: =L9 -> 704.66136
A57: 2028 | B57: 4.8759094 | C57: 94.500909 | D57: 3.2352591 | E57: 33.245024 | F57: 4.2820398 | G57: 5.2022601 | H57: 1699.8762 | I57: 0.9274926 | J57: =SUM(B57:I57) -> 1846.1451 | K57: =L10 -> 749.63441
A58: 2029 | B58: 5.5395295 | C58: 139.6382 | D58: 4.3605134 | E58: 48.86524 | F58: 5.1584891 | G58: 6.4538858 | H58: 1699.882 | I58: 1.245977 | J58: =SUM(B58:I58) -> 1911.1438 | K58: =L11 -> 811.37976
A59: 2030 | B59: 6.283802 | C59: 199.55446 | D59: 5.8224449 | E59: 70.10605 | F59: 6.1890621 | G59: 7.9606468 | H59: 1699.8877 | I59: 1.6586766 | J59: =SUM(B59:I59) -> 1997.4629 | K59: =L12 -> 893.37947
A60: 2031 | B60: 7.1169397 | C60: 276.03661 | D60: 7.7031237 | E60: 98.209395 | F60: 7.3962205 | G60: 9.7640384 | H60: 1699.8934 | I60: 2.1881248 | J60: =SUM(B60:I60) -> 2108.3079 | K60: =L13 -> 998.67887
A61: 2032 | B61: 8.0477769 | C61: 369.93563 | D61: 10.098743 | E61: 134.38976 | F61: 8.8048112 | G61: 11.909963 | H61: 1699.8992 | I61: 2.8605667 | J61: =SUM(B61:I61) -> 2245.9464 | K61: =L14 -> 1129.4321
... A79: 2050 | B79: 55.518716 | C79: 2076.1474 | D79: 306.83502 | E79: 1560.4247 | F79: 111.11117 | G79: 177.67303 | H79: 1700.0024 | I79: 80.807478 | J79: =SUM(B79:I79) -> 6068.52 | K79: =L32 -> 4760.8159
B81: Construction | C81: Transportation_auto | D81: Transportation_other | E81: Durables | F81: Electrical | G81: Machinery | H81: Container | I81: Other
A82: old_post | B82: {=TRANSPOSE(end_use!G2:G9)} -> 0.95 | C82: 0.95 | D82: 0.95 | E82: 0.95 | F82: 0.95 | G82: 0.95 | H82: 0.366 | I82: 0.95
A83: Year | B83: P1 | C83: P2 | D83: P3 | E83: P4 | F83: P5 | G83: P6 | H83: P7 | I83: P8 | J83: sum | K83: sum_ver
A84: 2020 | B84: =B2-B49 -> 262.24073 | C84: =C2-C49 -> 1413.8677 | D84: =D2-D49 -> 524.78957 | E84: =E2-E49 -> 885.04114 | F84: =F2-F49 -> 348.47076 | G84: =G2-G49 -> 264.14836 | H84: =H2-H49 -> 1699.8356 | I84: =I2-I49 -> 261.68704 | J84: =SUM(B84:I84) -> 5660.0809 | K84: =M2 -> 4384.3729
A85: 2021 | B85: =B3-B50 -> 276.07642 | C85: =C3-C50 -> 1404.4862 | D85: =D3-D50 -> 544.82372 | E85: =E3-E50 -> 913.93685 | F85: =F3-F50 -> 362.71479 | G85: =G3-G50 -> 272.57653 | H85: =H3-H50 -> 0.0052818859 | I85: =I3-I50 -> 262.11543 | J85: =SUM(B85:I85) -> 4036.7352 | K85: =M3 -> 3846.3709
A86: 2022 | B86: =B4-B51 -> 292.0769 | C86: =C4-C51 -> 1396.8731 | D86: =D4-D51 -> 565.11186 | E86: =E4-E51 -> 942.10858 | F86: =F4-F51 -> 377.59254 | G86: =G4-G51 -> 281.67879 | H86: =H4-H51 -> 0.0052818858 | I86: =I4-I51 -> 262.55557 | J86: =SUM(B86:I86) -> 4118.0026 | K86: =M4 -> 3923.5749
A87: 2023 | B87: =B5-B52 -> 308.55429 | C87: =C5-C52 -> 1392.3207 | D87: =D5-D52 -> 585.41747 | E87: =E5-E52 -> 968.47875 | F87: =F5-F52 -> 392.24625 | G87: =G5-G52 -> 290.73424 | H87: =H5-H52 -> 0.0052818859 | I87: =I5-I52 -> 262.99633 | J87: =SUM(B87:I87) -> 4200.7533 | K87: =M5 -> 4002.1881
A88: 2024 | B88: =B6-B53 -> 325.48896 | C88: =C6-C53 -> 1392.3598 | D88: =D6-D53 -> 605.69262 | E88: =E6-E53 -> 992.61003 | F88: =F6-F53 -> 406.62967 | G88: =G6-G53 -> 299.74837 | H88: =H6-H53 -> 0.0052818859 | I88: =I6-I53 -> 263.47738 | J88: =SUM(B88:I88) -> 4286.0121 | K88: =M6 -> 4083.184
A89: 2025 | B89: =B7-B54 -> 342.8586 | C89: =C7-C54 -> 1396.9311 | D89: =D7-D54 -> 625.87352 | E89: =E7-E54 -> 1014.0931 | F89: =F7-F54 -> 420.69938 | G89: =G7-G54 -> 308.72457 | H89: =H7-H54 -> 0.0052818858 | I89: =I7-I54 -> 264.02519 | J89: =SUM(B89:I89) -> 4373.2107 | K89: =M7 -> 4166.0227
A90: 2026 | B90: =B8-B55 -> 360.63828 | C90: =C8-C55 -> 1403.5941 | D90: =D8-D55 -> 645.88013 | E90: =E8-E55 -> 1032.5207 | F90: =F8-F55 -> 434.41513 | G90: =G8-G55 -> 317.66309 | H90: =H8-H55 -> 0.0052818858 | I90: =I8-I55 -> 264.65291 | J90: =SUM(B90:I90) -> 4459.3696 | K90: =M8 -> 4247.8737
A91: 2027 | B91: =B9-B56 -> 378.8004 | C91: =C9-C56 -> 1408.7058 | D91: =D9-D56 -> 665.61626 | E91: =E9-E56 -> 1047.4492 | F91: =F9-F56 -> 447.73986 | G91: =G9-G56 -> 326.55991 | H91: =H9-H56 -> 0.0052818859 | I91: =I9-I56 -> 265.36064 | J91: =SUM(B91:I91) -> 4540.2373 | K91: =M9 -> 4324.6981
A92: 2028 | B92: =B10-B57 -> 397.31482 | C92: =C10-C57 -> 1407.4297 | D92: =D10-D57 -> 684.97004 | E92: =E10-E57 -> 1058.3557 | F92: =F10-F57 -> 460.63983 | G92: =G10-G57 -> 335.4058 | H92: =H10-H57 -> 0.0052818859 | I92: =I10-I57 -> 266.13596 | J92: =SUM(B92:I92) -> 4610.2572 | K92: =M10 -> 4391.217
A93: 2029 | B93: =B11-B58 -> 416.14887 | C93: =C11-C58 -> 1394.5155 | D93: =D11-D58 -> 703.81483 | E93: =E11-E58 -> 1064.601 | F93: =F11-F58 -> 473.08454 | G93: =G11-G58 -> 344.18546 | H93: =H11-H58 -> 0.0052818858 | I93: =I11-I58 -> 266.9548 | J93: =SUM(B93:I93) -> 4663.3102 | K93: =M11 -> 4441.6174
A94: 2030 | B94: =B12-B59 -> 435.26745 | C94: =C12-C59 -> 1365.9369 | D94: =D12-D59 -> 722.01038 | E94: =E12-E59 -> 1065.4114 | F94: =F12-F59 -> 485.04658 | G94: =G12-G59 -> 352.87678 | H94: =H12-H59 -> 0.0052818858 | I94: =I12-I59 -> 267.78245 | J94: =SUM(B94:I94) -> 4694.3372 | K94: =M12 -> 4471.0931
A95: 2031 | B95: =B13-B60 -> 454.63312 | C95: =C13-C60 -> 1318.0474 | D95: =D13-D60 -> 739.40411 | E95: =E13-E60 -> 1059.8925 | F95: =F13-F60 -> 496.50147 | G95: =G13-G60 -> 361.45032 | H95: =H13-H60 -> 0.0052818859 | I95: =I13-I60 -> 268.57473 | J95: =SUM(B95:I95) -> 4698.509 | K95: =M13 -> 4475.0563
... A114: 2050 | B114: =B32-B79 -> 807.76022 | C114: =C32-C79 -> -71.122734 | D114: =D32-D79 -> 689.88322 | E114: =E32-E79 -> 64.306261 | F114: =F32-F79 -> 594.61059 | G114: =G32-G79 -> 420.21283 | H114: =H32-H79 -> 0.0052818858 | I114: =I32-I79 -> 199.21981 | J114: =SUM(B114:I114) -> 2704.8755 | K114: =M32 -> 2581.1052

Sheet Scenario A
A1: 2020 | C1: Construction | D1: Trans. Auto | E1: Trans. Other | F1: Durables | G1: Electrical | H1: Machinery | I1: Container | J1: Other | P1: Construction | Q1: Trans. Auto | R1: Trans. Other | S1: Durables | T1: Electrical | U1: Machinery | V1: Container | W1: Other
A2: Yield efficiencies | B2: Process | C2: P1 | D2: P2 | E2: P3 | F2: P4 | G2: P5 | H2: P6 | I2: P7 | J2: P8 | O2: Process | P2: P1 | Q2: P2 | R2: P3 | S2: P4 | T2: P5 | U2: P6 | V2: P7 | W2: P8
A3: Sheet and Foil | B3: F1 | C3: {=downstream!O26:V32} -> 0.83566057 | D3: 0.66475546 | E3: 0.66028572 | F3: 0.79068275 | G3: 0.77133563 | H3: 0.76979307 | I3: 0.84215642 | J3: 0.77120316 | N3: Sheet and Foil | O3: F1 | P3: {=downstream!O14:V20} -> 0.38838305 | Q3: 0.35764236 | R3: 0.45119139 | S3: 0.47496871 | T3: 0.17339545 | U3: 0.34316677 | V3: 0.99979867 | W3: 0.094614265
A4: Extrusions | B4: F2 | C4: 0.95057034 | D4: 0.95057034 | E4: 0.95057034 | F4: 0.95057034 | G4: 0.95057034 | H4: 0.95057034 | I4: 0.95057034 | J4: 0.95057034 | N4: Extrusions | O4: F2 | P4: 0.59152276 | Q4: 0.1014985 | R4: 0.32513451 | S4: 0.29474343 | T4: 0.24327122 | U4: 0.28236002 | V4: 0 | W4: 0.11499272
A5: Cable/Wire | B5: F3 | C5: 0.95057034 | D5: 0.95057034 | E5: 0.95057034 | F5: 0.95057034 | G5: 0.95057034 | H5: 0.95057034 | I5: 0.95057034 | J5: 0.95057034 | N5: Cable/Wire | O5: F3 | P5: 0.0087912088 | Q5: 0.0007992008 | R5: 0.0053804766 | S5: 0.0031289111 | T5: 0.4694617 | U5: 0.0084286574 | V5: 0.00020132877 | W5: 0.0072780204
A6: Forgings and Powder | B6: F4 | C6: 0 | D6: 0.95057034 | E6: 0.95057034 | F6: 0.95057034 | G6: 0.95057034 | H6: 0.95057034 | I6: 0 | J6: 0.99679623 | N6: Forgings and Powder | O6: F4 | P6: 0 | Q6: 0.014585415 | R6: 0.054189085 | S6: 0.01126408 | T6: 0.00051759834 | U6: 0.0060204696 | V6: 0 | W6: 0.15720524
A7: Die Casting | B7: SC1 | C7: 1 | D7: 1 | E7: 1 | F7: 1 | G7: 1 | H7: 1 | I7: 1 | J7: 1 | N7: Die Casting | O7: SC1 | P7: 0.0056527231 | Q7: 0.26279452 | R7: 0.08207015 | S7: 0.10797096 | T7: 0.056689371 | U7: 0.18005127 | V7: 0 | W7: 0.31302308
A8: Permanent Mold Castings | B8: SC2 | C8: 1 | D8: 1 | E8: 1 | F8: 1 | G8: 1 | H8: 1 | I8: 1 | J8: 1 | N8: Permanent Mold Castings | O8: SC2 | P8: 0.0038767946 | Q8: 0.18023179 | R8: 0.05628599 | S8: 0.074049486 | T8: 0.038879146 | U8: 0.12348417 | V8: 0 | W8: 0.21467993
A9: Sand Casting | B9: SC3 | C9: 1 | D9: 1 | E9: 1 | F9: 1 | G9: 1 | H9: 1 | I9: 1 | J9: 1 | N9: Sand Casting | O9: SC3 | P9: 0.0017734651 | Q9: 0.082448211 | R9: 0.025748395 | S9: 0.033874422 | T9: 0.01778552 | U9: 0.056488641 | V9: 0 | W9: 0.098206739
A10: Aggregate | C10: =SUMPRODUCT(C3:C9,P3:P9) -> 0.90650004 | D10: =SUMPRODUCT(D3:D9,Q3:Q9) -> 0.87432486 | E10: =SUMPRODUCT(E3:E9,R3:R9) -> 0.82770805 | F10: =SUMPRODUCT(F3:F9,S3:S9) -> 0.88530035 | G10: =SUMPRODUCT(G3:G9,T3:T9) -> 0.92509491 | H10: =SUMPRODUCT(H3:H9,U3:U9) -> 0.90632946 | I10: =SUMPRODUCT(I3:I9,V3:V9) -> 0.84217824 | J10: =SUMPRODUCT(J3:J9,W3:W9) -> 0.9718051
A15: 2050 | C15: Construction | D15: Trans. Auto | E15: Trans. Other | F15: Durables | G15: Electrical | H15: Machinery | I15: Container | J15: Other
A16: Yield efficiencies | B16: Process | C16: P1 | D16: P2 | E16: P3 | F16: P4 | G16: P5 | H16: P6 | I16: P7 | J16: P8
A17: Sheet and Foil | B17: F1 | C17: =0.9 -> 0.9 | D17: 0.76 | E17: 0.76 | F17: 0.9 | G17: 0.9 | H17: 0.9 | I17: 0.9 | J17: 0.9
A18: Extrusions | B18: F2 | C18: =C4 -> 0.95057034 | D18: =D4 -> 0.95057034 | E18: =E4 -> 0.95057034 | F18: =F4 -> 0.95057034 | G18: =G4 -> 0.95057034 | H18: =H4 -> 0.95057034 | I18: =I4 -> 0.95057034 | J18: =J4 -> 0.95057034
A19: Cable/Wire | B19: F3 | C19: =C5 -> 0.95057034 | D19: =D5 -> 0.95057034 | E19: =E5 -> 0.95057034 | F19: =F5 -> 0.95057034 | G19: =G5 -> 0.95057034 | H19: =H5 -> 0.95057034 | I19: =I5 -> 0.95057034 | J19: =J5 -> 0.95057034
A20: Forgings and Powder | B20: F4 | C20: =C6 -> 0 | D20: =D6 -> 0.95057034 | E20: =E6 -> 0.95057034 | F20: =F6 -> 0.95057034 | G20: =G6 -> 0.95057034 | H20: =H6 -> 0.95057034 | I20: =I6 -> 0 | J20: =J6 -> 0.99679623
A21: Die Casting | B21: SC1 | C21: 1 | D21: 1 | E21: 1 | F21: 1 | G21: 1 | H21: 1 | I21: 1 | J21: 1
A22: Permanent Mold Castings | B22: SC2 | C22: 1 | D22: 1 | E22: 1 | F22: 1 | G22: 1 | H22: 1 | I22: 1 | J22: 1
A23: Sand Casting | B23: SC3 | C23: 1 | D23: 1 | E23: 1 | F23: 1 | G23: 1 | H23: 1 | I23: 1 | J23: 1
A24: Aggregate | C24: =SUMPRODUCT(C17:C23,P3:P9) -> 0.93148838 | D24: =SUMPRODUCT(D17:D23,Q3:Q9) -> 0.90838834 | E24: =SUMPRODUCT(E17:E23,R3:R9) -> 0.87269828 | F24: =SUMPRODUCT(F17:F23,S3:S9) -> 0.93722262 | G24: =SUMPRODUCT(G17:G23,T3:T9) -> 0.94740473 | H24: =SUMPRODUCT(H17:H23,U3:U9) -> 0.95101215 | I24: =SUMPRODUCT(I17:I23,V3:V9) -> 0.90001018 | J24: =SUMPRODUCT(J17:J23,W3:W9) -> 0.98399112
A27: Table S43 Deformation (F1-F4) | C27: 2020 | D27: 2050 | E27: Improvement
A28: Rolling | B28: F1 | C28: =Process!Q9 -> 0.70768 | D28: 0.89 | E28: =D28-C28 -> 0.18232
A29: Extrusion | B29: F2 | C29: =Process!Q10 -> 0.73855 | D29: =0.96*0.95*1*1*0.99*0.993 -> 0.89655984 | E29: =D29-C29 -> 0.15800984
A30: Wire Drawing | B30: F3 | C30: =Process!Q11 -> 0.73855 | D30: =D29 -> 0.89655984 | E30: =D30-C30 -> 0.15800984
A31: Forging and Powdering | B31: F4 | C31: =Process!Q12 -> 0.8 | D31: 0.9 | E31: =D31-C31 -> 0.1
A34: Table S44 Fabrication (P1-P8) | B34: Construction | C34: Trans. Auto | D34: Trans. Other | E34: Durables | F34: Electrical | G34: Machinery | H34: Container | I34: Other
A35: Feedstock | B35: P1 | C35: P2 | D35: P3 | E35: P4 | F35: P5 | G35: P6 | H35: P7 | I35: P8
A36: Sheet and Foil 2020 | B36: {=C3:J3} -> 0.83566057 | C36: 0.66475546 | D36: 0.66028572 | E36: 0.79068275 | F36: 0.77133563 | G36: 0.76979307 | H36: 0.84215642 | I36: 0.77120316
A37: Sheet and Foil 2050 | B37: {=C17:J17} -> 0.9 | C37: 0.76 | D37: 0.76 | E37: 0.9 | F37: 0.9 | G37: 0.9 | H37: 0.9 | I37: 0.9
A38: Change | B38: =B37-B36 -> 0.064339433 | C38: =C37-C36 -> 0.095244536 | D38: =D37-D36 -> 0.099714277 | E38: =E37-E36 -> 0.10931725 | F38: =F37-F36 -> 0.12866437 | G38: =G37-G36 -> 0.13020693 | H38: =H37-H36 -> 0.057843584 | I38: =I37-I36 -> 0.12879684
A39: Aggregate Semi 2020 | B39: {=C10:J10} -> 0.90650004 | C39: 0.87432486 | D39: 0.82770805 | E39: 0.88530035 | F39: 0.92509491 | G39: 0.90632946 | H39: 0.84217824 | I39: 0.9718051
A40: Aggregate Semi 2050 | B40: {=C24:J24} -> 0.93148838 | C40: 0.90838834 | D40: 0.87269828 | E40: 0.93722262 | F40: 0.94740473 | G40: 0.95101215 | H40: 0.90001018 | I40: 0.98399112
A41: Change | B41: =B40-B39 -> 0.024988345 | C41: =C40-C39 -> 0.03406348 | D41: =D40-D39 -> 0.044990223 | E41: =E40-E39 -> 0.051922275 | F41: =F40-F39 -> 0.022309816 | G41: =G40-G39 -> 0.04468269 | H41: =H40-H39 -> 0.057831939 | I41: =I40-I39 -> 0.012186019

Sheet Scenario B
A1: Calculating v% for R1 based on PCRC retunred from optimization
B2: amount (kt) | C2: v%
A3: Casting virgin | B3: 1502.3303 | C3: 0
A4: Remelted metal | B4: 8055.1068 | C4: 0.47537661
A5: Recycled metal | B5: 2836.1314 | C5: =upstream!U24 -> 0.64775
B6: Constraint | C6: Equation
A7: PCRR | B7: 0.45719794 | C7: =SUMPRODUCT(B3:B5,C3:C5)/SUM(B3:B5) -> 0.4571979
