Workbook

Sheet Mining and Bayer
A1: Process | B1: Bauxite mining | M1: Domestic alumina production | O1: #M | X1: Global alumina production
A2: Report unit | B2: 1000 kg bauxite | M2: 1000 kg total alumina | X2: 1000 kg total alumina
A3: Scaling factor | B3: 1 | M3: 0.455 and add to scaled global alumina production | X3: 0.555 and add to scaled domestic alumina production
B4: Inputs | M4: Inputs | X4: Inputs
B5: Parameter | C5: Flows | D5: Quantities | E5: Amount | F5: Factor | G5: Units | H5: Tracked flows | I5: Standard deviation | J5: Origin | K5: Comment | M5: Parameter | N5: Flows | O5: Quantities | P5: Amount | Q5: Factor | R5: Units | S5: Tracked flows | T5: Standard deviation | U5: Origin | V5: Comment | X5: Parameter | Y5: Flows | Z5: Quantities | AA5: Amount | AB5: Factor | AC5: Units | AD5: Tracked flows | AE5: Standard deviation | AF5: Origin | AG5: Comment
C6: Electricity [Electric power] | D6: Energy (net calorific value) | E6: 5.364 | F6: 5.364 | G6: MJ | H6: X | I6: 0 | J6: (No statement) | K6: x | N6: Bauxite [Inorganic intermediate products] | O6: Mass | P6: 2234 | Q6: 2234 | R6: kg | S6: X | T6: 0 | U6: Estimated | V6: x | Y6: Bauxite [Inorganic intermediate products] | Z6: Mass | AA6: 2847 | AB6: 2847 | AC6: kg | AD6: X | AE6: 0 | AF6: Estimated | AG6: x
C7: Thermal energy from heavy fuel oil (MJ) [Thermal energy] | D7: Energy (net calorific value) | E7: 20.0178 | F7: 20.0178 | G7: MJ | H7: X | I7: 0 | J7: (No statement) | K7: =.495 kg | N7: Electricity [Electric power] | O7: Energy (net calorific value) | P7: 268.2 | Q7: 268.2 | R7: MJ | S7: X | T7: 0 | U7: (No statement) | V7: x | Y7: Electricity [Electric power] | Z7: Energy (net calorific value) | AA7: 784.8 | AB7: 784.8 | AC7: MJ | AD7: X | AE7: 0 | AF7: (No statement) | AG7: x
C8: Thermal energy from light fuel oil (MJ) [Thermal energy] | D8: Energy (net calorific value) | E8: 70.4544 | F8: 70.4544 | G8: MJ | H8: X | I8: 0 | J8: (No statement) | K8: =1.64 kg (diesel) | N8: Lime quicklime (lumpy) [Minerals] | O8: Mass | P8: 24.8 | Q8: 24.8 | R8: kg | S8: X | T8: 0 | U8: Estimated | V8: x | Y8: Lime quicklime (lumpy) [Minerals] | Z8: Mass | AA8: 31.5 | AB8: 31.5 | AC8: kg | AD8: X | AE8: 0 | AF8: Estimated | AG8: x
C9: Bauxite [Non renewable resources] | D9: Mass | E9: 1100 | F9: 1100 | G9: kg | I9: 0 | J9: (No statement) | K9: from 2005 data, assume 110% of output | N9: Sodium hydroxide (100%; caustic soda) [Inorganic intermediate products] | O9: Mass | P9: 55.6 | Q9: 55.6 | R9: kg | S9: X | T9: 0 | U9: Estimated | V9: x | Y9: Sodium hydroxide (100%; caustic soda) [Inorganic intermediate products] | Z9: Mass | AA9: 72.97 | AB9: 72.97 | AC9: kg | AD9: X | AE9: 0 | AF9: Estimated | AG9: x
C10: Fresh water [Water] | D10: Mass | E10: 481 | F10: 481 | G10: kg | I10: 0 | J10: (No statement) | K10: x | N10: Thermal energy from natural gas (MJ) [Thermal energy] | O10: Energy (net calorific value) | P10: 8562.4643 | Q10: 8562.4643 | R10: MJ | S10: X | T10: 0 | U10: Estimated | V10: x | Y10: Thermal energy (hard coal) [Thermal energy] | Z10: Energy (net calorific value) | AA10: 8149.1713 | AB10: 8149.1713 | AC10: MJ | AD10: X | AE10: 0 | AF10: (No statement) | AG10: x From hard coal
B11: Outputs | N11: Fresh water [Water] | O11: Mass | P11: 4470 | Q11: 4470 | R11: kg | T11: 0 | U11: Estimated | V11: x | Y11: Thermal energy from heavy fuel oil (MJ) [Thermal energy] | Z11: Energy (net calorific value) | AA11: 1027.176 | AB11: 1027.176 | AC11: MJ | AD11: X | AE11: 0 | AF11: Estimated | AG11: x
B12: Parameter | C12: Flows | D12: Quantities | E12: Amount | F12: Factor | G12: Units | H12: Tracked flows | I12: Standard deviation | J12: Origin | K12: Comment | N12: Rain water [Water] | O12: Mass | P12: 3856 | Q12: 3856 | R12: kg | T12: 0 | U12: (No statement) | Y12: Thermal energy from light fuel oil (MJ) [Thermal energy] | Z12: Energy (net calorific value) | AA12: 41.658312 | AB12: 41.658312 | AC12: MJ | AD12: X | AE12: 0 | AF12: (No statement) | AG12: x (diesel)
C13: Bauxite [Inorganic intermediate products] | D13: Mass | E13: 1000 | F13: 1000 | G13: kg | H13: X | I13: 0 | J13: (No statement) | N13: Sea water [Water] | O13: Mass | P13: 2442 | Q13: 2442 | R13: kg | T13: 0 | U13: (No statement) | V13: x | Y13: Thermal energy from natural gas (MJ) [Thermal energy] | Z13: Energy (net calorific value) | AA13: 2333.962 | AB13: 2333.962 | AC13: MJ | AD13: X | AE13: 0 | AF13: Estimated | AG13: x
C14: Non-hazardous waste for land-filling [Waste for disposal] | D14: Mass | E14: 0.0809 | F14: 0.0809 | G14: kg | H14: * | I14: 0 | J14: (No statement) | K14: x | M14: Outputs | Y14: Fresh water [Water] | Z14: Mass | AA14: 2033 | AB14: 2033 | AC14: kg | AE14: 0 | AF14: Estimated | AG14: x
C15: Dust (> PM10) [Particles to air] | D15: Mass | E15: 0.109 | F15: 0.109 | G15: kg | I15: 0 | J15: (No statement) | K15: x | M15: Parameter | N15: Flows | O15: Quantities | P15: Amount | Q15: Factor | R15: Units | S15: Tracked flows | T15: Standard deviation | U15: Origin | V15: Comment | Y15: Rain water [Water] | Z15: Mass | AA15: 476 | AB15: 476 | AC15: kg | AE15: 0 | AF15: (No statement)
C16: Overburden (deposited) [Stockpile goods] | D16: Mass | E16: 100 | F16: 100 | G16: kg | I16: 0 | J16: (No statement) | K16: from 2005 data, assumption based on input | N16: Aluminium oxide (alumina) [Inorganic intermediate products] | O16: Mass | P16: 1000 | Q16: 1000 | R16: kg | S16: X | T16: 0 | U16: Estimated | V16: x | Y16: Sea water [Water] | Z16: Mass | AA16: 193 | AB16: 193 | AC16: kg | AE16: 0 | AF16: (No statement) | AG16: x
C17: Processed water to lake [Other emissions to fresh water] | D17: Mass | E17: 28.1 | F17: 28.1 | G17: kg | I17: 0 | J17: (No statement) | K17: x | N17: Hazardous waste (unspec.) [Hazardous waste] | O17: Mass | P17: 1.93 | Q17: 1.93 | R17: kg | S17: * | T17: 0 | U17: (No statement) | V17: x | X17: Outputs
C18: Water vapour [Inorganic emissions to air] | D18: Mass | E18: 453 | F18: 453 | G18: kg | I18: 0 | J18: (No statement) | K18: x | N18: Red mud (wet) (3% NaOH) [Hazardous waste for disposal] | O18: Mass | P18: 1119 | Q18: 1119 | R18: kg | S18: * | T18: 0 | U18: Estimated | V18: Diff b/w bauxite in and alumina out | X18: Parameter | Y18: Flows | Z18: Quantities | AA18: Amount | AB18: Factor | AC18: Units | AD18: Tracked flows | AE18: Standard deviation | AF18: Origin | AG18: Comment
N19: Waste in landfill (inert material, sanitary and residual material landfill) [Consumer waste] | O19: Mass | P19: 0.23 | Q19: 0.23 | R19: kg | S19: * | T19: 0 | U19: (No statement) | V19: x | Y19: Aluminium oxide (imported) [Inorganic intermediate products] | Z19: Mass | AA19: 1000 | AB19: 1000 | AC19: kg | AD19: X | AE19: 0 | AF19: Estimated
E20: Input | F20: =F9/4 -> 275 | G20: kg Al | N20: Carbon dioxide [Inorganic emissions to air] | O20: Mass | P20: 185 | Q20: 185 | R20: kg | T20: 0 | U20: (No statement) | V20: non-fuel | Y20: Bauxite remnant [Waste for recovery] | Z20: Mass | AA20: 29.5 | AB20: 29.5 | AC20: kg | AD20: * | AE20: 0 | AF20: (No statement) | AG20: x
E21: Output | F21: =F13/4 -> 250 | G21: kg Al | N21: Cooling water to sea [Other emissions to sea water] | O21: Mass | P21: 2442 | Q21: 2442 | R21: kg | T21: 0 | U21: (No statement) | Y21: Hazardous waste (unspec.) [Hazardous waste] | Z21: Mass | AA21: 7.74 | AB21: 7.74 | AC21: kg | AD21: * | AE21: 0 | AF21: (No statement) | AG21: x
A22: Valuable inputs and outputs | E22: Efficiency | F22: =F21/F20 -> 0.90909091 | N22: Dust (> PM10) [Particles to air] | O22: Mass | P22: 0.249 | Q22: 0.249 | R22: kg | T22: 0 | U22: Estimated | V22: x | Y22: Red mud (wet) (3% NaOH) [Hazardous waste for disposal] | Z22: Mass | AA22: 1834 | AB22: 1834 | AC22: kg | AD22: * | AE22: 0 | AF22: Estimated | AG22: Diff b/w bauxite in and alumina out
A23: Energy consumption | N23: Mercury [Heavy metals to fresh water] | O23: Mass | P23: 5.94e-07 | Q23: 5.94e-07 | R23: kg | T23: 0 | U23: (No statement) | V23: x | Y23: Waste in landfill (inert material, sanitary and residual material landfill) [Consumer waste] | Z23: Mass | AA23: 11.3 | AB23: 11.3 | AC23: kg | AD23: * | AE23: 0 | AF23: (No statement) | AG23: x
A24: Dross, scrap, etc. | E24: NG | F24: =F7+F8 -> 90.4722 | G24: MJ | H24: =F24/F26 -> 0.9440295 | N24: Mercury [Heavy metals to air] | O24: Mass | P24: 6.74e-05 | Q24: 6.74e-05 | R24: kg | T24: 0 | U24: (No statement) | V24: x | Y24: Carbon dioxide [Inorganic emissions to air] | Z24: Mass | AA24: 237 | AB24: 237 | AC24: kg | AE24: 0 | AF24: (No statement) | AG24: non-fuel
A25: Process Emissions (Non Energy-related emissions) | E25: Electricity | F25: =F6 -> 5.364 | G25: MJ | H25: =F25/F26 -> 0.0559705 | N25: Nitrogen oxides [Inorganic emissions to air] | O25: Mass | P25: 0.592 | Q25: 0.592 | R25: kg | T25: 0 | U25: (No statement) | V25: x | Y25: Cooling water to sea [Other emissions to sea water] | Z25: Mass | AA25: 193 | AB25: 193 | AC25: kg | AE25: 0 | AF25: (No statement)
E26: Energy | F26: =SUM(F24:F25) -> 95.8362 | G26: MJ | N26: Oil (unspecified) [Hydrocarbons to fresh water] | O26: Mass | P26: 7.31 | Q26: 7.31 | R26: kg | T26: 0 | U26: (No statement) | V26: x | Y26: Dust (> PM10) [Particles to air] | Z26: Mass | AA26: 0.3469 | AB26: 0.3469 | AC26: kg | AE26: 0 | AF26: (No statement) | AG26: x (diff from particulates and M2.5, 2.5-10)
N27: Processed water to lake, regionalized, US [Other emissions to fresh water] | O27: Mass | P27: 4151 | Q27: 4151 | R27: kg | T27: 0 | U27: Estimated | Y27: Dust (PM2.5 - PM10) [Particles to air] | Z27: Mass | AA27: 0.0664 | AB27: 0.0664 | AC27: kg | AE27: 0 | AF27: Estimated | AG27: x
E28: MJ/kg-in | F28: =F26/F20 -> 0.34849527 | N28: Solids (suspended) [Particles to fresh water] | O28: Mass | P28: 0.0769 | Q28: 0.0769 | R28: kg | T28: 0 | U28: Estimated | V28: x | Y28: Dust (PM2.5) [Particles to air] | Z28: Mass | AA28: 0.0587 | AB28: 0.0587 | AC28: kg | AE28: 0 | AF28: (No statement) | AG28: x
E29: MJ/kg-out | F29: =F26/F21 -> 0.3833448 | G29: per kg Bauxite import (in Al content) | N29: Sulphur dioxide [Inorganic emissions to air] | O29: Mass | P29: 0.0612 | Q29: 0.0612 | R29: kg | T29: 0 | U29: Estimated | V29: x | Y29: Mercury [Heavy metals to air] | Z29: Mass | AA29: 0.000119 | AB29: 0.000119 | AC29: kg | AE29: 0 | AF29: (No statement) | AG29: x
N30: Water vapour [Inorganic emissions to air] | O30: Mass | P30: 4174.88 | Q30: 4174.88 | R30: kg | T30: 0 | U30: (No statement) | Y30: Mercury [Heavy metals to fresh water] | Z30: Mass | AA30: 4.67e-07 | AB30: 4.67e-07 | AC30: kg | AE30: 0 | AF30: (No statement) | AG30: x
Y31: Nitrogen oxides [Inorganic emissions to air] | Z31: Mass | AA31: 0.612 | AB31: 0.612 | AC31: kg | AE31: 0 | AF31: (No statement) | AG31: x
Y32: Oil (unspecified) [Hydrocarbons to fresh water] | Z32: Mass | AA32: 1.68 | AB32: 1.68 | AC32: kg | AE32: 0 | AF32: (No statement) | AG32: x
P33: Input | Q33: =Q6/4 -> 558.5 | R33: kg Al | Y33: Processed water to lake, regionalized, US [Other emissions to fresh water] | Z33: Mass | AA33: 1873 | AB33: 1873 | AC33: kg | AE33: 0 | AF33: Estimated
P34: Output | Q34: =Q16/102*54 -> 529.41176 | R34: kg Al | Y34: Solids (suspended) [Particles to fresh water] | Z34: Mass | AA34: 0.0413 | AB34: 0.0413 | AC34: kg | AE34: 0 | AF34: Estimated | AG34: x
P35: Efficiency | Q35: =Q34/Q33 -> 0.94791722 | Y35: Sulphur dioxide [Inorganic emissions to air] | Z35: Mass | AA35: 1.14 | AB35: 1.14 | AC35: kg | AE35: 0 | AF35: Estimated | AG35: x
Y36: Water vapour [Inorganic emissions to air] | Z36: Mass | AA36: 636 | AB36: 636 | AC36: kg | AE36: 0 | AF36: (No statement)
P37: NG | Q37: =Q10 -> 8562.4643 | R37: MJ | S37: =Q37/Q39 -> 0.96962856
P38: Electricity | Q38: =Q7 -> 268.2 | R38: MJ | S38: =Q38/Q39 -> 0.030371441
P39: Energy | Q39: =SUM(Q37:Q38) -> 8830.6643 | R39: MJ | AA39: Input | AB39: =AB6/4 -> 711.75 | AC39: kg Al
AA40: Output | AB40: =AB19/102*54 -> 529.41176 | AC40: kg Al
P41: MJ/kg-in | Q41: =Q39/Q33 -> 15.811395 | AA41: Efficiency | AB41: =AB40/AB39 -> 0.74381702
P42: MJ/kg-out | Q42: =Q39/Q34 -> 16.680144
P43: CF^Process | Q43: =P20/Q33 -> 0.3312444 | AA43: NG | AB43: =SUM(AB10:AB13) -> 11551.968 | AC43: MJ | AD43: =AB43/AB45 -> 0.93638528
AA44: Electricity | AB44: =AB7 -> 784.8 | AC44: MJ | AD44: =AB44/AB45 -> 0.063614718
AA45: Energy | AB45: =SUM(AB43:AB44) -> 12336.768 | AC45: MJ
AA47: MJ/kg-in | AB47: =AB45/AB39 -> 17.333007
AA48: MJ/kg-out | AB48: =AB45/AB40 -> 23.302783 | AC48: per kg alumina import (in Al content)
AA52: =AB48/Q42 -> 1.3970373

Sheet Electrolysis
A1: Process | B1: Electrolysis | D1: #E | M1: Anode production
A2: Report unit | B2: 1000 kg primary aluminum | M2: 1000 kg anode
A3: Scaling factor | B3: 1 | M3: 1
B4: Inputs | M4: Inputs
B5: Parameter | C5: Flows | D5: Quantities | E5: Amount | F5: Factor | G5: Units | H5: Tracked flows | I5: Standard deviation | J5: Origin | K5: Comment | M5: Parameter | N5: Flows | O5: Quantities | P5: Amount | Q5: Factor | R5: Units | S5: Tracked flows | T5: Standard deviation | U5: Origin | V5: Comment
C6: Aluminium fluoride [Inorganic intermediate products] | D6: Mass | E6: 16.8 | F6: 16.8 | G6: kg | H6: X | I6: 0 | J6: Estimated | K6: x | N6: Coke (C carrier) [Organic intermediate products] | O6: Mass | P6: 654 | Q6: 654 | R6: kg | S6: X | T6: 0 | U6: Estimated | V6: x
C7: Aluminium oxide (alumina) [Inorganic intermediate products] | D7: Mass | E7: 1917 | F7: 1917 | G7: kg | H7: X | I7: 0 | J7: Estimated | K7: x | N7: Electricity [Electric power] | O7: Energy (net calorific value) | P7: 892.8 | Q7: 892.8 | R7: MJ | S7: X | T7: 0 | U7: Measured | V7: x
C8: Anode (C carrier) [Operating materials] | D8: Mass | E8: 420 | F8: 420 | G8: kg | H8: X | I8: 0 | J8: (No statement) | K8: x Anodes (net)/Soderberg Paste | N8: Hard coal pitch (C carrier) [Organic intermediate products] | O8: Mass | P8: 153 | Q8: 153 | R8: kg | S8: X | T8: 0 | U8: Measured | V8: x
C9: Cathode carbon [Operating materials] | D9: Mass | E9: 6 | F9: 6 | G9: kg | H9: X | I9: 0 | J9: Estimated | K9: x | N9: Refractory [Minerals] | O9: Mass | P9: 4.26 | Q9: 4.26 | R9: kg | S9: X | T9: 0 | U9: (No statement) | V9: x
C10: Electricity [Electric power] | D10: Energy (net calorific value) | E10: 54648 | F10: 54648 | G10: MJ | H10: X | I10: 0 | J10: Estimated | K10: x | N10: Thermal energy from heavy fuel oil (MJ) [Thermal energy] | O10: Energy (net calorific value) | P10: 687.48 | Q10: 687.48 | R10: MJ | S10: X | T10: 0 | U10: Measured | V10: x
C11: Refractory [Minerals] | D11: Mass | E11: 6.661 | F11: 6.661 | G11: kg | H11: X | I11: 0 | J11: (No statement) | K11: x | N11: Thermal energy from light fuel oil (MJ) [Thermal energy] | O11: Energy (net calorific value) | P11: 21.86664 | Q11: 21.86664 | R11: MJ | S11: X | T11: 0 | U11: (No statement) | V11: diesel
C12: Steel part [Metal parts] | D12: Mass | E12: 6.19 | F12: 6.19 | G12: kg | H12: X | I12: 0 | J12: (No statement) | K12: x | N12: Thermal energy from natural gas (MJ) [Thermal energy] | O12: Energy (net calorific value) | P12: 1633.0829 | Q12: 1633.0829 | R12: MJ | S12: X | T12: 0 | U12: Measured | V12: x
C13: Fresh water [Water] | D13: Mass | E13: 9120 | F13: 9120 | G13: kg | I13: 0 | J13: (No statement) | K13: x | N13: Anodes (used) [Waste for recovery] | O13: Mass | P13: 353 | Q13: 353 | R13: kg | S13: * | T13: 0 | U13: (No statement)
C14: Rain water [Water] | D14: Mass | E14: 3380 | F14: 3380 | G14: kg | I14: 0 | J14: (No statement) | N14: Fresh water [Water] | O14: Mass | P14: 4516 | Q14: 4516 | R14: kg | T14: 0 | U14: Measured | V14: inputs smaller than outputs
B15: Outputs | N15: Rain water [Water] | O15: Mass | P15: 1183 | Q15: 1183 | R15: kg | T15: 0 | U15: (No statement)
B16: Parameter | C16: Flows | D16: Quantities | E16: Amount | F16: Factor | G16: Units | H16: Tracked flows | I16: Standard deviation | J16: Origin | K16: Comment | M16: Outputs
C17: Aluminium (liquid metal; prebaked) [Metals] | D17: Mass | E17: 1000 | F17: 1000 | G17: kg | H17: X | I17: 0 | J17: Estimated | K17: x | M17: Parameter | N17: Flows | O17: Quantities | P17: Amount | Q17: Factor | R17: Units | S17: Tracked flows | T17: Standard deviation | U17: Origin | V17: Comment
C18: Aluminium oxide (alumina) [Waste for disposal] | D18: Mass | E18: 8.96 | F18: 8.96 | G18: kg | H18: * | I18: 0 | J18: (No statement) | K18: to landfill | N18: Anode (C carrier) [Operating materials] | O18: Mass | P18: 1000 | Q18: 1000 | R18: kg | S18: X | T18: 0 | U18: Measured
C19: Carbon (unspecified) [Hazardous waste] | D19: Mass | E19: 5.8 | F19: 5.8 | G19: kg | H19: * | I19: 0 | J19: Estimated | K19: Waste carbon or mix | N19: Carbon (unspecified) [Waste for recovery] | O19: Mass | P19: 14.515 | Q19: 14.515 | R19: kg | S19: * | T19: 0 | U19: Measured | V19: waste carbon (landfill)
C20: Refractory [Hazardous waste] | D20: Mass | E20: 9.8 | F20: 9.8 | G20: kg | H20: * | I20: 0 | J20: (No statement) | K20: x spent pot lining + refractory to landfill | N20: Hazardous waste (unspec.) [Hazardous waste] | O20: Mass | P20: 3.84 | Q20: 3.84 | R20: kg | S20: * | T20: 0 | U20: (No statement) | V20: x
C21: Refractory bricks [Waste for recovery] | D21: Mass | E21: 6.2 | F21: 6.2 | G21: kg | H21: * | I21: 0 | J21: (No statement) | K21: x Spent pot lining carbon + spent pot lining refractory + refractory | N21: Refractories [Waste for recovery] | O21: Mass | P21: 19.96 | Q21: 19.96 | R21: kg | S21: * | T21: 0 | U21: (No statement) | V21: x
A22: Valuable inputs and outputs | C22: Sludge [Hazardous waste] | D22: Mass | E22: 10.3 | F22: 10.3 | G22: kg | H22: * | I22: 0 | J22: Estimated | K22: x | N22: Refractory [Hazardous waste] | O22: Mass | P22: 4.45 | Q22: 4.45 | R22: kg | S22: * | T22: 0 | U22: (No statement) | V22: x
A23: Energy consumption | C23: Steel scrap (St) [Waste for recovery] | D23: Mass | E23: 6.19 | F23: 6.19 | G23: kg | H23: * | I23: 0 | J23: (No statement) | K23: = to input | N23: Steel scrap (St) [Waste for recovery] | O23: Mass | P23: 11.1 | Q23: 11.1 | R23: kg | S23: * | T23: 0 | U23: (No statement) | V23: x
A24: Dross, scrap, etc. | C24: Benzo{a}pyrene [Group PAH to air] | D24: Mass | E24: 6.32e-05 | F24: 6.32e-05 | G24: kg | I24: 0 | J24: Measured | K24: x | N24: Unspecified industrial waste [Consumer waste] | O24: Mass | P24: 3.21 | Q24: 3.21 | R24: kg | S24: * | T24: 0 | U24: (No statement) | V24: x Diff b/w solid indust. waste and haz waste
A25: Process Emissions (Non Energy-related emissions) | C25: Carbon dioxide [Inorganic emissions to air] | D25: Mass | E25: 1503 | F25: 1503 | G25: kg | I25: 0 | J25: Calculated | K25: x | N25: Waste for recovery (unspecific) [Waste for recovery] | O25: Mass | P25: 9.9 | Q25: 9.9 | R25: kg | S25: * | T25: 0 | U25: (No statement) | V25: x By-product (other)
C26: Dust (> PM10) [Particles to air] | D26: Mass | E26: 0.115 | F26: 0.115 | G26: kg | I26: 0 | J26: (No statement) | N26: Carbon dioxide [Inorganic emissions to air] | O26: Mass | P26: 236 | Q26: 236 | R26: kg | T26: 0 | U26: (No statement) | V26: x non fuel
C27: Dust (PM2.5 - PM10) [Particles to air] | D27: Mass | E27: 0.685 | F27: 0.685 | G27: kg | I27: 0 | J27: Measured | K27: x | N27: Dust (PM2.5 - PM10) [Particles to air] | O27: Mass | P27: 0.204 | Q27: 0.204 | R27: kg | T27: 0 | U27: Measured | V27: x Difference b/w particulates and PM<2.5
C28: Dust (PM2.5) [Particles to air] | D28: Mass | E28: 1.34 | F28: 1.34 | G28: kg | I28: 0 | J28: (No statement) | K28: x | N28: Dust (PM2.5) [Particles to air] | O28: Mass | P28: 0.103 | Q28: 0.103 | R28: kg | T28: 0 | U28: (No statement) | V28: x
C29: Fluoride [Inorganic emissions to air] | D29: Mass | E29: 0.364 | F29: 0.364 | G29: kg | I29: 0 | J29: (No statement) | K29: x | N29: Fluoride [Inorganic emissions to air] | O29: Mass | P29: 0.0157 | Q29: 0.0157 | R29: kg | T29: 0 | U29: Measured | V29: x
C30: Fluoride [Inorganic emissions to sea water] | D30: Mass | E30: 0.0457 | F30: 0.0457 | G30: kg | I30: 0 | J30: (No statement) | K30: x | N30: Hydrogen fluoride [Inorganic emissions to air] | O30: Mass | P30: 0.0117 | Q30: 0.0117 | R30: kg | T30: 0 | U30: (No statement) | V30: x (gaseous fluride)
C31: Hydrogen fluoride [Inorganic emissions to air] | D31: Mass | E31: 0.334 | F31: 0.334 | G31: kg | I31: 0 | J31: Measured | K31: x gaseous fluoride | N31: Nitrogen oxides [Inorganic emissions to air] | O31: Mass | P31: 0.346 | Q31: 0.346 | R31: kg | T31: 0 | U31: Measured | V31: x
C32: Nitrogen oxides [Inorganic emissions to air] | D32: Mass | E32: 0.155 | F32: 0.155 | G32: kg | I32: 0 | J32: Measured | K32: x | N32: Polycyclic aromatic hydrocarbons (PAH) [Group PAH to air] | O32: Mass | P32: 0.0288 | Q32: 0.0288 | R32: kg | T32: 0 | U32: Measured | V32: x
C33: Oil (unspecified) [Hydrocarbons to fresh water] | D33: Mass | E33: 0.00325 | F33: 0.00325 | G33: kg | I33: 0 | J33: (No statement) | K33: x | N33: Processed water to lake, regionalized, US [Other emissions to fresh water] | O33: Mass | P33: 4630 | Q33: 4630 | R33: kg | T33: 0 | U33: (No statement) | V33: x
C34: Polycyclic aromatic hydrocarbons (PAH) [Group PAH to air] | D34: Mass | E34: 0.0146 | F34: 0.0146 | G34: kg | I34: 0 | J34: Measured | K34: x | N34: Solids (suspended) [Particles to fresh water] | O34: Mass | P34: 0.0503 | Q34: 0.0503 | R34: kg | T34: 0 | U34: (No statement) | V34: x
C35: Polycyclic aromatic hydrocarbons (PAH, unspec.) [Hydrocarbons to fresh water] | D35: Mass | E35: 5.162e-05 | F35: 5.162e-05 | G35: kg | I35: 0 | J35: (No statement) | K35: x | N35: Sulphur dioxide [Inorganic emissions to air] | O35: Mass | P35: 3.16 | Q35: 3.16 | R35: kg | T35: 0 | U35: Measured | V35: x
C36: Processed water to lake, regionalized, US [Other emissions to fresh water] | D36: Mass | E36: 11100 | F36: 11100 | G36: kg | I36: 0 | J36: (No statement) | K36: x | N36: Water vapour [Inorganic emissions to air] | O36: Mass | P36: 1068 | Q36: 1068 | R36: kg | T36: 0 | U36: (No statement) | V36: x
C37: R 116 (hexafluoroethane) [Halogenated organic emissions to air] | D37: Mass | E37: 0.003299 | F37: 0.003299 | G37: kg | I37: 0 | J37: Estimated | K37: x
C38: Solids (suspended) [Particles to fresh water] | D38: Mass | E38: 0.0387 | F38: 0.0387 | G38: kg | I38: 0 | J38: (No statement) | K38: x
C39: Sulphur dioxide [Inorganic emissions to air] | D39: Mass | E39: 16.6 | F39: 16.6 | G39: kg | I39: 0 | J39: Measured | K39: x | P39: Input | Q39: =Q6+Q8+Q13 -> 1160 | R39: kg C
C40: Tetrafluoromethane [Halogenated organic emissions to air] | D40: Mass | E40: 0.0354 | F40: 0.0354 | G40: kg | I40: 0 | J40: Estimated | K40: x | P40: Output | Q40: =Q18 -> 1000 | R40: kg C
C41: Water vapour [Inorganic emissions to air] | D41: Mass | E41: 1354 | F41: 1354 | G41: kg | I41: 0 | J41: (No statement) | P41: Efficiency | Q41: =Q40/Q39 -> 0.86206897
T42: kg CO2e/MJ-Delivered
P43: NG | Q43: =SUM(Q10:Q12) -> 2342.4296 | R43: MJ | S43: =Q43/Q45 -> 0.72403813 | T43: 0.069
E44: Input | F44: =F7/102*54 -> 1014.8824 | G44: kg Al | H44: CO2_CF_direct | I44: =F25/F44 -> 1.4809598 | J44: kgCO2e/kg-in | K44: =F25/F17 -> 1.503 | L44: kgCO2e/kg-out | P44: Electricity | Q44: =Q7 -> 892.8 | R44: MJ | S44: =Q44/Q45 -> 0.27596187 | T44: =440/3.6/1000 -> 0.12222222
E45: Output | F45: =F17 -> 1000 | G45: kg Al | H45: PFC_CF_direct | I45: =K45*F46 -> 0.26308468 | J45: kgCO2e/kg-in | K45: 0.267 | L45: kgCO2e/kg-out | P45: Energy | Q45: =SUM(Q43:Q44) -> 3235.2296 | R45: MJ
E46: Efficiency | F46: =F45/F44 -> 0.98533588
P47: MJ/kg-in | Q47: =Q45/Q39 -> 2.788991
E48: NG | F48: 0 | G48: MJ | H48: =F48/F50 -> 0 | P48: MJ/kg-out | Q48: =Q45/Q40 -> 3.2352296 | R48: per kg anode consumed
E49: Electricity | F49: =F10 -> 54648 | G49: MJ | H49: =F49/F50 -> 1 | P49: kg CO2e/MJ-Del | Q49: =SUMPRODUCT(S43:S44,T43:T44) -> 0.083687304
E50: Energy | F50: =SUM(F48:F49) -> 54648 | G50: MJ | P50: kg CO2e/kg-anode | Q50: =Q49*Q48 -> 0.27074764 | R50: per kg anode consumed
E52: MJ/kg-in | F52: =F50/F44 -> 53.846635 | P52: kg anode/kg-Al | Q52: =1/4*3 -> 0.75
E53: MJ/kg-out | F53: =F50/F45 -> 54.648 | P53: kgCO2e/kg-Al | Q53: =Q50*Q52 -> 0.20306073
D55: GWh
B56: AA LCA P67 | C56: Power source | D56: Power Cons. | E56: Share | F56: kg CO2e/MJ-Delivered
C57: Hydro | D57: =45534 -> 45534 | E57: =D57/$D$63 -> 0.78377169 | F57: =24/1000/3.6 -> 0.0066666667
C58: Other Renewable | D58: 938 | E58: =D58/$D$63 -> 0.01614569 | F58: =Electrolysis!F57 -> 0.0066666667
C59: Nuclear | D59: 233 | E59: =D59/$D$63 -> 0.0040106031 | F59: =4/1000/3.6 -> 0.0011111111
C60: Coal | D60: 9791 | E60: =D60/$D$63 -> 0.1685314 | F60: =0.0939/0.85 -> 0.11047059
C61: Natural Gas | D61: 1564 | E61: =D61/$D$63 -> 0.026920958 | F61: 0.069
C62: Oil and Other | D62: 36 | E62: =D62/$D$63 -> 0.000619664 | F62: =73.3*3.9924/1000 -> 0.29264292 | H62: kg CO2e/MJ-Delivered
D63: =SUM(D57:D62) -> 58096 | H63: =SUMPRODUCT(E57:E62,F57:F62) -> 0.025993888

Sheet Recycling
A1: Process | B1: 100% recycled aluminum scrap processing, remelting and casting | D1: #R1 | E1: #R2 | L1: 95% recycled aluminum scrap processing, remelting and casting | V1: Dross & saltcake recycling
A2: Report unit | B2: 1000 kg recovered aluminum | L2: 1000 kg secondary aluminum | V2: 1000 kg recovered aluminum
A3: Scaling factor | B3: 1 | L3: 1 | V3: 1
B4: Inputs | L4: Inputs | V4: Inputs
B5: Parameter | C5: Flows | D5: Quantities | E5: Amount | F5: Factor | G5: Units | H5: Tracked flows | I5: Standard deviation | J5: Origin | L5: Parameter | M5: Flows | N5: Quantities | O5: Amount | P5: Factor | Q5: Units | R5: Tracked flows | S5: Standard deviation | T5: Origin | V5: Parameter | W5: Flows | X5: Quantities | Y5: Amount | Z5: Factor | AA5: Units | AB5: Tracked flows | AC5: Standard deviation | AD5: Origin
C6: Alloying elements [Metals] | D6: Mass | E6: 6.456087 | F6: 6.456087 | G6: kg | H6: X | I6: 0 | J6: (No statement) | M6: Alloying elements [Metals] | N6: Mass | O6: 6.456087 | P6: 6.456087 | Q6: kg | R6: X | S6: 0 | T6: (No statement) | W6: Argon [Inorganic intermediate products] | X6: Mass | Y6: 17.5405 | Z6: 17.5405 | AA6: kg | AB6: X | AC6: 0 | AD6: (No statement)
C7: Aluminum input [Metals] | D7: Mass | E7: 55.4905 | F7: 55.4905 | G7: kg | H7: X | I7: 0 | J7: (No statement) | M7: Aluminum input [Metals] | N7: Mass | O7: 55.4905 | P7: 55.4905 | Q7: kg | R7: X | S7: 0 | T7: (No statement) | W7: Concentrated dross and saltcake [Waste for recovery] | X7: Mass | Y7: 2689.7871 | Z7: 2689.7871 | AA7: kg | AB7: X | AC7: 0 | AD7: (No statement)
C8: Argon [Inorganic intermediate products] | D8: Mass | E8: 0.144127 | F8: 0.144127 | G8: kg | H8: X | I8: 0 | J8: (No statement) | M8: Argon [Inorganic intermediate products] | N8: Mass | O8: 0.144127 | P8: 0.144127 | Q8: kg | R8: X | S8: 0 | T8: (No statement) | W8: Cryolite [Inorganic intermediate products] | X8: Mass | Y8: 2.7505 | Z8: 2.7505 | AA8: kg | AB8: X | AC8: 0 | AD8: (No statement)
C9: Dross [Metals] | D9: Mass | E9: 48.401914 | F9: 48.401914 | G9: kg | H9: X | I9: 0 | J9: (No statement) | M9: Dross [Metals] | N9: Mass | O9: 48.401914 | P9: 48.401914 | Q9: kg | R9: X | S9: 0 | T9: (No statement) | W9: Electricity [Electric power] | X9: Energy (net calorific value) | Y9: 757.07928 | Z9: 757.07928 | AA9: MJ | AB9: X | AC9: 0 | AD9: (No statement)
C10: Electricity [Electric power] | D10: Energy (net calorific value) | E10: 487.03044 | F10: 487.03044 | G10: MJ | H10: X | I10: 0 | J10: (No statement) | M10: Electricity [Electric power] | N10: Energy (net calorific value) | O10: 487.03044 | P10: 487.03044 | Q10: MJ | R10: X | S10: 0 | T10: (No statement) | W10: Lime quicklime (lumpy) [Minerals] | X10: Mass | Y10: 15.9813 | Z10: 15.9813 | AA10: kg | AB10: X | AC10: 0 | AD10: (No statement)
C11: Filter media [Operating materials] | D11: Mass | E11: 0.00894284 | F11: 0.00894284 | G11: kg | H11: X | I11: 0 | J11: (No statement) | M11: Filter media [Operating materials] | N11: Mass | O11: 0.00894284 | P11: 0.00894284 | Q11: kg | R11: X | S11: 0 | T11: (No statement) | W11: Potassium chloride [Inorganic intermediate products] | X11: Mass | Y11: 52.8181 | Z11: 52.8181 | AA11: kg | AB11: X | AC11: 0 | AD11: (No statement)
C12: Hydraulic oil [Operating materials] | D12: Mass | E12: 0.013699 | F12: 0.013699 | G12: kg | H12: X | I12: 0 | J12: (No statement) | M12: Hydraulic oil [Operating materials] | N12: Mass | O12: 0.013699 | P12: 0.013699 | Q12: kg | R12: X | S12: 0 | T12: (No statement) | W12: Refractory [Minerals] | X12: Mass | Y12: 0.6258 | Z12: 0.6258 | AA12: kg | AB12: X | AC12: 0 | AD12: (No statement)
C13: Lime quicklime (lumpy) [Minerals] | D13: Mass | E13: 0.14706 | F13: 0.14706 | G13: kg | H13: X | I13: 0 | J13: (No statement) | M13: Lime quicklime (lumpy) [Minerals] | N13: Mass | O13: 0.14706 | P13: 0.14706 | Q13: kg | R13: X | S13: 0 | T13: (No statement) | W13: Sodium chloride (rock salt) [Inorganic intermediate products] | X13: Mass | Y13: 158.1632 | Z13: 158.1632 | AA13: kg | AB13: X | AC13: 0 | AD13: (No statement)
C14: Nitrogen gaseous [Inorganic intermediate products] | D14: Mass | E14: 0.254537 | F14: 0.254537 | G14: kg | H14: X | I14: 0 | J14: (No statement) | M14: Nitrogen gaseous [Inorganic intermediate products] | N14: Mass | O14: 0.254537 | P14: 0.254537 | Q14: kg | R14: X | S14: 0 | T14: (No statement) | W14: Thermal energy from natural gas (MJ) [Thermal energy] | X14: Energy (net calorific value) | Y14: 5929.4885 | Z14: 5929.4885 | AA14: MJ | AB14: X | AC14: 0 | AD14: (No statement)
C15: Potassium chloride [Inorganic intermediate products] | D15: Mass | E15: 3.79758 | F15: 3.79758 | G15: kg | H15: X | I15: 0 | J15: (No statement) | M15: Potassium chloride [Inorganic intermediate products] | N15: Mass | O15: 3.79758 | P15: 3.79758 | Q15: kg | R15: X | S15: 0 | T15: (No statement) | V15: Outputs
C16: Refractory [Minerals] | D16: Mass | E16: 0.0465384 | F16: 0.0465384 | G16: kg | H16: X | I16: 0 | J16: (No statement) | M16: Refractory [Minerals] | N16: Mass | O16: 0.0465384 | P16: 0.0465384 | Q16: kg | R16: X | S16: 0 | T16: (No statement) | V16: Parameter | W16: Flows | X16: Quantities | Y16: Amount | Z16: Factor | AA16: Units | AB16: Tracked flows | AC16: Standard deviation | AD16: Origin
C17: Sodium chloride (rock salt) [Inorganic intermediate products] | D17: Mass | E17: 14.835992 | F17: 14.835992 | G17: kg | H17: X | I17: 0 | J17: (No statement) | M17: Sodium chloride (rock salt) [Inorganic intermediate products] | N17: Mass | O17: 14.835992 | P17: 14.835992 | Q17: kg | R17: X | S17: 0 | T17: (No statement) | W17: Aluminium ingot (secondary) [Metals] | X17: Mass | Y17: 1000 | Z17: 1000 | AA17: kg | AB17: X | AC17: 0 | AD17: (No statement)
C18: Steel band (packaging) [Metals] | D18: Mass | E18: 0.0229051 | F18: 0.0229051 | G18: kg | H18: X | I18: 0 | J18: (No statement) | M18: Steel band (packaging) [Metals] | N18: Mass | O18: 0.0229051 | P18: 0.0229051 | Q18: kg | R18: X | S18: 0 | T18: (No statement) | W18: Aluminium oxide (alumina) [Waste for recovery] | X18: Mass | Y18: 103.6887 | Z18: 103.6887 | AA18: kg | AB18: * | AC18: 0 | AD18: (No statement)
C19: Thermal energy from diesel fuel (MJ) [Thermal energy] | D19: Energy (net calorific value) | E19: 10.23005 | F19: 10.23005 | G19: MJ | H19: X | I19: 0 | J19: (No statement) | M19: Thermal energy from diesel fuel (MJ) [Thermal energy] | N19: Energy (net calorific value) | O19: 10.23005 | P19: 10.23005 | Q19: MJ | R19: X | S19: 0 | T19: (No statement) | W19: Filter dust [Hazardous waste] | X19: Mass | Y19: 68.3085 | Z19: 68.3085 | AA19: kg | AB19: * | AC19: 0 | AD19: (No statement)
C20: Thermal energy from natural gas (MJ) [Thermal energy] | D20: Energy (net calorific value) | E20: 5300.3589 | F20: 5300.3589 | G20: MJ | H20: X | I20: 0 | J20: (No statement) | M20: Thermal energy from natural gas (MJ) [Thermal energy] | N20: Energy (net calorific value) | O20: 5300.3589 | P20: 5300.3589 | Q20: MJ | R20: X | S20: 0 | T20: (No statement) | W20: Refractory [Hazardous waste] | X20: Mass | Y20: 2.6051 | Z20: 2.6051 | AA20: kg | AB20: * | AC20: 0 | AD20: (No statement)
C21: Thermal energy from propane (MJ) [Thermal energy] | D21: Energy (net calorific value) | E21: 2.080335 | F21: 2.080335 | G21: MJ | H21: X | I21: 0 | J21: (No statement) | M21: Thermal energy from propane (MJ) [Thermal energy] | N21: Energy (net calorific value) | O21: 2.080335 | P21: 2.080335 | Q21: MJ | R21: X | S21: 0 | T21: (No statement) | W21: Saltcake [Waste for disposal] | X21: Mass | Y21: 1474.1173 | Z21: 1474.1173 | AA21: kg | AB21: * | AC21: 0 | AD21: (No statement)
A22: Valuable inputs and outputs | C22: Untreated comingled aluminum scrap [Metals] | D22: Mass | E22: 263.41661 | F22: 263.41661 | G22: kg | H22: X | I22: 0 | J22: (No statement) | M22: Untreated comingled aluminum scrap [Metals] | N22: Mass | O22: 263.41661 | P22: 263.41661 | Q22: kg | R22: X | S22: 0 | T22: (No statement) | W22: Used oil (without water) [Waste for recovery] | X22: Mass | Y22: 0.1461 | Z22: 0.1461 | AA22: kg | AB22: * | AC22: 0 | AD22: (No statement)
A23: Energy consumption | C23: Untreated post-consumer aluminum scrap [Metals] | D23: Mass | E23: 375.70427 | F23: 375.70427 | G23: kg | H23: X | I23: 0 | J23: (No statement) | M23: Untreated post-consumer aluminum scrap [Metals] | N23: Mass | O23: 375.70427 | P23: 375.70427 | Q23: kg | R23: X | S23: 0 | T23: (No statement) | W23: Dust (PM10) [Particles to air] | X23: Mass | Y23: 0.2421 | Z23: 0.2421 | AA23: kg | AC23: 0 | AD23: (No statement)
A24: Dross, scrap, etc. | C24: Untreated pre-consumer aluminum scrap [Metals] | D24: Mass | E24: 309.35075 | F24: 309.35075 | G24: kg | H24: X | I24: 0 | J24: (No statement) | M24: Untreated pre-consumer aluminum scrap [Metals] | N24: Mass | O24: 309.35075 | P24: 309.35075 | Q24: kg | R24: X | S24: 0 | T24: (No statement) | W24: Hydrogen chloride [Inorganic emissions to air] | X24: Mass | Y24: 0.07507 | Z24: 0.07507 | AA24: kg | AC24: 0 | AD24: (No statement)
C25: Water (tap water) [Operating materials] | D25: Mass | E25: 139.88811 | F25: 139.88811 | G25: kg | H25: X | I25: 0 | J25: (No statement) | M25: Water (tap water) [Operating materials] | N25: Mass | O25: 139.88811 | P25: 139.88811 | Q25: kg | R25: X | S25: 0 | T25: (No statement) | W25: Hydrogen fluoride [Inorganic emissions to air] | X25: Mass | Y25: 0.02046 | Z25: 0.02046 | AA25: kg | AC25: 0 | AD25: (No statement)
B26: Outputs | L26: Outputs | W26: Lead [Heavy metals to air] | X26: Mass | Y26: 5e-05 | Z26: 5e-05 | AA26: kg | AC26: 0 | AD26: (No statement)
B27: Parameter | C27: Flows | D27: Quantities | E27: Amount | F27: Factor | G27: Units | H27: Tracked flows | I27: Standard deviation | J27: Origin | L27: Parameter | M27: Flows | N27: Quantities | O27: Amount | P27: Factor | Q27: Units | R27: Tracked flows | S27: Standard deviation | T27: Origin | W27: Nitrogen dioxide [Inorganic emissions to air] | X27: Mass | Y27: 0.0242 | Z27: 0.0242 | AA27: kg | AC27: 0 | AD27: (No statement)
C28: Aluminium ingot (secondary) [Metals] | D28: Mass | E28: 1000 | F28: 1000 | G28: kg | H28: X | I28: 0 | J28: (No statement) | M28: Aluminium ingot (secondary) [Metals] | N28: Mass | O28: 1000 | P28: 1000 | Q28: kg | R28: X | S28: 0 | T28: (No statement) | W28: Sulphur dioxide [Inorganic emissions to air] | X28: Mass | Y28: 0.1441 | Z28: 0.1441 | AA28: kg | AC28: 0 | AD28: (No statement)
C29: Dross [Waste for recovery] | D29: Mass | E29: 0.357087 | F29: 0.357087 | G29: kg | H29: * | I29: 0 | J29: (No statement) | M29: Dross [Waste for recovery] | N29: Mass | O29: 0.357087 | P29: 0.357087 | Q29: kg | R29: * | S29: 0 | T29: (No statement) | W29: VOC (unspecified) [Organic emissions to air (group VOC)] | X29: Mass | Y29: 0.0798 | Z29: 0.0798 | AA29: kg | AC29: 0 | AD29: (No statement)
C30: Dross for internal recycling [Waste for recovery] | D30: Mass | E30: 54.695053 | F30: 54.695053 | G30: kg | H30: * | I30: 0 | J30: (No statement) | M30: Dross for internal recycling [Waste for recovery] | N30: Mass | O30: 54.695053 | P30: 54.695053 | Q30: kg | R30: * | S30: 0 | T30: (No statement)
C31: Filter dust [Hazardous waste] | D31: Mass | E31: 3.478562 | F31: 3.478562 | G31: kg | H31: * | I31: 0 | J31: (No statement) | M31: Filter dust [Hazardous waste] | N31: Mass | O31: 3.478562 | P31: 3.478562 | Q31: kg | R31: * | S31: 0 | T31: (No statement)
C32: Filter media [Waste for disposal] | D32: Mass | E32: 0.0311899 | F32: 0.0311899 | G32: kg | H32: * | I32: 0 | J32: (No statement) | M32: Filter media [Waste for disposal] | N32: Mass | O32: 0.0311899 | P32: 0.0311899 | Q32: kg | R32: * | S32: 0 | T32: (No statement) | Y32: Input upperbound | Z32: =Z7*0.8 -> 2151.8297 | AA32: kg Al
C33: Hazardous waste (unspec.) [Hazardous waste] | D33: Mass | E33: 0.0760584 | F33: 0.0760584 | G33: kg | H33: * | I33: 0 | J33: (No statement) | M33: Hazardous waste (unspec.) [Hazardous waste] | N33: Mass | O33: 0.0760584 | P33: 0.0760584 | Q33: kg | R33: * | S33: 0 | T33: (No statement) | Y33: Output | Z33: =Z17 -> 1000 | AA33: kg Al
C34: Refractory [Hazardous waste] | D34: Mass | E34: 0.313897 | F34: 0.313897 | G34: kg | H34: * | I34: 0 | J34: (No statement) | M34: Refractory [Hazardous waste] | N34: Mass | O34: 0.313897 | P34: 0.313897 | Q34: kg | R34: * | S34: 0 | T34: (No statement) | Y34: Efficiency lowerbound | Z34: =Z33/Z32 -> 0.4647208
C35: Saltcake [Waste for recovery] | D35: Mass | E35: 1.793484 | F35: 1.793484 | G35: kg | H35: * | I35: 0 | J35: (No statement) | M35: Saltcake [Waste for recovery] | N35: Mass | O35: 1.793484 | P35: 1.793484 | Q35: kg | R35: * | S35: 0 | T35: (No statement)
C36: Saltcake [Waste for disposal] | D36: Mass | E36: 0.0413989 | F36: 0.0413989 | G36: kg | H36: * | I36: 0 | J36: (No statement) | M36: Saltcake [Waste for disposal] | N36: Mass | O36: 0.0413989 | P36: 0.0413989 | Q36: kg | R36: * | S36: 0 | T36: (No statement) | Y36: NG | Z36: =Z14 -> 5929.4885 | AA36: MJ | AB36: =Z36/Z38 -> 0.8867761
C37: Unspecified industrial waste [Consumer waste] | D37: Mass | E37: 2.768662 | F37: 2.768662 | G37: kg | H37: * | I37: 0 | J37: (No statement) | M37: Unspecified industrial waste [Consumer waste] | N37: Mass | O37: 2.768662 | P37: 2.768662 | Q37: kg | R37: * | S37: 0 | T37: (No statement) | Y37: Electricity | Z37: =Z9 -> 757.07928 | AA37: MJ | AB37: =Z37/Z38 -> 0.1132239
C38: Water (waste water, untreated) [Production residues in life cycle] | D38: Mass | E38: 96.532768 | F38: 96.532768 | G38: kg | H38: * | I38: 0 | J38: (No statement) | M38: Water (waste water, untreated) [Production residues in life cycle] | N38: Mass | O38: 96.532768 | P38: 96.532768 | Q38: kg | R38: * | S38: 0 | T38: (No statement) | Y38: Energy | Z38: =SUM(Z36:Z37) -> 6686.5678 | AA38: MJ
C39: Aluminium [Inorganic emissions to fresh water] | D39: Mass | E39: 0.000801686 | F39: 0.000801686 | G39: kg | I39: 0 | J39: (No statement) | M39: Aluminium [Inorganic emissions to fresh water] | N39: Mass | O39: 0.000801686 | P39: 0.000801686 | Q39: kg | S39: 0 | T39: (No statement)
C40: Biological oxygen demand (BOD) [Analytical measures to fresh water] | D40: Mass | E40: 0.003900883 | F40: 0.003900883 | G40: kg | I40: 0 | J40: (No statement) | M40: Biological oxygen demand (BOD) [Analytical measures to fresh water] | N40: Mass | O40: 0.003900883 | P40: 0.003900883 | Q40: kg | S40: 0 | T40: (No statement) | Y40: MJ/kg-in | Z40: =Z38/Z32 -> 3.1073871
C41: Cadmium [Heavy metals to fresh water] | D41: Mass | E41: 1.03223e-06 | F41: 1.03223e-06 | G41: kg | I41: 0 | J41: (No statement) | M41: Cadmium [Heavy metals to fresh water] | N41: Mass | O41: 1.03223e-06 | P41: 1.03223e-06 | Q41: kg | S41: 0 | T41: (No statement) | Y41: MJ/kg-out | Z41: =Z38/Z33 -> 6.6865678
C42: Chromium [Heavy metals to fresh water] | D42: Mass | E42: 9.65645e-07 | F42: 9.65645e-07 | G42: kg | I42: 0 | J42: (No statement) | M42: Chromium [Heavy metals to fresh water] | N42: Mass | O42: 9.65645e-07 | P42: 9.65645e-07 | Q42: kg | S42: 0 | T42: (No statement)
C43: Dust (PM10) [Particles to air] | D43: Mass | E43: 0.11283149 | F43: 0.11283149 | G43: kg | I43: 0 | J43: (No statement) | M43: Dust (PM10) [Particles to air] | N43: Mass | O43: 0.11283149 | P43: 0.11283149 | Q43: kg | S43: 0 | T43: (No statement)
C44: Dust (PM2.5) [Particles to air] | D44: Mass | E44: 0.020208127 | F44: 0.020208127 | G44: kg | I44: 0 | J44: (No statement) | M44: Dust (PM2.5) [Particles to air] | N44: Mass | O44: 0.020208127 | P44: 0.020208127 | Q44: kg | S44: 0 | T44: (No statement)
C45: Hydrogen chloride [Inorganic emissions to air] | D45: Mass | E45: 0.054119303 | F45: 0.054119303 | G45: kg | I45: 0 | J45: (No statement) | M45: Hydrogen chloride [Inorganic emissions to air] | N45: Mass | O45: 0.054119303 | P45: 0.054119303 | Q45: kg | S45: 0 | T45: (No statement)
C46: Hydrogen fluoride [Inorganic emissions to air] | D46: Mass | E46: 0.015320731 | F46: 0.015320731 | G46: kg | I46: 0 | J46: (No statement) | M46: Hydrogen fluoride [Inorganic emissions to air] | N46: Mass | O46: 0.015320731 | P46: 0.015320731 | Q46: kg | S46: 0 | T46: (No statement)
C47: Lead [Heavy metals to air] | D47: Mass | E47: 1.00588e-05 | F47: 1.00588e-05 | G47: kg | I47: 0 | J47: (No statement) | M47: Lead [Heavy metals to air] | N47: Mass | O47: 1.00588e-05 | P47: 1.00588e-05 | Q47: kg | S47: 0 | T47: (No statement)
C48: Lead [Heavy metals to fresh water] | D48: Mass | E48: 1.38107e-06 | F48: 1.38107e-06 | G48: kg | I48: 0 | J48: (No statement) | M48: Lead [Heavy metals to fresh water] | N48: Mass | O48: 1.38107e-06 | P48: 1.38107e-06 | Q48: kg | S48: 0 | T48: (No statement)
C49: Nitrogen dioxide [Inorganic emissions to air] | D49: Mass | E49: 0.040117645 | F49: 0.040117645 | G49: kg | I49: 0 | J49: (No statement) | M49: Nitrogen dioxide [Inorganic emissions to air] | N49: Mass | O49: 0.040117645 | P49: 0.040117645 | Q49: kg | S49: 0 | T49: (No statement)
C50: NMVOC (unspecified) [Group NMVOC to air] | D50: Mass | E50: 0.050123252 | F50: 0.050123252 | G50: kg | I50: 0 | J50: (No statement) | M50: NMVOC (unspecified) [Group NMVOC to air] | N50: Mass | O50: 0.050123252 | P50: 0.050123252 | Q50: kg | S50: 0 | T50: (No statement)
C51: Sulphur dioxide [Inorganic emissions to air] | D51: Mass | E51: 0.035121326 | F51: 0.035121326 | G51: kg | I51: 0 | J51: (No statement) | M51: Sulphur dioxide [Inorganic emissions to air] | N51: Mass | O51: 0.035121326 | P51: 0.035121326 | Q51: kg | S51: 0 | T51: (No statement)
C52: Water vapour [Inorganic emissions to air] | D52: Mass | E52: 43.355341 | F52: 43.355341 | G52: kg | I52: 0 | J52: (No statement) | M52: Water vapour [Inorganic emissions to air] | N52: Mass | O52: 43.355341 | P52: 43.355341 | Q52: kg | S52: 0 | T52: (No statement)
E55: Input | F55: =SUM(F22:F24)+F9+F7 -> 1052.3641 | G55: kg Al | H55: sweet/kg-in | I55: =F7/F55 -> 0.052729376 | J55: /kg-inflow | N55: Input | O55: =SUM(O22:O24)+O9+O7 -> 1052.3641 | P55: kg Al | Q55: Sweet/kg-in | R55: =O7/O55 -> 0.052729376 | S55: /kg-inflow
E56: Output | F56: =F28 -> 1000 | G56: kg Al | H56: sweet/kg-out | I56: =F7/F56 -> 0.0554905 | J56: /kg-ingot | N56: Output | O56: =O28 -> 1000 | P56: kg Al | Q56: Sweet/kg-out | R56: =O7/O56 -> 0.0554905 | S56: /kg-ingot
E57: Efficiency | F57: =F56/F55 -> 0.9502415 | N57: Efficiency | O57: =O56/O55 -> 0.9502415
E59: NG | F59: =SUM(F19:F21)+F10 -> 5799.6997 | G59: MJ | H59: =F59/F61 -> 0.92253041 | N59: NG | O59: =SUM(O19:O21)+O10 -> 5799.6997 | P59: MJ | Q59: =O59/O61 -> 0.92253041
E60: Electricity | F60: =F10 -> 487.03044 | G60: MJ | H60: =F60/F61 -> 0.077469595 | N60: Electricity | O60: =O10 -> 487.03044 | P60: MJ | Q60: =O60/O61 -> 0.077469595
E61: Energy | F61: =SUM(F59:F60) -> 6286.7301 | G61: MJ | N61: Energy | O61: =SUM(O59:O60) -> 6286.7301 | P61: MJ
E63: MJ/kg-in | F63: =F61/F55 -> 5.9739119
E64: MJ/kg-out | F64: =F61/F56 -> 6.2867301 | G64: per secondary ingot produced | N64: MJ/kg-in | O64: =O61/O55 -> 5.9739119
N65: MJ/kg-out | O65: =O61/O56 -> 6.2867301

Sheet Casting
A1: Process | B1: Cast house | D1: #C1 | E1: #C2 | M1: Cast aluminum production (shape casting) | P1: #SC1#SC2#SC3
A2: Report unit | B2: 1000 kg primary aluminum ingot | M2: 1000 kg cast aluminum
A3: Scaling factor | B3: 1 | M3: 1
B4: Inputs | M4: Inputs
B5: Parameter | C5: Flows | D5: Quantities | E5: Amount | F5: Factor | G5: Units | H5: Tracked flows | I5: Standard deviation | J5: Origin | K5: Comment | M5: Parameter | N5: Flows | O5: Quantities | P5: Amount | Q5: Factor | R5: Units | S5: Tracked flows | T5: Standard deviation | U5: Origin
C6: Aluminium (liquid metal) [Metals] | D6: Mass | E6: 1000 | F6: 1000 | G6: kg | H6: X | I6: 0 | J6: Calculated | K6: x | N6: Aluminium ingot [Metals] | O6: Mass | P6: 1.045 | Q6: 1.045 | R6: kg | S6: X | T6: 0 | U6: Literature
C7: Electricity [Electric power] | D7: Energy (net calorific value) | E7: 190.8 | F7: 190.8 | G7: MJ | H7: X | I7: 0 | J7: Calculated | K7: x | N7: Electricity [Electric power] | O7: Energy (net calorific value) | P7: 3.492 | Q7: 3.492 | R7: MJ | S7: X | T7: 0 | U7: Literature
C8: Nitrogen gaseous [Inorganic intermediate products] | D8: Mass | E8: 0.22 | F8: 0.22 | G8: kg | H8: X | I8: 0 | J8: (No statement) | K8: 2010 value | N8: Thermal energy (MJ) [Thermal energy] | O8: Energy (net calorific value) | P8: 1.9 | Q8: 1.9 | R8: MJ | S8: X | T8: 0 | U8: Literature
C9: Thermal energy from light fuel oil (MJ) [Thermal energy] | D9: Energy (net calorific value) | E9: 128.88 | F9: 128.88 | G9: MJ | H9: X | I9: 0 | J9: Calculated | K9: x(diesel) | M9: Outputs
C10: Thermal energy from natural gas (MJ) [Thermal energy] | D10: Energy (net calorific value) | E10: 863.15165 | F10: 863.15165 | G10: MJ | H10: X | I10: 0 | J10: Calculated | K10: x | M10: Parameter | N10: Flows | O10: Quantities | P10: Amount | Q10: Factor | R10: Units | S10: Tracked flows | T10: Standard deviation | U10: Origin
C11: Fresh water [Water] | D11: Mass | E11: 1900 | F11: 1900 | G11: kg | I11: 0 | J11: Calculated | K11: input less than output | N11: Aluminium part [Metal parts] | O11: Mass | P11: 1 | Q11: 1 | R11: kg | S11: X | T11: 0 | U11: Literature
B12: Outputs | N12: Aluminium scrap [Waste for recovery] | O12: Mass | P12: 0.045 | Q12: 0.045 | R12: kg | S12: * | T12: 0 | U12: Literature
B13: Parameter | C13: Flows | D13: Quantities | E13: Amount | F13: Factor | G13: Units | H13: Tracked flows | I13: Standard deviation | J13: Origin | K13: Comment | N13: Dust (PM2.5 - PM10) [Particles to air] | O13: Mass | P13: 0.0003 | Q13: 0.0003 | R13: kg | T13: 0 | U13: Literature | V13: Table 12-7: Breakdown of LCIA Results for Die Cast Aluminum, Representing 1,000 kg of Aluminum Cast Products
C14: Aluminium DC cast ingot [Metals] | D14: Mass | E14: 1000 | F14: 1000 | G14: kg | H14: X | I14: 0 | J14: Estimated | K14: x
C15: Dross [Waste for recovery] | D15: Mass | E15: 14.56 | F15: 14.56 | G15: kg | H15: * | I15: 0 | J15: Estimated | K15: x
C16: Dross (Fines) [Hazardous waste for disposal] | D16: Mass | E16: 3.87 | F16: 3.87 | G16: kg | H16: * | I16: 0 | J16: Estimated | K16: Dross - landfillx | P16: input | Q16: =Q6 -> 1.045 | R16: kg Al | S16: Primary/kg-in | T16: =0.157/Q16 -> 0.15023923 | U16: /kg ingot
C17: Filter dust [Hazardous waste] | D17: Mass | E17: 0.29 | F17: 0.29 | G17: kg | H17: * | I17: 0 | J17: (No statement) | K17: Filter dust - landfillx | P17: output | Q17: =Q11 -> 1 | R17: kg Al | S17: Primary/kg-out | T17: =0.157/Q17 -> 0.157 | U17: /kg semi
C18: Hazardous waste (unspec.) [Hazardous waste] | D18: Mass | E18: 1.59 | F18: 1.59 | G18: kg | H18: * | I18: 0 | J18: (No statement) | K18: x | P18: Net efficiency | Q18: =Q17/Q16 -> 0.9569378
C19: Industrial waste for municipal disposal [Consumer waste] | D19: Mass | E19: 0.08 | F19: 0.08 | G19: kg | H19: * | I19: 0 | J19: (No statement) | K19: other waste x
C20: Refractory [Hazardous waste] | D20: Mass | E20: 0.29279 | F20: 0.29279 | G20: kg | H20: * | I20: 0 | J20: Estimated | K20: x Refractory waste - landfill | P20: NG | Q20: =Q7 -> 3.492 | R20: MJ | S20: =Q20/Q22 -> 0.64762611
C21: Refractory bricks [Waste for recovery] | D21: Mass | E21: 0.587 | F21: 0.587 | G21: kg | H21: * | I21: 0 | J21: (No statement) | K21: x waste for recovery | P21: Electricity | Q21: =Q8 -> 1.9 | R21: MJ | S21: =Q21/Q22 -> 0.35237389
A22: Valuable inputs and outputs | C22: Dust (PM2.5 - PM10) [Particles to air] | D22: Mass | E22: 0.064 | F22: 0.064 | G22: kg | I22: 0 | J22: Measured | K22: x reported 0.06 particulates (assumed2.5-10) | P22: Energy | Q22: =SUM(Q20:Q21) -> 5.392 | R22: MJ
A23: Energy consumption | C23: Hydrogen chloride [Inorganic emissions to air] | D23: Mass | E23: 0.0472 | F23: 0.0472 | G23: kg | I23: 0 | J23: (No statement) | K23: x
A24: Dross, scrap, etc. | C24: Nitrogen oxides [Inorganic emissions to air] | D24: Mass | E24: 0.0876 | F24: 0.0876 | G24: kg | I24: 0 | J24: Measured | K24: x | P24: MJ/kg-in | Q24: =Q22/Q16 -> 5.1598086
C25: Polychlorinated dibenzo-p-dioxins (2,3,7,8 - TCDD) [Halogenated organic emissions to air] | D25: Mass | E25: 1.317e-09 | F25: 1.317e-09 | G25: kg | I25: 0 | J25: (No statement) | K25: x | P25: Mj/kg-out | Q25: =Q22/Q17 -> 5.392
C26: Processed water to lake, regionalized, US [Other emissions to fresh water] | D26: Mass | E26: 1444 | F26: 1444 | G26: kg | I26: 0 | J26: (No statement) | K26: x
C27: Sulphur dioxide [Inorganic emissions to air] | D27: Mass | E27: 0.0114 | F27: 0.0114 | G27: kg | I27: 0 | J27: Measured | K27: x | N27: Internal recovery rate | O27: 0.8
C28: Water vapour [Inorganic emissions to air] | D28: Mass | E28: 459 | F28: 459 | G28: kg | I28: 0 | J28: (No statement) | N28: Nominal efficiency eta` | O28: =(Q18-Q18*O27)/(1-Q18*O27) -> 0.81632653
E31: Input | F31: =F6 -> 1000 | G31: kg Al | H31: Dross recovery % | I31: =E15/(E15+E16) -> 0.79001628
E32: Output | F32: =F14 -> 1000 | G32: kg Al
E33: Efficiency | F33: =F32/F31 -> 1
E34: Source (p) | F34: MJ-Del/1000 kg Metal | G34: MJ-del/kg-in | H34: w_i^p
E35: NG | F35: =SUM(F9:F10) -> 992.03165 | G35: =F35/F6 -> 0.99203165 | H35: =F35/F37 -> 0.83869218 | I35: =H35 -> 0.83869218
E36: Electricity | F36: =F7 -> 190.8 | G36: =F36/F6 -> 0.1908 | H36: =F36/F37 -> 0.16130782 | I36: =H36 -> 0.16130782
E37: Energy | F37: =SUM(F35:F36) -> 1182.8316 | G37: =F37/F6 -> 1.1828316 | H37: =SUM(H35:H36) -> 1
E39: MJ/kg-in | F39: =F37/F31 -> 1.1828316
E40: MJ/kg-out | F40: =F37/F32 -> 1.1828316

Sheet Rolling (F1)
A1: Process | B1: Aluminum sheet production (remelting & casting, hot rolling & cold rolling) | N1: Aluminum automotive sheet production (remelting & casting, hot rolling & cold rolling) | Z1: Aluminum foil production (remelting & casting, hot rolling & cold rolling | AM1: Aluminum Can sheet rolling (Sphera 2021)
A2: Report unit | B2: 1000 kg aluminum sheet | N2: 1000 kg aluminum sheet | Z2: 1000 kg aluminum foil | AM2: input
A3: Scaling factor | B3: 1 | N3: 1 | Z3: 1 | AM3: Aluminum ingot for rolling | AN3: 1310 | AO3: kg
B4: Inputs | N4: Inputs | Z4: Parameter | AA4: Flows | AB4: Quantities | AC4: Amount | AD4: Factor | AE4: Units | AF4: Tracked flows | AG4: Standard deviation | AH4: Origin | AM4: Thermal energy from electricity | AN4: =1440 -> 1440 | AO4: MJ
B5: Parameter | C5: Flows | D5: Quantities | E5: Amount | F5: Factor | G5: Units | H5: Tracked flows | I5: Standard deviation | J5: Origin | N5: Parameter | O5: Flows | P5: Quantities | Q5: Amount | R5: Factor | S5: Units | T5: Tracked flows | U5: Standard deviation | V5: Origin | AA5: Alloying elements [Metals] | AB5: Mass | AC5: 10.300091 | AD5: 10.300091 | AE5: kg | AF5: X | AG5: 0 | AH5: (No statement) | AM5: Thermal energy from LPG | AN5: =0.155 -> 0.155 | AO5: MJ
C6: Alloying elements [Metals] | D6: Mass | E6: 9.5659601 | F6: 9.5659601 | G6: kg | H6: X | I6: 0 | J6: (No statement) | O6: Alloying elements [Metals] | P6: Mass | Q6: 6.8108895 | R6: 6.8108895 | S6: kg | T6: X | U6: 0 | V6: (No statement) | AA6: Argon [Inorganic intermediate products] | AB6: Mass | AC6: 1.5097313 | AD6: 1.5097313 | AE6: kg | AF6: X | AG6: 0 | AH6: (No statement) | AM6: Thermal energy from natural gas | AN6: 2910 | AO6: MJ
C7: Argon [Inorganic intermediate products] | D7: Mass | E7: 1.4021263 | F7: 1.4021263 | G7: kg | H7: X | I7: 0 | J7: (No statement) | O7: Argon [Inorganic intermediate products] | P7: Mass | Q7: 1.0659943 | R7: 1.0659943 | S7: kg | T7: X | U7: 0 | V7: (No statement) | AA7: Cardboard (packaging) [Materials from renewable raw materials] | AB7: Mass | AC7: 2.9867942 | AD7: 2.9867942 | AE7: kg | AF7: X | AG7: 0 | AH7: (No statement)
C8: Cardboard (packaging) [Materials from renewable raw materials] | D8: Mass | E8: 0.65319881 | F8: 0.65319881 | G8: kg | H8: X | I8: 0 | J8: (No statement) | O8: Cardboard (packaging) [Materials from renewable raw materials] | P8: Mass | Q8: 0.65659715 | R8: 0.65659715 | S8: kg | T8: X | U8: 0 | V8: (No statement) | AA8: Chlorine [Inorganic intermediate products] | AB8: Mass | AC8: 0.089505891 | AD8: 0.089505891 | AE8: kg | AF8: X | AG8: 0 | AH8: (No statement) | AM8: output
C9: Chlorine [Inorganic intermediate products] | D9: Mass | E9: 0.083126425 | F9: 0.083126425 | G9: kg | H9: X | I9: 0 | J9: (No statement) | O9: Chlorine [Inorganic intermediate products] | P9: Mass | Q9: 0.063198512 | R9: 0.063198512 | S9: kg | T9: X | U9: 0 | V9: (No statement) | AA9: Electricity [Electric power] | AB9: Energy (net calorific value) | AC9: 4813.6113 | AD9: 4813.6113 | AE9: MJ | AF9: X | AG9: 0 | AH9: (No statement) | AM9: Aluminum sheet for can production | AN9: =1000 -> 1000 | AO9: kg
C10: Electricity [Electric power] | D10: Energy (net calorific value) | E10: 3148.2446 | F10: 3148.2446 | G10: MJ | H10: X | I10: 0 | J10: (No statement) | O10: Electricity [Electric power] | P10: Energy (net calorific value) | Q10: 2970.8328 | R10: 2970.8328 | S10: MJ | T10: X | U10: 0 | V10: (No statement) | AA10: Filter media [Operating materials] | AB10: Mass | AC10: 0.44763711 | AD10: 0.44763711 | AE10: kg | AF10: X | AG10: 0 | AH10: (No statement) | AM10: Aluminum scrap for recovery | AN10: =308 -> 308 | AO10: kg
C11: Filter media [Operating materials] | D11: Mass | E11: 0.20670357 | F11: 0.20670357 | G11: kg | H11: X | I11: 0 | J11: (No statement) | O11: Filter media [Operating materials] | P11: Mass | Q11: 0.17471523 | R11: 0.17471523 | S11: kg | T11: X | U11: 0 | V11: (No statement) | AA11: Hydraulic oil [Operating materials] | AB11: Mass | AC11: 0.39837813 | AD11: 0.39837813 | AE11: kg | AF11: X | AG11: 0 | AH11: (No statement)
C12: Hydraulic oil [Operating materials] | D12: Mass | E12: 0.79886731 | F12: 0.79886731 | G12: kg | H12: X | I12: 0 | J12: (No statement) | O12: Hydraulic oil [Operating materials] | P12: Mass | Q12: 0.78701756 | R12: 0.78701756 | S12: kg | T12: X | U12: 0 | V12: (No statement) | AA12: Lime quicklime (lumpy) [Minerals] | AB12: Mass | AC12: 0.35178235 | AD12: 0.35178235 | AE12: kg | AF12: X | AG12: 0 | AH12: (No statement)
C13: Lime quicklime (lumpy) [Minerals] | D13: Mass | E13: 0.32670933 | F13: 0.32670933 | G13: kg | H13: X | I13: 0 | J13: (No statement) | O13: Lime quicklime (lumpy) [Minerals] | P13: Mass | Q13: 0.24838724 | R13: 0.24838724 | S13: kg | T13: X | U13: 0 | V13: (No statement) | AA13: Lubricant [Organic intermediate products] | AB13: Mass | AC13: 8.6940709 | AD13: 8.6940709 | AE13: kg | AF13: X | AG13: 0 | AH13: (No statement) | AM13: input | AN13: =AN3 -> 1310 | AO13: =20.9 -> 20.9 | AP13: kg
C14: Lubricant [Organic intermediate products] | D14: Mass | E14: 4.8061895 | F14: 4.8061895 | G14: kg | H14: X | I14: 0 | J14: (No statement) | O14: Lubricant [Organic intermediate products] | P14: Mass | Q14: 4.844189 | R14: 4.844189 | S14: kg | T14: X | U14: 0 | V14: (No statement) | AA14: Nitrogen gaseous [Inorganic intermediate products] | AB14: Mass | AC14: 231.96783 | AD14: 231.96783 | AE14: kg | AF14: X | AG14: 0 | AH14: (No statement) | AL14: Can sheet | AM14: output | AN14: =AN9 -> 1000 | AO14: =16 -> 16 | AP14: kg
C15: Nitrogen gaseous [Inorganic intermediate products] | D15: Mass | E15: 44.618358 | F15: 44.618358 | G15: kg | H15: X | I15: 0 | J15: (No statement) | O15: Nitrogen gaseous [Inorganic intermediate products] | P15: Mass | Q15: 38.222401 | R15: 38.222401 | S15: kg | T15: X | U15: 0 | V15: (No statement) | AA15: Packaging paper (not creditable) [Packaging] | AB15: Mass | AC15: 0.027833966 | AD15: 0.027833966 | AE15: kg | AF15: X | AG15: 0 | AH15: (No statement) | AM15: efficiency | AN15: =AN14/AN13 -> 0.76335878 | AO15: =AO14/AO13 -> 0.76555024
C16: Packaging paper (not creditable) [Packaging] | D16: Mass | E16: 0.14275217 | F16: 0.14275217 | G16: kg | H16: X | I16: 0 | J16: (No statement) | O16: Packaging paper (not creditable) [Packaging] | P16: Mass | Q16: 0.14291023 | R16: 0.14291023 | S16: kg | T16: X | U16: 0 | V16: (No statement) | AA16: Paint [Inorganic intermediate products] | AB16: Mass | AC16: 3.459991 | AD16: 3.459991 | AE16: kg | AF16: X | AG16: 0 | AH16: (No statement)
C17: Paint [Inorganic intermediate products] | D17: Mass | E17: 1.864156 | F17: 1.864156 | G17: kg | H17: X | I17: 0 | J17: (No statement) | O17: Paint [Inorganic intermediate products] | P17: Mass | Q17: 1.864156 | R17: 1.864156 | S17: kg | T17: X | U17: 0 | V17: (No statement) | AA17: Plastic packaging [Plastics] | AB17: Mass | AC17: 0.06861199 | AD17: 0.06861199 | AE17: kg | AF17: X | AG17: 0 | AH17: (No statement) | AM17: NG | AN17: =SUM(AN5:AN6) -> 2910.155 | AO17: MJ | AP17: =AN17/AN19 -> 0.66897731
C18: Plastic packaging [Plastics] | D18: Mass | E18: 0.2128239 | F18: 0.2128239 | G18: kg | H18: X | I18: 0 | J18: (No statement) | O18: Plastic packaging [Plastics] | P18: Mass | Q18: 0.21361422 | R18: 0.21361422 | S18: kg | T18: X | U18: 0 | V18: (No statement) | AA18: Potassium chloride [Inorganic intermediate products] | AB18: Mass | AC18: 0.75964839 | AD18: 0.75964839 | AE18: kg | AF18: X | AG18: 0 | AH18: (No statement) | AM18: Electricity | AN18: =AN4 -> 1440 | AO18: MJ | AP18: =AN18/AN19 -> 0.33102269
C19: Potassium chloride [Inorganic intermediate products] | D19: Mass | E19: 0.70550503 | F19: 0.70550503 | G19: kg | H19: X | I19: 0 | J19: (No statement) | O19: Potassium chloride [Inorganic intermediate products] | P19: Mass | Q19: 0.53637417 | R19: 0.53637417 | S19: kg | T19: X | U19: 0 | V19: (No statement) | AA19: Pre-treated comingled aluminum scrap [Metals] | AB19: Mass | AC19: 227.14866 | AD19: 227.14866 | AE19: kg | AF19: X | AG19: 0 | AH19: (No statement) | AM19: Energy | AN19: =SUM(AN17:AN18) -> 4350.155 | AO19: MJ
C20: Pre-treated comingled aluminum scrap [Metals] | D20: Mass | E20: 210.95881 | F20: 210.95881 | G20: kg | H20: X | I20: 0 | J20: (No statement) | O20: Pre-treated pre-consumer aluminum scrap [Metals] | P20: Mass | Q20: 254.97074 | R20: 254.97074 | S20: kg | T20: X | U20: 0 | V20: (No statement) | AA20: Pre-treated post-consumer aluminum scrap [Metals] | AB20: Mass | AC20: 206.64218 | AD20: 206.64218 | AE20: kg | AF20: X | AG20: 0 | AH20: (No statement)
C21: Pre-treated post-consumer aluminum scrap [Metals] | D21: Mass | E21: 191.91391 | F21: 191.91391 | G21: kg | H21: X | I21: 0 | J21: (No statement) | O21: Primary aluminum ingot [Valuable substances] | P21: Mass | Q21: 771.97271 | R21: 771.97271 | S21: kg | T21: X | U21: 0 | V21: (No statement) | AA21: Pre-treated pre-consumer aluminum scrap [Metals] | AB21: Mass | AC21: 600.99749 | AD21: 600.99749 | AE21: kg | AF21: X | AG21: 0 | AH21: (No statement) | AM21: MJ/kg-in | AN21: =AN19/AN13 -> 3.320729 | AO21: MJ/kg-ingot
A22: Valuable inputs and outputs | C22: Pre-treated pre-consumer aluminum scrap [Metals] | D22: Mass | E22: 558.16184 | F22: 558.16184 | G22: kg | H22: X | I22: 0 | J22: (No statement) | O22: Process and cooling water [Operating materials] | P22: Mass | Q22: 693.61665 | R22: 693.61665 | S22: kg | T22: X | U22: 0 | V22: (No statement) | AA22: Primary aluminum ingot [Valuable substances] | AB22: Mass | AC22: 278.57561 | AD22: 278.57561 | AE22: kg | AF22: X | AG22: 0 | AH22: (No statement) | AM22: MJ/kg-out | AN22: =AN19/AN14 -> 4.350155 | AO22: MJ/kg can sheet
A23: Energy consumption | C23: Primary aluminum ingot [Valuable substances] | D23: Mass | E23: 258.72035 | F23: 258.72035 | G23: kg | H23: X | I23: 0 | J23: (No statement) | O23: Refractory [Minerals] | P23: Mass | Q23: 0.52004842 | R23: 0.52004842 | S23: kg | T23: X | U23: 0 | V23: (No statement) | AA23: Process and cooling water [Operating materials] | AB23: Mass | AC23: 743.98752 | AD23: 743.98752 | AE23: kg | AF23: X | AG23: 0 | AH23: (No statement)
A24: Dross, scrap, etc. | C24: Process and cooling water [Operating materials] | D24: Mass | E24: 794.15068 | F24: 794.15068 | G24: kg | H24: X | I24: 0 | J24: (No statement) | O24: Rolling oil additive [Operating materials] | P24: Mass | Q24: 0.43882544 | R24: 0.43882544 | S24: kg | T24: X | U24: 0 | V24: (No statement) | AA24: Refractory [Minerals] | AB24: Mass | AC24: 0.73652679 | AD24: 0.73652679 | AE24: kg | AF24: X | AG24: 0 | AH24: (No statement) | AM24: Sweet/kg-in | AN24: =4.51/20.9 -> 0.21578947 | AO24: kg sweet/kg-ingot
C25: Refractory [Minerals] | D25: Mass | E25: 0.68403139 | F25: 0.68403139 | G25: kg | H25: X | I25: 0 | J25: (No statement) | O25: Sodium chloride (rock salt) [Inorganic intermediate products] | P25: Mass | Q25: 1.4835104 | R25: 1.4835104 | S25: kg | T25: X | U25: 0 | V25: (No statement) | AA25: Rolling oil additive [Operating materials] | AB25: Mass | AC25: 0.094349619 | AD25: 0.094349619 | AE25: kg | AF25: X | AG25: 0 | AH25: (No statement) | AM25: Sweet/kg-out | AN25: =4.51/16 -> 0.281875 | AO25: kg sweet/kg-sheet
C26: Rolling oil additive [Operating materials] | D26: Mass | E26: 0.43839037 | F26: 0.43839037 | G26: kg | H26: X | I26: 0 | J26: (No statement) | O26: Sodium hydroxide (100%; caustic soda) [Inorganic intermediate products] | P26: Mass | Q26: 0.037959608 | R26: 0.037959608 | S26: kg | T26: X | U26: 0 | V26: (No statement) | AA26: Secondary aluminum ingot [Valuable substances] | AB26: Mass | AC26: 57.891359 | AD26: 57.891359 | AE26: kg | AF26: X | AG26: 0 | AH26: (No statement)
C27: Secondary aluminum ingot [Valuable substances] | D27: Mass | E27: 53.765196 | F27: 53.765196 | G27: kg | H27: X | I27: 0 | J27: (No statement) | O27: Solvent [Operating materials] | P27: Mass | Q27: 0.030257618 | R27: 0.030257618 | S27: kg | T27: X | U27: 0 | V27: (No statement) | AA27: Sodium chloride (rock salt) [Inorganic intermediate products] | AB27: Mass | AC27: 2.1010451 | AD27: 2.1010451 | AE27: kg | AF27: X | AG27: 0 | AH27: (No statement) | AM27: kg CO2e/kg-can | AN27: =7.19/12.99 -> 0.55350269
C28: Sodium chloride (rock salt) [Inorganic intermediate products] | D28: Mass | E28: 1.9512946 | F28: 1.9512946 | G28: kg | H28: X | I28: 0 | J28: (No statement) | O28: Steel band (packaging) [Metals] | P28: Mass | Q28: 0.29821317 | R28: 0.29821317 | S28: kg | T28: X | U28: 0 | V28: (No statement) | AA28: Sodium hydroxide (100%; caustic soda) [Inorganic intermediate products] | AB28: Mass | AC28: 0.053760894 | AD28: 0.053760894 | AE28: kg | AF28: X | AG28: 0 | AH28: (No statement) | AM28: kg CO2e/kg-sheet | AN28: =AN27*AN44 -> 0.4670179
C29: Sodium hydroxide (100%; caustic soda) [Inorganic intermediate products] | D29: Mass | E29: 0.049929127 | F29: 0.049929127 | G29: kg | H29: X | I29: 0 | J29: (No statement) | O29: Sulphuric acid (100%) [Inorganic intermediate products] | P29: Mass | Q29: 0.58524847 | R29: 0.58524847 | S29: kg | T29: X | U29: 0 | V29: (No statement) | AA29: Solvent [Operating materials] | AB29: Mass | AC29: 0.042852829 | AD29: 0.042852829 | AE29: kg | AF29: X | AG29: 0 | AH29: (No statement) | AM29: kg CO2e/kg-ingot | AN29: =AN28*AN15 -> 0.35650221
C30: Solvent [Operating materials] | D30: Mass | E30: 0.039798526 | F30: 0.039798526 | G30: kg | H30: X | I30: 0 | J30: (No statement) | O30: Thermal energy from diesel fuel (MJ) [Thermal energy] | P30: Energy (net calorific value) | Q30: 9.0670097 | R30: 9.0670097 | S30: MJ | T30: X | U30: 0 | V30: (No statement) | AA30: Steel band (packaging) [Metals] | AB30: Mass | AC30: 0.61912354 | AD30: 0.61912354 | AE30: kg | AF30: X | AG30: 0 | AH30: (No statement)
C31: Steel band (packaging) [Metals] | D31: Mass | E31: 0.30078027 | F31: 0.30078027 | G31: kg | H31: X | I31: 0 | J31: (No statement) | O31: Thermal energy from heavy fuel oil (MJ) [Thermal energy] | P31: Energy (net calorific value) | Q31: 0.109785 | R31: 0.109785 | S31: MJ | T31: X | U31: 0 | V31: (No statement) | AA31: Sulphuric acid (100%) [Inorganic intermediate products] | AB31: Mass | AC31: 0.82886739 | AD31: 0.82886739 | AE31: kg | AF31: X | AG31: 0 | AH31: (No statement) | AM31: Aluminum Can Mfg. (Sphera 2021)
C32: Sulphuric acid (100%) [Inorganic intermediate products] | D32: Mass | E32: 0.76979049 | F32: 0.76979049 | G32: kg | H32: X | I32: 0 | J32: (No statement) | O32: Thermal energy from LPG (MJ) [Thermal energy] | P32: Energy (net calorific value) | Q32: 3.6477097 | R32: 3.6477097 | S32: MJ | T32: X | U32: 0 | V32: (No statement) | AA32: Thermal energy from diesel fuel (MJ) [Thermal energy] | AB32: Energy (net calorific value) | AC32: 4.7320568 | AD32: 4.7320568 | AE32: MJ | AF32: X | AG32: 0 | AH32: (No statement) | AM32: input
C33: Thermal energy from diesel fuel (MJ) [Thermal energy] | D33: Energy (net calorific value) | E33: 9.5117205 | F33: 9.5117205 | G33: MJ | H33: X | I33: 0 | J33: (No statement) | O33: Thermal energy from natural gas (MJ) [Thermal energy] | P33: Energy (net calorific value) | Q33: 8146.4733 | R33: 8146.4733 | S33: MJ | T33: X | U33: 0 | V33: (No statement) | AA33: Thermal energy from LPG (MJ) [Thermal energy] | AB33: Energy (net calorific value) | AC33: 5.1661265 | AD33: 5.1661265 | AE33: MJ | AF33: X | AG33: 0 | AH33: (No statement) | AM33: Aluminum sheet | AN33: 16 | AO33: kg
C34: Thermal energy from heavy fuel oil (MJ) [Thermal energy] | D34: Energy (net calorific value) | E34: 0.109785 | F34: 0.109785 | G34: MJ | H34: X | I34: 0 | J34: (No statement) | O34: Thermal energy from propane (MJ) [Thermal energy] | P34: Energy (net calorific value) | Q34: 9.1958776 | R34: 9.1958776 | S34: MJ | T34: X | U34: 0 | V34: (No statement) | AA34: Thermal energy from natural gas (MJ) [Thermal energy] | AB34: Energy (net calorific value) | AC34: 12026.827 | AD34: 12026.827 | AE34: MJ | AF34: X | AG34: 0 | AH34: (No statement) | AM34: Electricity | AN34: 109 | AO34: MJ
C35: Thermal energy from LPG (MJ) [Thermal energy] | D35: Energy (net calorific value) | E35: 4.7979147 | F35: 4.7979147 | G35: MJ | H35: X | I35: 0 | J35: (No statement) | O35: Thermal energy from waste (MJ) [Thermal energy] | P35: Energy (net calorific value) | Q35: 6.2770412 | R35: 6.2770412 | S35: MJ | T35: X | U35: 0 | V35: (No statement) | AA35: Thermal energy from propane (MJ) [Thermal energy] | AB35: Energy (net calorific value) | AC35: 22.37329 | AD35: 22.37329 | AE35: MJ | AF35: X | AG35: 0 | AH35: (No statement) | AM35: Thermal energy from natural gas | AN35: 67.5 | AO35: MJ
C36: Thermal energy from natural gas (MJ) [Thermal energy] | D36: Energy (net calorific value) | E36: 9632.7005 | F36: 9632.7005 | G36: MJ | H36: X | I36: 0 | J36: (No statement) | O36: Wood packaging [Materials from renewable raw materials] | P36: Mass | Q36: 4.1194338 | R36: 4.1194338 | S36: kg | T36: X | U36: 0 | V36: (No statement) | AA36: Thermal energy from waste (MJ) [Thermal energy] | AB36: Energy (net calorific value) | AC36: 8.8899588 | AD36: 8.8899588 | AE36: MJ | AF36: X | AG36: 0 | AH36: (No statement)
C37: Thermal energy from propane (MJ) [Thermal energy] | D37: Energy (net calorific value) | E37: 9.3401238 | F37: 9.3401238 | G37: MJ | H37: X | I37: 0 | J37: (No statement) | O37: Internal aluminum scrap [Metals] | P37: Mass | Q37: 521.27438 | R37: 521.27438 | S37: kg | T37: * | U37: 0 | V37: (No statement) | AA37: Wood packaging [Materials from renewable raw materials] | AB37: Mass | AC37: 12.03839 | AD37: 12.03839 | AE37: kg | AF37: X | AG37: 0 | AH37: (No statement) | AM37: output
C38: Thermal energy from waste (MJ) [Thermal energy] | D38: Energy (net calorific value) | E38: 8.2563337 | F38: 8.2563337 | G38: MJ | H38: X | I38: 0 | J38: (No statement) | N38: Outputs | AA38: Internal aluminum scrap [Metals] | AB38: Mass | AC38: 199.00386 | AD38: 199.00386 | AE38: kg | AG38: 0 | AH38: (No statement) | AM38: 2-piece aluminum can | AN38: 13.5 | AO38: kg
C39: Wood packaging [Materials from renewable raw materials] | D39: Mass | E39: 4.0612273 | F39: 4.0612273 | G39: kg | H39: X | I39: 0 | J39: (No statement) | N39: Parameter | O39: Flows | P39: Quantities | Q39: Amount | R39: Factor | S39: Units | T39: Tracked flows | U39: Standard deviation | V39: Origin | Z39: Outputs | AM39: Aluminum post-industrial scrap for recovery | AN39: 2.5 | AO39: kg
C40: Internal aluminum scrap [Metals] | D40: Mass | E40: 184.82001 | F40: 184.82001 | G40: kg | I40: 0 | J40: (No statement) | O40: Aluminum cold rolled sheet [Metals] | P40: Mass | Q40: 1000 | R40: 1000 | S40: kg | T40: X | U40: 0 | V40: (No statement) | Z40: Parameter | AA40: Flows | AB40: Quantities | AC40: Amount | AD40: Factor | AE40: Units | AF40: Tracked flows | AG40: Standard deviation | AH40: Origin
B41: Outputs | O41: Aluminum rolling mill scrap [Waste for recovery] | P41: Mass | Q41: 495.4022 | R41: 495.4022 | S41: kg | T41: * | U41: 0 | V41: (No statement) | AA41: Aluminum cold rolled foil [Metals] | AB41: Mass | AC41: 1000 | AD41: 1000 | AE41: kg | AF41: X | AG41: 0 | AH41: (No statement)
B42: Parameter | C42: Flows | D42: Quantities | E42: Amount | F42: Factor | G42: Units | H42: Tracked flows | I42: Standard deviation | J42: Origin | O42: Aluminum scrap sold offsite [Waste for recovery] | P42: Mass | Q42: 15.275297 | R42: 15.275297 | S42: kg | T42: * | U42: 0 | V42: (No statement) | AA42: Aluminum rolling mill scrap [Waste for recovery] | AB42: Mass | AC42: 230.70713 | AD42: 230.70713 | AE42: kg | AF42: * | AG42: 0 | AH42: (No statement) | AM42: input | AN42: =AN33 -> 16 | AO42: kg
C43: Aluminum cold rolled sheet [Metals] | D43: Mass | E43: 1000 | F43: 1000 | G43: kg | H43: X | I43: 0 | J43: (No statement) | O43: Dross [Waste for recovery] | P43: Mass | Q43: 44.833887 | R43: 44.833887 | S43: kg | T43: * | U43: 0 | V43: (No statement) | AA43: Aluminum scrap sold offsite [Waste for recovery] | AB43: Mass | AC43: 288.71921 | AD43: 288.71921 | AE43: kg | AF43: * | AG43: 0 | AH43: (No statement) | AL43: Can product | AM43: output | AN43: =AN38 -> 13.5 | AO43: kg
C44: Aluminum rolling mill scrap [Waste for recovery] | D44: Mass | E44: 234.97218 | F44: 234.97218 | G44: kg | H44: * | I44: 0 | J44: (No statement) | O44: Filter dust [Hazardous waste] | P44: Mass | Q44: 2.6594132 | R44: 2.6594132 | S44: kg | T44: * | U44: 0 | V44: (No statement) | AA44: Dross [Waste for recovery] | AB44: Mass | AC44: 63.519577 | AD44: 63.519577 | AE44: kg | AF44: * | AG44: 0 | AH44: (No statement) | AM44: efficiency | AN44: =AN43/AN42 -> 0.84375
C45: Aluminum scrap sold offsite [Waste for recovery] | D45: Mass | E45: 175.8178 | F45: 175.8178 | G45: kg | H45: * | I45: 0 | J45: (No statement) | O45: Filter dust [Waste for recovery] | P45: Mass | Q45: 0.0574704 | R45: 0.0574704 | S45: kg | T45: * | U45: 0 | V45: (No statement) | AA45: Filter dust [Hazardous waste] | AB45: Mass | AC45: 3.7664359 | AD45: 3.7664359 | AE45: kg | AF45: * | AG45: 0 | AH45: (No statement)
C46: Dross [Waste for recovery] | D46: Mass | E46: 58.992267 | F46: 58.992267 | G46: kg | H46: * | I46: 0 | J46: (No statement) | O46: Filter media [Waste for disposal] | P46: Mass | Q46: 2.7303797 | R46: 2.7303797 | S46: kg | T46: * | U46: 0 | V46: (No statement) | AA46: Filter media [Waste for disposal] | AB46: Mass | AC46: 4.1384681 | AD46: 4.1384681 | AE46: kg | AF46: * | AG46: 0 | AH46: (No statement) | AM46: NG | AN46: =AN35 -> 67.5 | AO46: =AN46/AN48 -> 0.38243626
C47: Filter dust [Waste for recovery] | D47: Mass | E47: 0.0574704 | F47: 0.0574704 | G47: kg | H47: * | I47: 0 | J47: (No statement) | O47: Hazardous waste (unspec.) [Hazardous waste] | P47: Mass | Q47: 0.20257132 | R47: 0.20257132 | S47: kg | T47: * | U47: 0 | V47: (No statement) | AA47: Hazardous waste (unspec.) [Hazardous waste] | AB47: Mass | AC47: 0.33867244 | AD47: 0.33867244 | AE47: kg | AF47: * | AG47: 0 | AH47: (No statement) | AM47: Electricity | AN47: =AN34 -> 109 | AO47: =AN47/AN48 -> 0.61756374
C48: Filter dust [Hazardous waste] | D48: Mass | E48: 3.497986 | F48: 3.497986 | G48: kg | H48: * | I48: 0 | J48: (No statement) | O48: Refractory [Hazardous waste] | P48: Mass | Q48: 4.128982 | R48: 4.128982 | S48: kg | T48: * | U48: 0 | V48: (No statement) | AA48: Refractory [Hazardous waste] | AB48: Mass | AC48: 4.4701616 | AD48: 4.4701616 | AE48: kg | AF48: * | AG48: 0 | AH48: (No statement) | AM48: Energy | AN48: =SUM(AN46:AN47) -> 176.5
C49: Filter media [Waste for disposal] | D49: Mass | E49: 3.1151598 | F49: 3.1151598 | G49: kg | H49: * | I49: 0 | J49: (No statement) | O49: Saltcake [Waste for disposal] | P49: Mass | Q49: 2.0775937 | R49: 2.0775937 | S49: kg | T49: * | U49: 0 | V49: (No statement) | AA49: Saltcake [Waste for disposal] | AB49: Mass | AC49: 2.9424249 | AD49: 2.9424249 | AE49: kg | AF49: * | AG49: 0 | AH49: (No statement)
C50: Hazardous waste (unspec.) [Hazardous waste] | D50: Mass | E50: 0.21570004 | F50: 0.21570004 | G50: kg | H50: * | I50: 0 | J50: (No statement) | O50: Saltcake [Waste for recovery] | P50: Mass | Q50: 0.98089787 | R50: 0.98089787 | S50: kg | T50: * | U50: 0 | V50: (No statement) | AA50: Saltcake [Waste for recovery] | AB50: Mass | AC50: 1.3892121 | AD50: 1.3892121 | AE50: kg | AF50: * | AG50: 0 | AH50: (No statement) | AM50: MJ/kg-in | AN50: =AN48/AN42 -> 11.03125 | AO50: MJ/kg-can sheet
C51: Refractory [Hazardous waste] | D51: Mass | E51: 4.7607832 | F51: 4.7607832 | G51: kg | H51: * | I51: 0 | J51: (No statement) | O51: Steel scrap (St) [Waste for recovery] | P51: Mass | Q51: 4.6542017 | R51: 4.6542017 | S51: kg | T51: * | U51: 0 | V51: (No statement) | AA51: Steel scrap (St) [Waste for recovery] | AB51: Mass | AC51: 5.9689213 | AD51: 5.9689213 | AE51: kg | AF51: * | AG51: 0 | AH51: (No statement) | AM51: MJ/kg-out | AN51: =AN48/AN43 -> 13.074074 | AO51: MJ/kg can
C52: Saltcake [Waste for disposal] | D52: Mass | E52: 2.7327058 | F52: 2.7327058 | G52: kg | H52: * | I52: 0 | J52: (No statement) | O52: Unspecified industrial waste [Consumer waste] | P52: Mass | Q52: 2.8075989 | R52: 2.8075989 | S52: kg | T52: * | U52: 0 | V52: (No statement) | AA52: Unspecified industrial waste [Consumer waste] | AB52: Mass | AC52: 2.7107564 | AD52: 2.7107564 | AE52: kg | AF52: * | AG52: 0 | AH52: (No statement)
C53: Saltcake [Waste for recovery] | D53: Mass | E53: 1.2901971 | F53: 1.2901971 | G53: kg | H53: * | I53: 0 | J53: (No statement) | O53: Unspecified oil waste [Hazardous waste] | P53: Mass | Q53: 0.42010197 | R53: 0.42010197 | S53: kg | T53: * | U53: 0 | V53: (No statement) | AA53: Unspecified oil waste [Hazardous waste] | AB53: Mass | AC53: 0.19624743 | AD53: 0.19624743 | AE53: kg | AF53: * | AG53: 0 | AH53: (No statement) | AM53: kg CO2e/kg-can | AN53: =23.4/12.99 -> 1.8013857
C54: Steel scrap (St) [Waste for recovery] | D54: Mass | E54: 5.8318108 | F54: 5.8318108 | G54: kg | H54: * | I54: 0 | J54: (No statement) | O54: Used oil (without water) [Waste for recovery] | P54: Mass | Q54: 0.234316 | R54: 0.234316 | S54: kg | T54: * | U54: 0 | V54: (No statement) | AA54: Used oil (without water) [Waste for recovery] | AB54: Mass | AC54: 0.20954 | AD54: 0.20954 | AE54: kg | AF54: * | AG54: 0 | AH54: (No statement) | AM54: kg CO2e/kg-sheet | AN54: =AN53*AN44 -> 1.5199192 | AO54: =AN50*AO46*0.069+AN50*AO47*0.1222 -> 1.1235812
C55: Unspecified industrial waste [Consumer waste] | D55: Mass | E55: 3.3410085 | F55: 3.3410085 | G55: kg | H55: * | I55: 0 | J55: (No statement) | O55: Waste for recovery (unspecific) [Waste for recovery] | P55: Mass | Q55: 3.2842206 | R55: 3.2842206 | S55: kg | T55: * | U55: 0 | V55: (No statement) | AA55: Waste for recovery (unspecific) [Waste for recovery] | AB55: Mass | AC55: 1.0538354 | AD55: 1.0538354 | AE55: kg | AF55: * | AG55: 0 | AH55: (No statement)
C56: Unspecified oil waste [Hazardous waste] | D56: Mass | E56: 0.41757497 | F56: 0.41757497 | G56: kg | H56: * | I56: 0 | J56: (No statement) | O56: Water (waste water, untreated) [Production residues in life cycle] | P56: Mass | Q56: 100.54392 | R56: 100.54392 | S56: kg | T56: * | U56: 0 | V56: (No statement) | AA56: Water (waste water, untreated) [Production residues in life cycle] | AB56: Mass | AC56: 77.731787 | AD56: 77.731787 | AE56: kg | AF56: * | AG56: 0 | AH56: (No statement)
C57: Used oil (without water) [Waste for recovery] | D57: Mass | E57: 0.234316 | F57: 0.234316 | G57: kg | H57: * | I57: 0 | J57: (No statement) | O57: Aluminium [Inorganic emissions to fresh water] | P57: Mass | Q57: 0.00023072345 | R57: 0.00023072345 | S57: kg | U57: 0 | V57: (No statement) | AA57: Aluminium [Inorganic emissions to fresh water] | AB57: Mass | AC57: 0.0003208868 | AD57: 0.0003208868 | AE57: kg | AG57: 0 | AH57: (No statement)
C58: Waste for recovery (unspecific) [Waste for recovery] | D58: Mass | E58: 3.3532623 | F58: 3.3532623 | G58: kg | H58: * | I58: 0 | J58: (No statement) | O58: Biological oxygen demand (BOD) [Analytical measures to fresh water] | P58: Mass | Q58: 0.0068269637 | R58: 0.0068269637 | S58: kg | U58: 0 | V58: (No statement) | AA58: Biological oxygen demand (BOD) [Analytical measures to fresh water] | AB58: Mass | AC58: 0.00035965164 | AD58: 0.00035965164 | AE58: kg | AG58: 0 | AH58: (No statement)
C59: Water (waste water, untreated) [Production residues in life cycle] | D59: Mass | E59: 117.328 | F59: 117.328 | G59: kg | H59: * | I59: 0 | J59: (No statement) | O59: Cadmium [Heavy metals to fresh water] | P59: Mass | Q59: 8.1535953e-07 | R59: 8.1535953e-07 | S59: kg | U59: 0 | V59: (No statement) | AA59: Cadmium [Heavy metals to fresh water] | AB59: Mass | AC59: 7.4797746e-07 | AD59: 7.4797746e-07 | AE59: kg | AG59: 0 | AH59: (No statement)
C60: Aluminium [Inorganic emissions to fresh water] | D60: Mass | E60: 0.00029801584 | F60: 0.00029801584 | G60: kg | I60: 0 | J60: (No statement) | O60: Chemical oxygen demand (COD) [Analytical measures to fresh water] | P60: Mass | Q60: 0.003887376 | R60: 0.003887376 | S60: kg | U60: 0 | V60: (No statement) | AA60: Chemical oxygen demand (COD) [Analytical measures to fresh water] | AB60: Mass | AC60: 0.03326118 | AD60: 0.03326118 | AE60: kg | AG60: 0 | AH60: (No statement)
C61: Biological oxygen demand (BOD) [Analytical measures to fresh water] | D61: Mass | E61: 0.0069067007 | F61: 0.0069067007 | G61: kg | I61: 0 | J61: (No statement) | O61: Chloride [Inorganic emissions to fresh water] | P61: Mass | Q61: 4.8412231e-05 | R61: 4.8412231e-05 | S61: kg | U61: 0 | V61: (No statement) | AA61: Chloride [Inorganic emissions to fresh water] | AB61: Mass | AC61: 6.8564588e-05 | AD61: 6.8564588e-05 | AE61: kg | AG61: 0 | AH61: (No statement)
C62: Cadmium [Heavy metals to fresh water] | D62: Mass | E62: 9.8189193e-07 | F62: 9.8189193e-07 | G62: kg | I62: 0 | J62: (No statement) | O62: Chlorine [Inorganic emissions to air] | P62: Mass | Q62: 0.0019285489 | R62: 0.0019285489 | S62: kg | U62: 0 | V62: (No statement) | AA62: Chlorine [Inorganic emissions to air] | AB62: Mass | AC62: 0.0027313379 | AD62: 0.0027313379 | AE62: kg | AG62: 0 | AH62: (No statement)
C63: Chemical oxygen demand (COD) [Analytical measures to fresh water] | D63: Mass | E63: 0.003887376 | F63: 0.003887376 | G63: kg | I63: 0 | J63: (No statement) | O63: Chromium [Heavy metals to fresh water] | P63: Mass | Q63: 1.7006017e-05 | R63: 1.7006017e-05 | S63: kg | U63: 0 | V63: (No statement) | AA63: Chromium [Heavy metals to fresh water] | AB63: Mass | AC63: 1.8668334e-05 | AD63: 1.8668334e-05 | AE63: kg | AG63: 0 | AH63: (No statement)
C64: Chloride [Inorganic emissions to fresh water] | D64: Mass | E64: 6.3677698e-05 | F64: 6.3677698e-05 | G64: kg | I64: 0 | J64: (No statement) | O64: Dust (PM10) [Particles to air] | P64: Mass | Q64: 0.17973054 | R64: 0.17973054 | S64: kg | U64: 0 | V64: (No statement) | AA64: Dust (PM10) [Particles to air] | AB64: Mass | AC64: 0.24240339 | AD64: 0.24240339 | AE64: kg | AG64: 0 | AH64: (No statement)
C65: Chlorine [Inorganic emissions to air] | D65: Mass | E65: 0.0025366638 | F65: 0.0025366638 | G65: kg | I65: 0 | J65: (No statement) | O65: Dust (PM2.5) [Particles to air] | P65: Mass | Q65: 0.20405343 | R65: 0.20405343 | S65: kg | U65: 0 | V65: (No statement) | AA65: Dust (PM2.5) [Particles to air] | AB65: Mass | AC65: 0.2337754 | AD65: 0.2337754 | AE65: kg | AG65: 0 | AH65: (No statement)
C66: Chromium [Heavy metals to fresh water] | D66: Mass | E66: 2.1162402e-05 | F66: 2.1162402e-05 | G66: kg | I66: 0 | J66: (No statement) | O66: Heavy metals to water (unspecified) [Heavy metals to fresh water] | P66: Mass | Q66: 0.00023246181 | R66: 0.00023246181 | S66: kg | U66: 0 | V66: (No statement) | AA66: Heavy metals to water (unspecified) [Heavy metals to fresh water] | AB66: Mass | AC66: 0.00031944582 | AD66: 0.00031944582 | AE66: kg | AG66: 0 | AH66: (No statement)
C67: Dust (PM10) [Particles to air] | D67: Mass | E67: 0.19827957 | F67: 0.19827957 | G67: kg | I67: 0 | J67: (No statement) | O67: Hydrogen chloride [Inorganic emissions to air] | P67: Mass | Q67: 0.052891833 | R67: 0.052891833 | S67: kg | U67: 0 | V67: (No statement) | AA67: Hydrogen chloride [Inorganic emissions to air] | AB67: Mass | AC67: 0.074908894 | AD67: 0.074908894 | AE67: kg | AG67: 0 | AH67: (No statement)
C68: Dust (PM2.5) [Particles to air] | D68: Mass | E68: 0.21742606 | F68: 0.21742606 | G68: kg | I68: 0 | J68: (No statement) | O68: Hydrogen fluoride [Inorganic emissions to air] | P68: Mass | Q68: 0.0062296428 | R68: 0.0062296428 | S68: kg | U68: 0 | V68: (No statement) | AA68: Hydrogen fluoride [Inorganic emissions to air] | AB68: Mass | AC68: 0.00882283 | AD68: 0.00882283 | AE68: kg | AG68: 0 | AH68: (No statement)
C69: Heavy metals to water (unspecified) [Heavy metals to fresh water] | D69: Mass | E69: 0.00030235643 | F69: 0.00030235643 | G69: kg | I69: 0 | J69: (No statement) | O69: Lead [Heavy metals to fresh water] | P69: Mass | Q69: 1.2036046e-05 | R69: 1.2036046e-05 | S69: kg | U69: 0 | V69: (No statement) | AA69: Lead [Heavy metals to air] | AB69: Mass | AC69: 0.00022154272 | AD69: 0.00022154272 | AE69: kg | AG69: 0 | AH69: (No statement)
C70: Hydrogen chloride [Inorganic emissions to air] | D70: Mass | E70: 0.069569819 | F70: 0.069569819 | G70: kg | I70: 0 | J70: (No statement) | O70: Lead [Heavy metals to air] | P70: Mass | Q70: 0.00035079944 | R70: 0.00035079944 | S70: kg | U70: 0 | V70: (No statement) | AA70: Lead [Heavy metals to fresh water] | AB70: Mass | AC70: 1.6393238e-05 | AD70: 1.6393238e-05 | AE70: kg | AG70: 0 | AH70: (No statement)
C71: Hydrogen fluoride [Inorganic emissions to air] | D71: Mass | E71: 0.0081939895 | F71: 0.0081939895 | G71: kg | I71: 0 | J71: (No statement) | O71: Methane [Organic emissions to air (group VOC)] | P71: Mass | Q71: 0.0024025559 | R71: 0.0024025559 | S71: kg | U71: 0 | V71: (No statement) | AA71: Lead dioxide [Inorganic emissions to air] | AB71: Mass | AC71: 0.00013628543 | AD71: 0.00013628543 | AE71: kg | AG71: 0 | AH71: (No statement)
... C77: Nitrous oxide (laughing gas) [Inorganic emissions to air] | D77: Mass | E77: 0.0021309657 | F77: 0.0021309657 | G77: kg | I77: 0 | J77: (No statement) | O77: Water vapour [Inorganic emissions to air] | P77: Mass | Q77: 593.07273 | R77: 593.07273 | S77: kg | U77: 0 | V77: (No statement) | AA77: Sulphur dioxide [Inorganic emissions to air] | AB77: Mass | AC77: 0.012154487 | AD77: 0.012154487 | AE77: kg | AG77: 0 | AH77: (No statement)
C78: NMVOC (unspecified) [Group NMVOC to air] | D78: Mass | E78: 0.48719764 | F78: 0.48719764 | G78: kg | I78: 0 | J78: (No statement) | AA78: Water vapour [Inorganic emissions to air] | AB78: Mass | AC78: 666.25574 | AD78: 666.25574 | AE78: kg | AG78: 0 | AH78: (No statement)
C79: Phosphorus [Inorganic emissions to fresh water] | D79: Mass | E79: 1.3702507e-05 | F79: 1.3702507e-05 | G79: kg | I79: 0 | J79: (No statement) | Q79: Auto sheet | U79: direct primary | V79: sweet | W79: primary
C80: Sulphur dioxide [Inorganic emissions to air] | D80: Mass | E80: 0.012090424 | F80: 0.012090424 | G80: kg | I80: 0 | J80: (No statement) | Q80: input | R80: =1.358*1.112*1000 -> 1510.096 | S80: kg Al | T80: /kg-in | U80: =438/R80 -> 0.29004779 | V80: =334/R80 -> 0.22117799 | W80: =R21/R80 -> 0.5112077 | X80: /kg-ingot | AC80: input | AD80: =1.294*1.174*1000 -> 1519.156 | AG80: sweet/kg in | AH80: =AD22/AD80 -> 0.18337525 | AI80: /kg ingot
C81: Water vapour [Inorganic emissions to air] | D81: Mass | E81: 676.82268 | F81: 676.82268 | G81: kg | I81: 0 | J81: (No statement) | Q81: output | R81: =R40 -> 1000 | S81: kg Al | T81: /kg-out | U81: =438/R81 -> 0.438 | V81: =334/R81 -> 0.334 | W81: =R21/R81 -> 0.77197271 | X81: /kg-sheet | AB81: Foil | AC81: output | AD81: =AD41 -> 1000 | AG81: sweet/kg out | AH81: =AD22/AD81 -> 0.27857561 | AI81: /kg sheet
Q82: efficiency | R82: =R81/R80 -> 0.66220955 | AC82: efficiency | AD82: =AD81/AD80 -> 0.65826024
T83: %Delivered | U83: %PE | V83: MJ-PE/MJ-Del | W83: kgCO2e/MJ-del | X83: kgCO2e/MJ-PE | AF83: %Delivered | AG83: %PE | AH83: MJ-PE/MJ-Del | AI83: kgCO2e/MJ-del | AJ83: kgCO2e/MJ-PE
E84: Input | F84: =1.294*1.09*1000 -> 1410.46 | G84: kg Al | I84: sweet/kg-in | J84: =F23/F84 -> 0.18342976 | K84: /kg ingot | Q84: NG | R84: =X88*U84/V84 -> 2313.5134 | S84: MJ | T84: =R84/R86 -> 0.38234258 | U84: =(R91-X88/R80*X85)/(X88/R80)/(X84-X85) -> 0.21908252 | V84: =1.109 -> 1.109 | W84: =0.069 -> 0.069 | X84: =W84/V84 -> 0.062218215 | AC84: NG | AD84: =AJ88*AG84/AH84 -> 4349.6029 | AE84: MJ | AF84: =AD84/AD86 -> 0.42023525 | AG84: =(AD91-AJ88/AD80*AJ85)/(AJ88/AD80)/(AJ84-AJ85) -> 0.24727259 | AH84: =1.109 -> 1.109 | AI84: =0.069 -> 0.069 | AJ84: =AI84/AH84 -> 0.062218215
D85: NCNA sheet | E85: Output | F85: =F43 -> 1000 | G85: kg Al | I85: sweet/kg-out | J85: =E23/F85 -> 0.25872035 | K85: /kg sheet | Q85: Electricity | R85: =X88*U85/V85 -> 3737.3779 | S85: MJ | T85: =R85/R86 -> 0.61765742 | U85: =1-U84 -> 0.78091748 | V85: 2.447 | W85: =0.1222 -> 0.1222 | X85: =W85/V85 -> 0.0499387 | AC85: Electricity | AD85: =AJ88*AG85/AH85 -> 6000.797 | AE85: MJ | AF85: =AD85/AD86 -> 0.57976475 | AG85: =1-AG84 -> 0.75272741 | AH85: 2.447 | AI85: 0.1222 | AJ85: =AI85/AH85 -> 0.0499387
E86: Efficiency | F86: =F85/F84 -> 0.70898856 | G86: =1/1.35 -> 0.74074074 | Q86: Energy | R86: =SUM(R84:R85) -> 6050.8913 | S86: MJ | AC86: Energy | AD86: =SUM(AD84:AD85) -> 10350.4 | AE86: MJ
H87: %Delivered | I87: %PE | J87: MJ-PE/MJ-Del | K87: kgCO2e/MJ-del | L87: kgCO2e/MJ-PE | X87: Primary MJ | AJ87: Primary MJ
E88: NG | F88: =$L$92*I88/J88 -> 2756.0608 | G88: MJ | H88: =F88/F90 -> 0.44142492 | I88: =(F95-L92/F84*L89)/(L92/F84)/(L88-L89) -> 0.26370784 | J88: =1.109 -> 1.109 | K88: =0.069 -> 0.069 | L88: =K88/J88 -> 0.062218215 | Q88: MJ/kg-in | R88: =R86/R80 -> 4.006958 | S88: MJ/kg ingot | X88: 11711.05 | AC88: MJ/kg-in | AD88: =AD86/AD80 -> 6.8132568 | AE88: MJ/kg ingot | AJ88: 19507.66
E89: Electricity | F89: =$L$92*I89/J89 -> 3487.4943 | G89: MJ | H89: =F89/F90 -> 0.55857508 | I89: =1-I88 -> 0.73629216 | J89: 2.447 | K89: =0.1222 -> 0.1222 | L89: =K89/J89 -> 0.0499387 | Q89: MJ/kg-out | R89: =R86/R81 -> 6.0508913 | S89: MJ/kg NCNA sheet | AC89: MJ/kg-out | AD89: =AD86/AD81 -> 10.3504 | AE89: MJ/kg NCNA sheet
E90: Energy | F90: =SUM(F88:F89) -> 6243.5551 | G90: MJ
L91: Primary MJ | Q91: kg CO2/kg-in | R91: =R92*R82 -> 0.40814624 | U91: =R84*W84/R80+R85*W85/R80 -> 0.40814624 | AC91: kg CO2/kg-in | AD91: =AD92*AD82 -> 0.6802593 | AG91: =AD84*AI84/AD80+AD85*AI85/AD80 -> 0.6802593
E92: MJ/kg-in | F92: =F90/F84 -> 4.4266091 | G92: MJ/kg ingot | L92: =11590.37 -> 11590.37 | Q92: kg CO2/kg-out | R92: =616.34/1000 -> 0.61634 | AC92: kg CO2/kg-out | AD92: =1033.42/1000 -> 1.03342
E93: MJ/kg-out | F93: =F90/F85 -> 6.2435551 | G93: MJ/kg NCNA sheet
E95: kg CO2/kg-in | F95: =F96*F86 -> 0.43697801 | G95: y =E*x*c1+E*(1-x)*c2 | I95: =F88*K88/F84+F89*K89/F84 -> 0.43697801 | J95: Verify
E96: kg CO2/kg-out | F96: =616.34/1000 -> 0.61634

Sheet Extrusion (F2)
A1: Process | B1: Extruded aluminum production (billet casting & extrusion) | D1: #F2 | O1: Extruded automotive aluminum production (billet casting & extrusion)
A2: Report unit | B2: 1000 kg extruded aluminum | O2: 1000 kg extruded aluminum
A3: Scaling factor | B3: 1 | O3: 1
B4: Inputs | O4: Inputs
B5: Parameter | C5: Flows | D5: Quantities | E5: Amount | F5: Factor | G5: Units | H5: Tracked flows | I5: Standard deviation | J5: Origin | O5: Parameter | P5: Flows | Q5: Quantities | R5: Amount | S5: Factor | T5: Units | U5: Tracked flows | V5: Standard deviation | W5: Origin
C6: Alloying elements [Metals] | D6: Mass | E6: 20.291041 | F6: 20.291041 | G6: kg | H6: X | I6: 0 | J6: (No statement) | P6: Alloying elements [Metals] | Q6: Mass | R6: 13.522106 | S6: 13.522106 | T6: kg | U6: X | V6: 0 | W6: (No statement)
C7: Argon [Inorganic intermediate products] | D7: Mass | E7: 0.61758919 | F7: 0.61758919 | G7: kg | H7: X | I7: 0 | J7: (No statement) | P7: Argon [Inorganic intermediate products] | Q7: Mass | R7: 0.61758919 | S7: 0.61758919 | T7: kg | U7: X | V7: 0 | W7: (No statement)
C8: Cardboard (packaging) [Materials from renewable raw materials] | D8: Mass | E8: 5.0928835 | F8: 5.0928835 | G8: kg | H8: X | I8: 0 | J8: (No statement) | P8: Cardboard (packaging) [Materials from renewable raw materials] | Q8: Mass | R8: 5.0928835 | S8: 5.0928835 | T8: kg | U8: X | V8: 0 | W8: (No statement)
C9: Chlorine [Inorganic intermediate products] | D9: Mass | E9: 0.0013613936 | F9: 0.0013613936 | G9: kg | H9: X | I9: 0 | J9: (No statement) | P9: Chlorine [Inorganic intermediate products] | Q9: Mass | R9: 0.0013613936 | S9: 0.0013613936 | T9: kg | U9: X | V9: 0 | W9: (No statement)
C10: Electricity [Electric power] | D10: Energy (net calorific value) | E10: 2372.5041 | F10: 2372.5041 | G10: MJ | H10: X | I10: 0 | J10: (No statement) | P10: Electricity [Electric power] | Q10: Energy (net calorific value) | R10: 2372.5041 | S10: 2372.5041 | T10: MJ | U10: X | V10: 0 | W10: (No statement)
C11: Electricity [Electric power] | D11: Energy (net calorific value) | E11: 789.03775 | F11: 789.03775 | G11: MJ | H11: X | I11: 0 | J11: (No statement) | P11: Electricity [Electric power] | Q11: Energy (net calorific value) | R11: 789.03775 | S11: 789.03775 | T11: MJ | U11: X | V11: 0 | W11: (No statement)
C12: Hydraulic oil [Operating materials] | D12: Mass | E12: 0.23691673 | F12: 0.23691673 | G12: kg | H12: X | I12: 0 | J12: (No statement) | P12: Hydraulic oil [Operating materials] | Q12: Mass | R12: 0.23691673 | S12: 0.23691673 | T12: kg | U12: X | V12: 0 | W12: (No statement)
C13: Lubricant [Organic intermediate products] | D13: Mass | E13: 0.0162891 | F13: 0.0162891 | G13: kg | H13: X | I13: 0 | J13: (No statement) | P13: Lubricant [Organic intermediate products] | Q13: Mass | R13: 0.0162891 | S13: 0.0162891 | T13: kg | U13: X | V13: 0 | W13: (No statement)
C14: Nitrogen gaseous [Inorganic intermediate products] | D14: Mass | E14: 1.4562014 | F14: 1.4562014 | G14: kg | H14: X | I14: 0 | J14: (No statement) | P14: Nitrogen gaseous [Inorganic intermediate products] | Q14: Mass | R14: 1.4562014 | S14: 1.4562014 | T14: kg | U14: X | V14: 0 | W14: (No statement)
C15: Packaging paper (not creditable) [Packaging] | D15: Mass | E15: 0.161999 | F15: 0.161999 | G15: kg | H15: X | I15: 0 | J15: (No statement) | P15: Packaging paper (not creditable) [Packaging] | Q15: Mass | R15: 0.161999 | S15: 0.161999 | T15: kg | U15: X | V15: 0 | W15: (No statement)
C16: Packaging wooden pallets [Packaging] | D16: Mass | E16: 0.73825039 | F16: 0.73825039 | G16: kg | H16: X | I16: 0 | J16: (No statement) | P16: Packaging wooden pallets [Packaging] | Q16: Mass | R16: 0.73825039 | S16: 0.73825039 | T16: kg | U16: X | V16: 0 | W16: (No statement)
C17: Paint [Inorganic intermediate products] | D17: Mass | E17: 4.890978 | F17: 4.890978 | G17: kg | H17: X | I17: 0 | J17: (No statement) | P17: Paint [Inorganic intermediate products] | Q17: Mass | R17: 4.890978 | S17: 4.890978 | T17: kg | U17: X | V17: 0 | W17: (No statement)
... C21: Pre-treated post-consumer aluminum scrap [Metals] | D21: Mass | E21: 320.82094 | F21: 320.82094 | G21: kg | H21: X | I21: 0 | J21: (No statement) | P21: Pre-treated post-consumer aluminum scrap [Metals] | Q21: Mass | R21: 224.81126 | S21: 224.81126 | T21: kg | U21: X | V21: 0 | W21: (No statement)
A22: Valuable inputs and outputs | C22: Pre-treated pre-consumer aluminum scrap [Metals] | D22: Mass | E22: 271.46387 | F22: 271.46387 | G22: kg | H22: X | I22: 0 | J22: (No statement) | P22: Pre-treated pre-consumer aluminum scrap [Metals] | Q22: Mass | R22: 793.61083 | S22: 793.61083 | T22: kg | U22: X | V22: 0 | W22: (No statement)
A23: Energy consumption | C23: Primary aluminum ingot [Valuable substances] | D23: Mass | E23: 358.4607 | F23: 358.4607 | G23: kg | H23: X | I23: 0 | J23: (No statement) | P23: Primary aluminum ingot [Valuable substances] | Q23: Mass | R23: 373.43535 | S23: 373.43535 | T23: kg | U23: X | V23: 0 | W23: (No statement)
A24: Dross, scrap, etc. | C24: Process and cooling water [Operating materials] | D24: Mass | E24: 2438.6339 | F24: 2438.6339 | G24: kg | H24: X | I24: 0 | J24: (No statement) | P24: Process and cooling water [Operating materials] | Q24: Mass | R24: 2438.6339 | S24: 2438.6339 | T24: kg | U24: X | V24: 0 | W24: (No statement)
C25: Secondary aluminum ingot [Valuable substances] | D25: Mass | E25: 27.969005 | F25: 27.969005 | G25: kg | H25: X | I25: 0 | J25: (No statement) | P25: Secondary aluminum ingot [Valuable substances] | Q25: Mass | R25: 0 | S25: 0 | T25: kg | U25: X | V25: 0 | W25: (No statement)
C26: Sodium chloride (rock salt) [Inorganic intermediate products] | D26: Mass | E26: 0.044649243 | F26: 0.044649243 | G26: kg | H26: X | I26: 0 | J26: (No statement) | P26: Sodium chloride (rock salt) [Inorganic intermediate products] | Q26: Mass | R26: 0.044649243 | S26: 0.044649243 | T26: kg | U26: X | V26: 0 | W26: (No statement)
C27: Sodium hydroxide (100%; caustic soda) [Inorganic intermediate products] | D27: Mass | E27: 4.0700891 | F27: 4.0700891 | G27: kg | H27: X | I27: 0 | J27: (No statement) | P27: Sodium hydroxide (100%; caustic soda) [Inorganic intermediate products] | Q27: Mass | R27: 4.0700891 | S27: 4.0700891 | T27: kg | U27: X | V27: 0 | W27: (No statement)
C28: Solvent [Operating materials] | D28: Mass | E28: 0.376061 | F28: 0.376061 | G28: kg | H28: X | I28: 0 | J28: (No statement) | P28: Solvent [Operating materials] | Q28: Mass | R28: 0.376061 | S28: 0.376061 | T28: kg | U28: X | V28: 0 | W28: (No statement)
C29: Steel band (packaging) [Metals] | D29: Mass | E29: 0.20529779 | F29: 0.20529779 | G29: kg | H29: X | I29: 0 | J29: (No statement) | P29: Steel band (packaging) [Metals] | Q29: Mass | R29: 0.20529779 | S29: 0.20529779 | T29: kg | U29: X | V29: 0 | W29: (No statement)
C30: Sulphuric acid (100%) [Inorganic intermediate products] | D30: Mass | E30: 0.38073529 | F30: 0.38073529 | G30: kg | H30: X | I30: 0 | J30: (No statement) | P30: Sulphuric acid (100%) [Inorganic intermediate products] | Q30: Mass | R30: 0.38073529 | S30: 0.38073529 | T30: kg | U30: X | V30: 0 | W30: (No statement)
C31: Thermal energy from natural gas (MJ) [Thermal energy] | D31: Energy (net calorific value) | E31: 10825.55 | F31: 10825.55 | G31: MJ | H31: X | I31: 0 | J31: (No statement) | P31: Thermal energy from natural gas (MJ) [Thermal energy] | Q31: Energy (net calorific value) | R31: 10825.55 | S31: 10825.55 | T31: MJ | U31: X | V31: 0 | W31: (No statement)
C32: Wood packaging [Materials from renewable raw materials] | D32: Mass | E32: 12.544535 | F32: 12.544535 | G32: kg | H32: X | I32: 0 | J32: (No statement) | P32: Wood packaging [Materials from renewable raw materials] | Q32: Mass | R32: 12.544535 | S32: 12.544535 | T32: kg | U32: X | V32: 0 | W32: (No statement)
B33: Outputs | O33: Outputs
B34: Parameter | C34: Flows | D34: Quantities | E34: Amount | F34: Factor | G34: Units | H34: Tracked flows | I34: Standard deviation | J34: Origin | O34: Parameter | P34: Flows | Q34: Quantities | R34: Amount | S34: Factor | T34: Units | U34: Tracked flows | V34: Standard deviation | W34: Origin
C35: Aluminum extrusion (mill finish) [Materials] | D35: Mass | E35: 1000 | F35: 1000 | G35: kg | H35: X | I35: 0 | J35: (No statement) | P35: Aluminum extrusion (mill finish) [Materials] | Q35: Mass | R35: 1000 | S35: 1000 | T35: kg | U35: X | V35: 0 | W35: (No statement)
C36: Aluminum scrap sold offsite [Waste for recovery] | D36: Mass | E36: 247.13249 | F36: 247.13249 | G36: kg | H36: * | I36: 0 | J36: (No statement) | P36: Aluminum scrap sold offsite [Waste for recovery] | Q36: Mass | R36: 247.13249 | S36: 247.13249 | T36: kg | U36: * | V36: 0 | W36: (No statement)
C37: Dross [Waste for recovery] | D37: Mass | E37: 52.843751 | F37: 52.843751 | G37: kg | H37: * | I37: 0 | J37: (No statement) | P37: Dross [Waste for recovery] | Q37: Mass | R37: 52.843751 | S37: 52.843751 | T37: kg | U37: * | V37: 0 | W37: (No statement)
C38: Filter dust [Hazardous waste] | D38: Mass | E38: 0.2003354 | F38: 0.2003354 | G38: kg | H38: * | I38: 0 | J38: (No statement) | P38: Filter dust [Hazardous waste] | Q38: Mass | R38: 0.2003354 | S38: 0.2003354 | T38: kg | U38: * | V38: 0 | W38: (No statement)
C39: Filter media [Waste for disposal] | D39: Mass | E39: 0.00283071 | F39: 0.00283071 | G39: kg | H39: * | I39: 0 | J39: (No statement) | P39: Filter media [Waste for disposal] | Q39: Mass | R39: 0.00283071 | S39: 0.00283071 | T39: kg | U39: * | V39: 0 | W39: (No statement)
C40: Hazardous waste for incineration [Hazardous waste for disposal] | D40: Mass | E40: 2.4158183 | F40: 2.4158183 | G40: kg | H40: * | I40: 0 | J40: (No statement) | P40: Hazardous waste for incineration [Hazardous waste for disposal] | Q40: Mass | R40: 2.4158183 | S40: 2.4158183 | T40: kg | U40: * | V40: 0 | W40: (No statement)
C41: Internal aluminum scrap [Metals] | D41: Mass | E41: 107.32188 | F41: 107.32188 | G41: kg | H41: * | I41: 0 | J41: (No statement) | P41: Internal aluminum scrap [Metals] | Q41: Mass | R41: 107.32188 | S41: 107.32188 | T41: kg | U41: * | V41: 0 | W41: (No statement)
C42: Steel scrap (St) [Waste for recovery] | D42: Mass | E42: 3.5106908 | F42: 3.5106908 | G42: kg | H42: * | I42: 0 | J42: (No statement) | P42: Steel scrap (St) [Waste for recovery] | Q42: Mass | R42: 3.5106908 | S42: 3.5106908 | T42: kg | U42: * | V42: 0 | W42: (No statement)
C43: Unspecified industrial waste [Consumer waste] | D43: Mass | E43: 32.245156 | F43: 32.245156 | G43: kg | H43: * | I43: 0 | J43: (No statement) | P43: Unspecified industrial waste [Consumer waste] | Q43: Mass | R43: 32.245156 | S43: 32.245156 | T43: kg | U43: * | V43: 0 | W43: (No statement)
C44: Unspecified oil waste [Hazardous waste] | D44: Mass | E44: 0.0194957 | F44: 0.0194957 | G44: kg | H44: * | I44: 0 | J44: (No statement) | P44: Unspecified oil waste [Hazardous waste] | Q44: Mass | R44: 0.0194957 | S44: 0.0194957 | T44: kg | U44: * | V44: 0 | W44: (No statement)
C45: Waste for recovery (unspecific) [Waste for recovery] | D45: Mass | E45: 0.774083 | F45: 0.774083 | G45: kg | H45: * | I45: 0 | J45: (No statement) | P45: Waste for recovery (unspecific) [Waste for recovery] | Q45: Mass | R45: 0.774083 | S45: 0.774083 | T45: kg | U45: * | V45: 0 | W45: (No statement)
C46: Water (waste water, untreated) [Production residues in life cycle] | D46: Mass | E46: 1301.5052 | F46: 1301.5052 | G46: kg | H46: * | I46: 0 | J46: (No statement) | P46: Water (waste water, untreated) [Production residues in life cycle] | Q46: Mass | R46: 1301.5052 | S46: 1301.5052 | T46: kg | U46: * | V46: 0 | W46: (No statement)
C47: Aluminium [Inorganic emissions to fresh water] | D47: Mass | E47: 0.00075284 | F47: 0.00075284 | G47: kg | I47: 0 | J47: (No statement) | P47: Aluminium [Inorganic emissions to fresh water] | Q47: Mass | R47: 0.00075284 | S47: 0.00075284 | T47: kg | V47: 0 | W47: (No statement)
C48: Biological oxygen demand (BOD) [Analytical measures to fresh water] | D48: Mass | E48: 0.030788066 | F48: 0.030788066 | G48: kg | I48: 0 | J48: (No statement) | P48: Biological oxygen demand (BOD) [Analytical measures to fresh water] | Q48: Mass | R48: 0.030788066 | S48: 0.030788066 | T48: kg | V48: 0 | W48: (No statement)
C49: Cadmium [Heavy metals to fresh water] | D49: Mass | E49: 3.13692e-06 | F49: 3.13692e-06 | G49: kg | I49: 0 | J49: (No statement) | P49: Cadmium [Heavy metals to fresh water] | Q49: Mass | R49: 3.13692e-06 | S49: 3.13692e-06 | T49: kg | V49: 0 | W49: (No statement)
C50: Chemical oxygen demand (COD) [Analytical measures to fresh water] | D50: Mass | E50: 0.010398476 | F50: 0.010398476 | G50: kg | I50: 0 | J50: (No statement) | P50: Chemical oxygen demand (COD) [Analytical measures to fresh water] | Q50: Mass | R50: 0.010398476 | S50: 0.010398476 | T50: kg | V50: 0 | W50: (No statement)
C51: Chloride [Inorganic emissions to fresh water] | D51: Mass | E51: 0.015673212 | F51: 0.015673212 | G51: kg | I51: 0 | J51: (No statement) | P51: Chloride [Inorganic emissions to fresh water] | Q51: Mass | R51: 0.015673212 | S51: 0.015673212 | T51: kg | V51: 0 | W51: (No statement)
C52: Chlorine [Inorganic emissions to air] | D52: Mass | E52: 4.2059278e-06 | F52: 4.2059278e-06 | G52: kg | I52: 0 | J52: (No statement) | P52: Chlorine [Inorganic emissions to air] | Q52: Mass | R52: 4.2059278e-06 | S52: 4.2059278e-06 | T52: kg | V52: 0 | W52: (No statement)
C53: Chromium [Heavy metals to fresh water] | D53: Mass | E53: 1.83679e-05 | F53: 1.83679e-05 | G53: kg | I53: 0 | J53: (No statement) | P53: Chromium [Heavy metals to fresh water] | Q53: Mass | R53: 1.83679e-05 | S53: 1.83679e-05 | T53: kg | V53: 0 | W53: (No statement)
C54: Dust (PM10) [Particles to air] | D54: Mass | E54: 0.11079178 | F54: 0.11079178 | G54: kg | I54: 0 | J54: (No statement) | P54: Dust (PM10) [Particles to air] | Q54: Mass | R54: 0.11079178 | S54: 0.11079178 | T54: kg | V54: 0 | W54: (No statement)
C55: Dust (PM2.5) [Particles to air] | D55: Mass | E55: 0.01299048 | F55: 0.01299048 | G55: kg | I55: 0 | J55: (No statement) | P55: Dust (PM2.5) [Particles to air] | Q55: Mass | R55: 0.01299048 | S55: 0.01299048 | T55: kg | V55: 0 | W55: (No statement)
C56: Heavy metals to water (unspecified) [Heavy metals to fresh water] | D56: Mass | E56: 1.81097e-05 | F56: 1.81097e-05 | G56: kg | I56: 0 | J56: (No statement) | P56: Heavy metals to water (unspecified) [Heavy metals to fresh water] | Q56: Mass | R56: 1.81097e-05 | S56: 1.81097e-05 | T56: kg | V56: 0 | W56: (No statement)
C57: Hydrogen chloride [Inorganic emissions to air] | D57: Mass | E57: 0.014445655 | F57: 0.014445655 | G57: kg | I57: 0 | J57: (No statement) | P57: Hydrogen chloride [Inorganic emissions to air] | Q57: Mass | R57: 0.014445655 | S57: 0.014445655 | T57: kg | V57: 0 | W57: (No statement)
C58: Hydrogen fluoride [Inorganic emissions to air] | D58: Mass | E58: 0.000109365 | F58: 0.000109365 | G58: kg | I58: 0 | J58: (No statement) | P58: Hydrogen fluoride [Inorganic emissions to air] | Q58: Mass | R58: 0.000109365 | S58: 0.000109365 | T58: kg | V58: 0 | W58: (No statement)
... C68: Water vapour [Inorganic emissions to air] | D68: Mass | E68: 1137.1287 | F68: 1137.1287 | G68: kg | I68: 0 | J68: (No statement) | P68: Water vapour [Inorganic emissions to air] | Q68: Mass | R68: 1137.1287 | S68: 1137.1287 | T68: kg | V68: 0 | W68: (No statement)
B70: Table 12-4: Breakdown of LCIA Results for Generic Extruded Aluminum, Representing 1,000 kg of Aluminum Extrusion
E71: Input | F71: =1.354*1000 -> 1354 | G71: kg Al | H71: Primary/kg-in | I71: =540/F71 -> 0.39881832 | J71: /kg ingot | R71: input | S71: =1.354*1000 -> 1354 | T71: kg Al | U71: Primary/kg-in | V71: =373/S71 -> 0.27548006 | W71: /kg ingot
D72: Extrusion | E72: Output | F72: =F35 -> 1000 | G72: kg Al | H72: sweet/kg-out | I72: =F23/F72 -> 0.3584607 | J72: /kg semi | Q72: Auto Extrusion | R72: output | S72: =S35 -> 1000 | T72: kg Al | U72: Primary/kg-out | V72: =S23/S72 -> 0.37343535 | W72: /kg semi
E73: Efficiency | F73: =F72/F71 -> 0.73855244 | R73: efficiency | S73: =S72/S71 -> 0.73855244
H74: %Delivered | I74: %PE | J74: MJ-PE/MJ-Del | K74: kgCO2e/MJ-del | L74: kgCO2e/MJ-PE | U74: %Delivered | V74: %PE | W74: MJ-PE/MJ-Del | X74: kgCO2e/MJ-del | Y74: kgCO2e/MJ-PE
E75: NG | F75: =L79*I75/J75 -> 4208.3616 | G75: MJ | H75: =F75/F77 -> 0.52689956 | I75: =(F82-L79/F71*L76)/(L79/F71)/(L75-L76) -> 0.33543559 | J75: =1.109 -> 1.109 | K75: =0.069 -> 0.069 | L75: =K75/J75 -> 0.062218215 | R75: NG | S75: =Y79*V75/W75 -> 4208.3616 | T75: MJ | U75: =S75/S77 -> 0.52689956 | V75: =(S82-Y79/S71*Y76)/(Y79/S71)/(Y75-Y76) -> 0.33543559 | W75: =1.109 -> 1.109 | X75: =0.069 -> 0.069 | Y75: =X75/W75 -> 0.062218215
E76: Electricity | F76: =L79*I76/J76 -> 3778.6665 | G76: MJ | H76: =F76/F77 -> 0.47310044 | I76: =1-I75 -> 0.66456441 | J76: 2.447 | K76: 0.1222 | L76: =K76/J76 -> 0.0499387 | R76: Electricity | S76: =Y79*V76/W76 -> 3778.6665 | T76: MJ | U76: =S76/S77 -> 0.47310044 | V76: =1-V75 -> 0.66456441 | W76: 2.447 | X76: 0.1222 | Y76: =X76/W76 -> 0.0499387
E77: Energy | F77: =SUM(F75:F76) -> 7987.0281 | G77: MJ | R77: Energy | S77: =SUM(S75:S76) -> 7987.0281 | T77: MJ
L78: Primary MJ | Y78: Primary MJ
E79: MJ/kg-in | F79: =F77/F71 -> 5.8988391 | G79: MJ/kg ingot | L79: 13913.47 | R79: MJ/kg-in | S79: =S77/S71 -> 5.8988391 | T79: MJ/kg ingot | Y79: 13913.47
E80: MJ/kg-out | F80: =F77/F72 -> 7.9870281 | G80: MJ/kg NCNA sheet | R80: MJ/kg-out | S80: =S77/S72 -> 7.9870281 | T80: MJ/kg NCNA sheet
E82: kg CO2/kg-in | F82: =F83*F73 -> 0.55548744 | G82: =E*x*c1+E*x*c2 | I82: =F75*K75/F71+F76*K76/F71 -> 0.55548744 | R82: kg CO2/kg-in | S82: =S83*S73 -> 0.55548744 | T82: =E*x*c1+E*x*c2 | V82: =S75*X75/S71+S76*X76/S71 -> 0.55548744
E83: kg CO2/kg-out | F83: =752.13/1000 -> 0.75213 | R83: kg CO2/kg-out | S83: =752.13/1000 -> 0.75213

Sheet Deformation
A1: Sheet | B1: US_CA shipment | D1: Transportation | F1: Automotive | H1: Trans. Excluded | J1: Can | L1: non-can-non-auto
A2: Non-heat treatable sheet | B2: 7856 | C2: =B2/$B$5 -> 0.72099853 | D2: 1361 | E2: =D2/$B$5 -> 0.12490822 | F2: =1720*D2/SUM(D2:D3) -> 813.38429 | G2: =F2/$B$5 -> 0.074649807 | H2: =B2-D2 -> 6495 | I2: =H2/$B$5 -> 0.59609031 | J2: 4022 | K2: =J2/$B$5 -> 0.36912628 | L2: =B2-D2-J2 -> 2473 | M2: =L2/$B$5 -> 0.22696402
A3: Other sheet and plate | B3: 1700 | C3: =B3/$B$5 -> 0.15602056 | D3: 1517 | E3: =D3/$B$5 -> 0.1392254 | F3: =1720*D3/SUM(D2:D3) -> 906.61571 | G3: =F3/$B$5 -> 0.083206287 | H3: =B3-D3 -> 183 | I3: =H3/$B$5 -> 0.016795154 | J3: 0 | K3: =J3/$B$5 -> 0 | L3: =B3-D3-J3 -> 183 | M3: =L3/$B$5 -> 0.016795154
A4: Foil | B4: 1340 | C4: =B4/$B$5 -> 0.12298091 | D4: 86 | E4: =D4/$B$5 -> 0.0078928047 | F4: 70 | G4: =F4/$B$5 -> 0.0064243759 | H4: =B4-D4 -> 1254 | I4: =H4/$B$5 -> 0.11508811 | J4: 0 | K4: =J4/$B$5 -> 0 | L4: =B4-D4-J4 -> 1254 | M4: =L4/$B$5 -> 0.11508811
A5: Total | B5: =SUM(B2:B4) -> 10896 | C5: =B5/$B$5 -> 1 | D5: =SUM(D2:D4) -> 2964 | E5: =D5/$B$5 -> 0.27202643 | F5: =SUM(F2:F4) -> 1790 | G5: =F5/$B$5 -> 0.16428047 | H5: =B5-D5 -> 7932 | I5: =H5/$B$5 -> 0.72797357 | J5: =SUM(J2:J4) -> 4022 | K5: =J5/$B$5 -> 0.36912628 | L5: =B5-D5-J5 -> 3910 | M5: =L5/$B$5 -> 0.35884728
E6: =E5-E4 -> 0.26413363 | M6: =M5-M4 -> 0.24375918
A7: Extrusion | B7: US_CA shipment | D7: Transportation | F7: Automotive | H7: Trans. Excluded | M7: =M6+K5+E6+C4 -> 1
A8: Extruded Shapes | B8: 3963 | C8: =B8/$B$11 -> 0.83837529 | D8: 1127 | E8: =D8/$B$11 -> 0.2384176 | F8: 352 | G8: =F8/$B$11 -> 0.074465835 | H8: =B8-D8 -> 2836 | I8: =H8/$B$11 -> 0.59995769
A9: Extruded Pipe & Tube | B9: 329 | C9: =B9/$B$11 -> 0.069600169 | D9: 115 | E9: =D9/$B$11 -> 0.024328327 | F9: 97 | G9: =F9/$B$11 -> 0.020520415 | H9: =B9-D9 -> 214 | I9: =H9/$B$11 -> 0.045271843
A10: Rod & Bar | B10: 435 | C10: =B10/$B$11 -> 0.09202454 | D10: 112 | E10: =D10/$B$11 -> 0.023693675 | F10: 59 | G10: =F10/$B$11 -> 0.012481489 | H10: =B10-D10 -> 323 | I10: =H10/$B$11 -> 0.068330865
A11: Total | B11: =SUM(B8:B10) -> 4727 | C11: =B11/$B$11 -> 1 | D11: =SUM(D8:D10) -> 1354 | E11: =D11/$B$11 -> 0.2864396 | F11: =SUM(F8:F10) -> 508 | G11: =F11/$B$11 -> 0.10746774 | H11: =B11-D11 -> 3373 | I11: =H11/$B$11 -> 0.7135604
A13: Wire/Cable | B13: US_CA shipment | D13: Transportation | F13: Automotive | H13: Trans. Excluded
A14: Bare wire | B14: 82 | C14: =B14/$B$17 -> 0.083844581 | D14: 18 | E14: =D14/$B$17 -> 0.018404908 | F14: 4 | G14: =F14/$F$17 -> 1 | H14: =B14-D14 -> 64 | I14: =H14/$B$17 -> 0.065439673
A15: ACSR & Bare Cable | B15: 460 | C15: =B15/$B$17 -> 0.47034765 | D15: 0 | E15: =D15/$B$17 -> 0 | F15: 0 | G15: =F15/$F$17 -> 0 | H15: =B15-D15 -> 460 | I15: =H15/$B$17 -> 0.47034765
A16: Insulated or Covered Wire & Cable | B16: 436 | C16: =B16/$B$17 -> 0.44580777 | D16: 0 | E16: =D16/$B$17 -> 0 | F16: 0 | G16: =F16/$F$17 -> 0 | H16: =B16-D16 -> 436 | I16: =H16/$B$17 -> 0.44580777
A17: Total | B17: =SUM(B14:B16) -> 978 | D17: =SUM(D14:D16) -> 18 | E17: =D17/$B$17 -> 0.018404908 | F17: =SUM(F14:F16) -> 4 | G17: =F17/$F$17 -> 1 | H17: =B17-D17 -> 960 | I17: =H17/$B$17 -> 0.98159509
A19: Foundry castings | B19: US_CA shipment | D19: Transportation | F19: Automotive | H19: Trans. Excluded
A20: Ingots | B20: 4685 | D20: 3057 | E20: =D20/B20 -> 0.652508 | F20: 2630 | G20: =F20/B20 -> 0.56136606 | H20: =B20-D20 -> 1628 | I20: =H20/B20 -> 0.347492
L24: NCNA Sheet&Foil
A25: Sheet Rolling | B25: Can sheet | C25: Auto sheet | D25: Foil sheet | E25: NCNA sheet | L25: =D27/(D27+E27)*D28+E27/(D27+E27)*E28 -> 1.4469096 | M25: kg-ingot/kg-sheet
A26: Efficiency | B26: ='Rolling (F1)'!AN15 -> 0.76335878 | C26: ='Rolling (F1)'!R82 -> 0.66220955 | D26: ='Rolling (F1)'!AD82 -> 0.65826024 | E26: ='Rolling (F1)'!F86 -> 0.70898856 | L26: =1/L25 -> 0.69112818 | M26: efficiency
A27: Mass Fraction | B27: =K5 -> 0.36912628 | C27: =E6 -> 0.26413363 | D27: =C4 -> 0.12298091 | E27: =M6 -> 0.24375918
A28: Conversion Factor | B28: =1/B26 -> 1.31 | C28: =1/C26 -> 1.510096 | D28: =1/D26 -> 1.519156 | E28: =1/E26 -> 1.41046 | F28: =SUMPRODUCT(B27:E27,B28:E28) -> 1.4130623 | G28: F1 conversion factor: kg-ingot/kg-semi
A29: kg-alloy/kg-sheet-mix | B29: =$K29*B27*B28 -> 0.48355543 | C29: =$K29*C27*C28 -> 0.39886713 | D29: =$K29*D27*D28 -> 0.18682719 | E29: =$K29*E27*E28 -> 0.34381257 | F29: =SUM(B29:E29) -> 1.4130623 | G29: kg ingot required to produce 1 kg sheet porfolio | K29: 1
A30: Alloy Consumption % | B30: =B29/$F$29 -> 0.3422039 | C30: =C29/$F$29 -> 0.28227144 | D30: =D29/$F$29 -> 0.1322144 | E30: =E29/$F$29 -> 0.24331027
A32: Rolling Ingots | B32: Can sheet | C32: Auto sheet | D32: Foil sheet | E32: NCNA sheet
A33: Alloy Consumption Ratio | B33: =B29/$F$29 -> 0.3422039 | C33: =C29/$F$29 -> 0.28227144 | D33: =D29/$F$29 -> 0.1322144 | E33: =E29/$F$29 -> 0.24331027 | F33: =SUM(B33:E33) -> 1 | K33: =SUMPRODUCT(B33:E33,B26:E26) -> 0.70768287 | L33: F1 efficiency: kg-semi/kg-ingot
A34: kg-sweetener/kg-alloy | B34: ='Rolling (F1)'!AN24 -> 0.21578947 | C34: ='Rolling (F1)'!V80 -> 0.22117799 | D34: ='Rolling (F1)'!AH80 -> 0.18337525 | E34: ='Rolling (F1)'!J84 -> 0.18342976 | F34: =SUMPRODUCT(B33:E33,B34:E34) -> 0.20515142 | G34: kg sweet/kg ingot | K34: =1/F28 -> 0.70768287 | L34: F1 efficiency: kg-semi/kg-ingot
A35: kg-sweetener/kg-alloy-mix | B35: =B33*B34 -> 0.073843999 | C35: =C33*C34 -> 0.06243223 | D35: =D33*D34 -> 0.024244849 | E35: =E33*E34 -> 0.044630345 | F35: =SUM(B35:E35) -> 0.20515142
A37: MJ-del per kg Alloys Consumed | B37: Can sheet | C37: Auto sheet | D37: Foil sheet | E37: NCNA sheet | F37: Aggregate | G37: omega_i^p
A38: Fuel | B38: ='Rolling (F1)'!AN17/'Rolling (F1)'!AN13 -> 2.2214924 | C38: ='Rolling (F1)'!R84/'Rolling (F1)'!R80 -> 1.5320307 | D38: ='Rolling (F1)'!AD84/'Rolling (F1)'!AD80 -> 2.8631707 | E38: ='Rolling (F1)'!F88/'Rolling (F1)'!F84 -> 1.9540156 | F38: =SUMPRODUCT(B33:E33,B38:E38) -> 2.0466363 | G38: =F38/F40 -> 0.48209845 | H38: Fuel ratio
A39: Electricity | B39: ='Rolling (F1)'!AN18/'Rolling (F1)'!AN13 -> 1.0992366 | C39: ='Rolling (F1)'!R85/'Rolling (F1)'!R80 -> 2.4749273 | D39: ='Rolling (F1)'!AD85/'Rolling (F1)'!AD80 -> 3.9500861 | E39: ='Rolling (F1)'!F89/'Rolling (F1)'!F84 -> 2.4725935 | F39: =SUMPRODUCT(B33:E33,B39:E39) -> 2.19863 | G39: =F39/F40 -> 0.51790155
A40: Total | B40: =SUM(B38:B39) -> 3.320729 | C40: =SUM(C38:C39) -> 4.006958 | D40: =SUM(D38:D39) -> 6.8132568 | E40: =SUM(E38:E39) -> 4.4266091 | F40: =SUM(F38:F39) -> 4.2452663 | G40: =G38+G39 -> 1
B41: ='Rolling (F1)'!AN21 -> 3.320729 | C41: ='Rolling (F1)'!R88 -> 4.006958 | D41: ='Rolling (F1)'!AD88 -> 6.8132568 | E41: ='Rolling (F1)'!F92 -> 4.4266091 | F41: =SUMPRODUCT(B33:E33,B41:E41) -> 4.2452663 | G41: MJ-del/kg ingot
A43: kg CO2e per kg Alloys Consumed | B43: Can sheet | C43: Auto sheet | D43: Foil sheet | E43: NCNA sheet | F43: Aggregate
A44: Fuel | B44: =B38*$H$44 -> 0.15328297 | C44: =C38*$H$44 -> 0.10571012 | D44: =D38*$H$44 -> 0.19755878 | E44: =E38*$H$44 -> 0.13482708 | F44: =F41*G38*H44 -> 0.1412179 | H44: =0.069 -> 0.069 | I44: kg CO2/MJ-Delivered by NG
A45: Electricity | B45: =$H$45*B39 -> 0.13432672 | C45: =$H$45*C39 -> 0.30243612 | D45: =$H$45*D39 -> 0.48270052 | E45: =$H$45*E39 -> 0.30215093 | F45: =F41*G39*H45 -> 0.26867259 | H45: 0.1222 | I45: kg CO2/MJ-Delivered by Electricity
A46: Total | B46: =SUM(B44:B45) -> 0.28760969 | C46: =SUM(C44:C45) -> 0.40814624 | D46: =SUM(D44:D45) -> 0.6802593 | E46: =SUM(E44:E45) -> 0.43697801 | F46: =SUMPRODUCT(B33:E33,B46:E46) -> 0.40989049 | G46: =SUM(F44:F45) -> 0.40989049
A47: Reference | B47: ='Rolling (F1)'!AN29 -> 0.35650221 | C47: ='Rolling (F1)'!R91 -> 0.40814624 | D47: ='Rolling (F1)'!AD91 -> 0.6802593 | E47: ='Rolling (F1)'!F95 -> 0.43697801 | F47: =SUMPRODUCT(B33:E33,B47:E47) -> 0.43346578
A51: Extrusions | B51: Extrusions | C51: Auto extrusions
A52: Efficiency | B52: ='Extrusion (F2)'!F73 -> 0.73855244 | C52: ='Extrusion (F2)'!S73 -> 0.73855244 | D52: =SUM(B53:C53) -> 1
A53: Mass Fraction | B53: =I11 -> 0.7135604 | C53: =E11 -> 0.2864396
A54: Conversion Factor | B54: =1/B52 -> 1.354 | C54: =1/C52 -> 1.354 | D54: =SUMPRODUCT(B53:C53,B54:C54) -> 1.354 | E54: F2 conversion factor: kg-ingot/kg-semi | H54: 1
A55: kg-alloy/kg-extrusion-mix | B55: =H54*B54*B53 -> 0.96616078 | C55: =H54*C54*C53 -> 0.38783922 | D55: =SUM(B55:C55) -> 1.354 | E55: kg ingot required to produce 1 kg extrusion portfolio
A56: Alloy Consumption Ratio | B56: =B55/D55 -> 0.7135604 | C56: =C55/D55 -> 0.2864396
A58: Extrusion Ingots | B58: Extrusions | C58: Auto extrusions
A59: Alloy Consumption % | B59: =B55/D55 -> 0.7135604 | C59: =C55/D55 -> 0.2864396 | D59: =SUM(B59:C59) -> 1 | H59: =SUMPRODUCT(B52:C52,B59:C59) -> 0.73855244 | I59: F2 efficiency: kg-semi/kg-ingot
A60: Primary/kg-alloy | B60: ='Extrusion (F2)'!I71 -> 0.39881832 | C60: ='Extrusion (F2)'!V71 -> 0.27548006 | D60: =SUMPRODUCT(B59:C59,B60:C60) -> 0.36348935 | E60: kg primary/kg ingot | H60: =1/D54 -> 0.73855244 | I60: F2 efficiency: kg-semi/kg-ingot
A61: Primary/kg-alloy-mix | B61: =B59*B60 -> 0.28458096 | C61: =C59*C60 -> 0.078908399 | D61: =SUM(B61:C61) -> 0.36348935
A63: MJ-del per kg Alloys Consumed | B63: Extrusions | C63: Auto extrusions
A64: Fuel | B64: ='Extrusion (F2)'!F75/'Extrusion (F2)'!F71 -> 3.1080957 | C64: ='Extrusion (F2)'!S75/'Extrusion (F2)'!S71 -> 3.1080957 | D64: =SUMPRODUCT(B59:C59,B64:C64) -> 3.1080957 | E64: =D64/D66 -> 0.52689956 | F64: Fuel ratio
A65: Electricity | B65: ='Extrusion (F2)'!F76/'Extrusion (F2)'!F71 -> 2.7907434 | C65: ='Extrusion (F2)'!S76/'Extrusion (F2)'!S71 -> 2.7907434 | D65: =SUMPRODUCT(B59:C59,B65:C65) -> 2.7907434 | E65: =D65/D66 -> 0.47310044
A66: Total | B66: =SUM(B64:B65) -> 5.8988391 | C66: =SUM(C64:C65) -> 5.8988391 | D66: =SUM(D64:D65) -> 5.8988391
B67: ='Extrusion (F2)'!F79 -> 5.8988391 | C67: ='Extrusion (F2)'!S79 -> 5.8988391 | D67: =SUMPRODUCT(B59:C59,B67:C67) -> 5.8988391 | E67: MJ-del/kg ingot
A69: kg CO2e per kg Alloys Consumed | B69: Extrusions | C69: Auto extrusions
A70: Fuel | B70: =B64*$F$70 -> 0.21445861 | C70: =C64*$F$70 -> 0.21445861 | D70: =D67*E64*F70 -> 0.21445861 | F70: =0.069 -> 0.069 | G70: kg CO2/MJ-Delivered by NG
A71: Electricity | B71: =B65*$F$71 -> 0.34102884 | C71: =C65*$F$71 -> 0.34102884 | D71: =D67*E65*F71 -> 0.34102884 | F71: 0.1222 | G71: kg CO2/MJ-Delivered by Electricity
A72: Total | B72: =SUM(B70:B71) -> 0.55548744 | C72: =SUM(C70:C71) -> 0.55548744 | D72: =SUMPRODUCT(B59:C59,B72:C72) -> 0.55548744 | E72: =SUM(D70:D71) -> 0.55548744
A73: Reference | B73: ='Extrusion (F2)'!F82 -> 0.55548744 | C73: ='Extrusion (F2)'!S82 -> 0.55548744 | D73: =SUMPRODUCT(B59:C59,B73:C73) -> 0.55548744 | E73: =(D72=D73) -> TRUE
A76: Summary
A77: Sheet Category | B77: Can | C77: Auto | D77: Foil | E77: General | F77: Aggregate
A78: Alloy Consumption % | B78: =B33 -> 0.3422039 | C78: =C33 -> 0.28227144 | D78: =D33 -> 0.1322144 | E78: =E33 -> 0.24331027 | F78: =F33 -> 1 | G78: omega_i^p
A79: Fuel (MJ-Del/kg-Alloy) | B79: =B38 -> 2.2214924 | C79: =C38 -> 1.5320307 | D79: =D38 -> 2.8631707 | E79: =E38 -> 1.9540156 | F79: =F38 -> 2.0466363 | G79: =G38 -> 0.48209845
A80: Electricity (MJ-Del/kg-Alloy) | B80: =B39 -> 1.0992366 | C80: =C39 -> 2.4749273 | D80: =D39 -> 3.9500861 | E80: =E39 -> 2.4725935 | F80: =F39 -> 2.19863 | G80: =G39 -> 0.51790155
A81: Energy Intensity (MJ-Del/kg-in) | B81: =B40 -> 3.320729 | C81: =C40 -> 4.006958 | D81: =D40 -> 6.8132568 | E81: =E40 -> 4.4266091 | F81: =F40 -> 4.2452663
F82: =SUMPRODUCT(B78:E78,B81:E81) -> 4.2452663

Sheet demand
A1: Year | B1: P1 | C1: P2 | D1: P3 | E1: P4 | F1: P5 | G1: P6 | H1: P7 | I1: P8 | J1: Total
A2: 1967 | B2: 784.07265 | C2: 317.05374 | D2: 235.24444 | E2: 335.20267 | F2: 528.93541 | G2: 233.45615 | H2: 342.03864 | I2: 438.23041 | J2: =SUM(B2:I2) -> 3214.2341
A3: 1968 | B3: 924.97814 | C3: 341.04412 | D3: 285.74841 | E3: 395.85421 | F3: 555.2543 | G3: 253.6085 | H3: 403.08981 | I3: 472.25304 | J3: =SUM(B3:I3) -> 3631.8305
A4: 1969 | B4: 970.40834 | C4: 334.21433 | D4: 297.75405 | E4: 424.7926 | F4: 602.70602 | G4: 259.93322 | H4: 467.69862 | I4: 464.89076 | J4: =SUM(B4:I4) -> 3822.3979
A5: 1970 | B5: 913.86104 | C5: 278.05346 | D5: 187.3919 | E5: 371.38589 | F5: 572.27381 | G5: 212.42752 | H5: 572.26463 | I5: 339.81088 | J5: =SUM(B5:I5) -> 3447.4691
A6: 1971 | B6: 1132.3849 | C6: 349.10394 | D6: 221.91677 | E6: 388.75672 | F6: 600.7355 | G6: 224.63672 | H6: 590.88814 | I6: 315.69793 | J6: =SUM(B6:I6) -> 3824.1206
A7: 1972 | B7: 1294.1625 | C7: 413.91762 | D7: 335.47451 | E7: 452.62172 | F7: 646.13999 | G7: 263.57575 | H7: 704.17368 | I7: 360.88694 | J7: =SUM(B7:I7) -> 4470.9527
A8: 1973 | B8: 1464.9034 | C8: 531.81544 | D8: 459.43622 | E8: 539.11009 | F8: 779.10744 | G8: 338.5745 | H8: 799.78787 | I8: 381.73795 | J8: =SUM(B8:I8) -> 5294.4729
A9: 1974 | B9: 1270.9604 | C9: 374.87197 | D9: 427.82979 | E9: 465.13203 | F9: 773.43785 | G9: 367.79377 | H9: 878.59299 | I9: 325.4227 | J9: =SUM(B9:I9) -> 4884.0415
A10: 1975 | B10: 893.52323 | C10: 314.68124 | D10: 210.25751 | E10: 309.02587 | F10: 515.46888 | G10: 204.44317 | H10: 774.6678 | I10: 237.12894 | J10: =SUM(B10:I10) -> 3459.1966
A11: 1976 | B11: 1126.1665 | C11: 480.35666 | D11: 347.61445 | E11: 421.38912 | F11: 532.63597 | G11: 303.22363 | H11: 992.64334 | I11: 259.19464 | J11: =SUM(B11:I11) -> 4463.2243
A12: 1977 | B12: 1188.9535 | C12: 551.5967 | D12: 431.88128 | E12: 430.29859 | F12: 569.25192 | G12: 306.06411 | H12: 1065.5067 | I12: 260.91758 | J12: =SUM(B12:I12) -> 4804.4704
A13: 1978 | B13: 1254.7147 | C13: 413.84352 | D13: 505.13104 | E13: 476.01414 | F13: 628.66355 | G13: 352.02928 | H13: 1202.5668 | I13: 287.7144 | J13: =SUM(B13:I13) -> 5120.6773
... A55: 2020 | B55: 1421.1592 | C55: 1677.2116 | D55: 891.96483 | E55: 1424.8421 | F55: 927.32104 | G55: 709.19817 | H55: 1699.8395 | I55: 271.29741 | J55: =SUM(B55:I55) -> 9022.8338

Sheet scrap
A1: Year | B1: P1 | C1: P2 | D1: P3 | E1: P4 | F1: P5 | G1: P6 | H1: P7 | I1: P8 | J1: Total
A2: 1967 | B2: 0 | C2: 0 | D2: 0 | E2: 0 | F2: 0 | G2: 0 | H2: 336.15143 | I2: 0 | J2: =SUM(B2:I2) -> 336.15143
A3: 1968 | B3: 1.2225944 | C3: 0 | D3: 0.091009428 | E3: 0.28445933 | F3: 0.60389545 | G3: 0.33621624 | H3: 397.18017 | I3: 0.15359332 | J3: =SUM(B3:I3) -> 399.87194
A4: 1969 | B4: 1.4629069 | C4: 0.14628859 | D4: 0.13353197 | E4: 0.51166715 | F4: 0.78507917 | G4: 0.43838653 | H4: 461.78468 | I4: 0.21876132 | J4: =SUM(B4:I4) -> 465.4813
A5: 1970 | B5: 1.6174106 | C5: 1.0593862 | D5: 0.16443182 | E5: 0.85333071 | F5: 0.93559499 | G5: 0.51031311 | H5: 562.27267 | I5: 0.28234911 | J5: =SUM(B5:I5) -> 567.69548
A6: 1971 | B6: 2.1132258 | C6: 4.0284405 | D6: 0.23897754 | E6: 1.4289917 | F6: 1.1680223 | G6: 0.66006951 | H6: 581.80336 | I6: 0.39115398 | J6: =SUM(B6:I6) -> 591.83225
A7: 1972 | B7: 2.6136188 | C7: 10.321693 | D7: 0.35937089 | E7: 2.3491687 | F7: 1.4622621 | G7: 0.87378279 | H7: 695.0889 | I7: 0.55417561 | J7: =SUM(B7:I7) -> 713.62298
A8: 1973 | B8: 3.1952744 | C8: 20.699543 | D8: 0.52666827 | E8: 3.7643818 | F8: 1.8927674 | G8: 1.1766746 | H8: 787.98155 | I8: 0.76890547 | J8: =SUM(B8:I8) -> 820.00576
A9: 1974 | B9: 3.4312128 | C9: 35.234777 | D9: 0.71776446 | E9: 5.8032689 | F9: 2.2867238 | G9: 1.5047335 | H9: 868.14313 | I9: 1.0381324 | J9: =SUM(B9:I9) -> 918.15974
A10: 1975 | B10: 3.4773383 | C10: 53.808558 | D10: 0.92815269 | E10: 8.7023438 | F10: 2.5294553 | G10: 1.7057159 | H10: 770.12326 | I10: 1.3843496 | J10: =SUM(B10:I10) -> 842.65917
A11: 1976 | B11: 4.2301634 | C11: 75.974516 | D11: 1.2814054 | E11: 12.861055 | F11: 3.0486815 | G11: 2.2106834 | H11: 987.17868 | I11: 1.8583881 | J11: =SUM(B11:I11) -> 1088.6436
A12: 1977 | B12: 4.8849984 | C12: 100.92391 | D12: 1.7324702 | E12: 18.50179 | F12: 3.6761128 | G12: 2.7258928 | H12: 1061.4028 | I12: 2.4659007 | J12: =SUM(B12:I12) -> 1196.3139
A13: 1978 | B13: 5.6250938 | C13: 127.7229 | D13: 2.3145531 | E13: 26.005351 | F13: 4.4319331 | G13: 3.3880638 | H13: 1197.5384 | I13: 3.2474586 | J13: =SUM(B13:I13) -> 1370.2738
... A85: 2050 | B85: 863.27894 | C85: 2005.0246 | D85: 996.71824 | E85: 1624.731 | F85: 705.72176 | G85: 597.88585 | H85: 1700.0077 | I85: 280.02729 | J85: =SUM(B85:I85) -> 8773.3954

Sheet import CF
D1: 212000 | E1: 115000 | F1: 82550 | G1: =SUM(D1:F1) -> 409550 | L1: kg CO2e/kg-semi | M1: Sheet subcategories | O1: RNA | P1: Canada | Q1: China | R1: RME | S1: Aggregate | T1: Source: https://international-aluminium.org/statistics/greenhouse-gas-emissions-primary-aluminium/?publication=greenhouse-gas-emissions-intensity-primary-aluminium | U1: year | V1: primary_ctg | X1: Year | Y1: primary_ratio | Z1: secondary_ratio
C2: Cradle-to-gate | D2: =D1/G1 -> 0.51764131 | E2: =E1/G1 -> 0.280796 | F2: =F1/G1 -> 0.20156269 | G2: =SUM(D2:F2) -> 1 | M2: Non-Auto Sheet | N2: =Deformation!B27+Deformation!E27 -> 0.61288546 | O2: =3978.32/1000 -> 3.97832 | P2: 3 | Q2: 7.3 | R2: 4.8 | S2: =SUMPRODUCT($D$2:$F$2,P2:R2) -> 4.5702356 | U2: 2005 | V2: 16.9 | X2: 2020 | Y2: 0.66 | Z2: =1-Y2 -> 0.34
A3: Received | B3: Semi-product | C3: kg CO2/kg-out US | D3: Canada | E3: China | F3: RME | G3: kg CO2e/kg-import | I3: CF import/US | J3: % | M3: Foil | N3: =Deformation!D27 -> 0.12298091 | O3: =4653.41/1000 -> 4.65341 | P3: 3.6 | Q3: 8.2 | R3: 5.7 | S3: =SUMPRODUCT($D$2:$F$2,P3:R3) -> 5.3149432 | U3: 2006 | V3: 17.7 | X3: 2021 | Y3: =Y2+($Y$33-$Y$2)/30 -> 0.655 | Z3: =1-Y3 -> 0.345
A4: 10896 | B4: Sheet | C4: =SUMPRODUCT($N2:$N4,O2:O4) -> 5.0561946 | D4: =SUMPRODUCT($N2:$N4,P2:P4) -> 3.6020558 | E4: =SUMPRODUCT($N2:$N4,Q2:Q4) -> 9.8935389 | F4: =SUMPRODUCT($N2:$N4,R2:R4) -> 6.3370044 | G4: =SUMPRODUCT(D$2:F$2,D4:F4) -> 5.9199427 | I4: =G4/C4 -> 1.1708297 | J4: =A4/SUM($A$4:$A$7) -> 0.64275602 | M4: Auto Sheet | N4: =Deformation!C27 -> 0.26413363 | O4: =7744.79/1000 -> 7.74479 | P4: 5 | Q4: 16.7 | R4: 10.2 | S4: =SUMPRODUCT($D$2:$F$2,P4:R4) -> 9.3334391 | U4: 2007 | V4: 18 | X4: 2022 | Y4: =Y3+($Y$33-$Y$2)/30 -> 0.65 | Z4: =1-Y4 -> 0.35
A5: 4727 | B5: Extrusions | C5: =SUMPRODUCT($N8:$N9,O8:O9) -> 5.7910682 | D5: =SUMPRODUCT($N8:$N9,P8:P9) -> 3.8994923 | E5: =SUMPRODUCT($N8:$N9,Q8:Q9) -> 11.383393 | F5: =SUMPRODUCT($N8:$N9,R8:R9) -> 7.4271208 | G5: =SUMPRODUCT(D$2:F$2,D5:F5) -> 6.71198 | I5: =G5/C5 -> 1.1590228 | J5: =A5/SUM($A$4:$A$7) -> 0.27884615 | U5: 2008 | V5: 17.7 | X5: 2023 | Y5: =Y4+($Y$33-$Y$2)/30 -> 0.645 | Z5: =1-Y5 -> 0.355
A6: 978 | B6: Cable | C6: =C5 -> 5.7910682 | D6: =D5 -> 3.8994923 | E6: =E5 -> 11.383393 | F6: =F5 -> 7.4271208 | G6: =SUMPRODUCT(D$2:F$2,D6:F6) -> 6.71198 | I6: =G6/C6 -> 1.1590228 | J6: =A6/SUM($A$4:$A$7) -> 0.057692308 | U6: 2009 | V6: 17.3 | X6: 2024 | Y6: =Y5+($Y$33-$Y$2)/30 -> 0.64 | Z6: =1-Y6 -> 0.36
A7: 351 | B7: Forging | C7: =C4 -> 5.0561946 | D7: =D4 -> 3.6020558 | E7: =E4 -> 9.8935389 | F7: =F4 -> 6.3370044 | G7: =SUMPRODUCT(D$2:F$2,D7:F7) -> 5.9199427 | I7: =G7/C7 -> 1.1708297 | J7: =A7/SUM($A$4:$A$7) -> 0.020705521 | L7: kg CO2e/kg-semi | M7: Extrusion subcategory | O7: RNA | P7: Canada | Q7: China | R7: RME | S7: Aggregate | U7: 2010 | V7: 17.1 | X7: 2025 | Y7: =Y6+($Y$33-$Y$2)/30 -> 0.635 | Z7: =1-Y7 -> 0.365
A8: 4685 | B8: Shape Castings | C8: =2898.98/1000 -> 2.89898 | D8: =2.3 -> 2.3 | E8: 4.5 | F8: 3.2 | G8: =SUMPRODUCT(D$2:F$2,D8:F8) -> 3.0991576 | I8: =G8/C8 -> 1.069051 | M8: Non-Auto Extrusion | N8: =Deformation!B53 -> 0.7135604 | O8: =6213.22/1000 -> 6.21322 | P8: 4.1 | Q8: 12.3 | R8: =8 -> 8 | S8: =SUMPRODUCT($D$2:$F$2,P8:R8) -> 7.1886217 | U8: 2011 | V8: 16.9 | X8: 2026 | Y8: =Y7+($Y$33-$Y$2)/30 -> 0.63 | Z8: =1-Y8 -> 0.37
C9: =SUMPRODUCT(A4:A8,C4:C8)/SUM(A4:A8) -> 4.782862 | D9: =SUMPRODUCT(A4:A8,D4:D8)/SUM(A4:A8) -> 3.3985499 | M9: Auto Extrusion | N9: =Deformation!C53 -> 0.2864396 | O9: =4739.43/1000 -> 4.73943 | P9: 3.4 | Q9: 9.1 | R9: =6 -> 6 | S9: =SUMPRODUCT($D$2:$F$2,P9:R9) -> 5.5246002 | U9: 2012 | V9: 17.4 | X9: 2027 | Y9: =Y8+($Y$33-$Y$2)/30 -> 0.625 | Z9: =1-Y9 -> 0.375
C10: CA/US | D10: =D9/C9 -> 0.71056826 | U10: 2013 | V10: 17.2 | X10: 2028 | Y10: =Y9+($Y$33-$Y$2)/30 -> 0.62 | Z10: =1-Y10 -> 0.38
U11: 2014 | V11: 17.3 | X11: 2029 | Y11: =Y10+($Y$33-$Y$2)/30 -> 0.615 | Z11: =1-Y11 -> 0.385
J12: Primary Metal | U12: 2015 | V12: 16.2 | X12: 2030 | Y12: =Y11+($Y$33-$Y$2)/30 -> 0.61 | Z12: =1-Y12 -> 0.39
J13: 0.37499075 | K13: Domestic% | L13: =J14+J15 -> 0.62500925 | M13: Import % | U13: 2016 | V13: 16.1 | X13: 2031 | Y13: =Y12+($Y$33-$Y$2)/30 -> 0.605 | Z13: =1-Y13 -> 0.395
C14: Attributed gate-to-gate kg CO2 | F14: Import Cradle-to-Gate | J14: =0.812-J13 -> 0.43700925 | K14: Canada % | L14: =J14/L13 -> 0.69920445 | M14: Canada/Import | U14: 2017 | V14: 16.1 | X14: 2032 | Y14: =Y13+($Y$33-$Y$2)/30 -> 0.6 | Z14: =1-Y14 -> 0.4
A15: Category | B15: Production Process | C15: Per Ingot/Metal | D15: Per kg Alumina | E15: Per kg Bauxite | F15: kg CO2e/kg-feedstock | H15: Feedstock for | J15: =1-J13-J14 -> 0.188 | K15: ROW | L15: =J15/L13 -> 0.30079555 | M15: ROW/Import | U15: 2018 | V15: 16.1 | X15: 2033 | Y15: =Y14+($Y$33-$Y$2)/30 -> 0.595 | Z15: =1-Y15 -> 0.405
A16: Bauxite | B16: Mining | C16: =48.49/1000 -> 0.04849 | D16: =C16*H26 -> 0.047778937 | E16: =D16*G26 -> 0.045290477 | F16: =E16 -> 0.045290477 | G16: kgCO2e/kg-Bauxite | H16: M (Bayer) | J16: =8455.31/1000 -> 8.45531 | K16: NA primary ingot ctg | U16: 2019 | V16: 16.8 | X16: 2034 | Y16: =Y15+($Y$33-$Y$2)/30 -> 0.59 | Z16: =1-Y16 -> 0.41
A17: Alumina | B17: M (Bayer) | C17: =2801.58/1000 -> 2.80158 | D17: =C17*H26 -> 2.7604973 | E17: =D17*G26 -> 2.6167229 | F17: =D16+C30 -> 3.8272016 | G17: kgCO2e/kg-Alumina | H17: E (Electrolysis) | J17: =V17 -> 16.4 | K17: ROW primary ingot ctg | U17: 2020 | V17: 16.4 | X17: 2035 | Y17: =Y16+($Y$33-$Y$2)/30 -> 0.585 | Z17: =1-Y17 -> 0.415 | AA17: Source: https://link.springer.com/article/10.1007/s13563-023-00413-y
A18: Primary metal | B18: E (Electrolysis) | C18: =5489.62/1000 -> 5.48962 | D18: =C18*H26 -> 5.4091196 | E18: =D18*G26 -> 5.1273976 | F18: =J16*K20 -> 10.845037 | G18: kgCO2e/kg-metal | H18: C (Wrought Casting), R1 & R2 (recycling) | U18: 2021 | V18: 15.8 | X18: 2036 | Y18: =Y17+($Y$33-$Y$2)/30 -> 0.58 | Z18: =1-Y18 -> 0.42
C19: =SUM(C16:C18) -> 8.33969 | K19: CF import/US | U19: 2022 | V19: 15.1 | X19: 2037 | Y19: =Y18+($Y$33-$Y$2)/30 -> 0.575 | Z19: =1-Y19 -> 0.425
D20: US ctg kg CO2/kg-out | E20: kg CO2e/kg-import | J20: Primary | K20: =1*L14+J17/J16*L15 -> 1.2826304 | L20: =L14*J16+L15*J17 -> 10.845037 | U20: 2023 | V20: 14.8 | X20: 2038 | Y20: =Y19+($Y$33-$Y$2)/30 -> 0.57 | Z20: =1-Y20 -> 0.43
A21: Wrought ingot | B21: C1 (E, R1) | C21: =115.62/1000 -> 0.11562 | D21: 3.671 | E21: =D21*K21 -> 4.2835291 | F21: kgCO2e/kg-Wrought ingot | G21: Deformation (F1 - F4) | J21: Wrought | K21: =SUMPRODUCT(J4:J7,I4:I7) -> 1.1668562 | X21: 2039 | Y21: =Y20+($Y$33-$Y$2)/30 -> 0.565 | Z21: =1-Y21 -> 0.435
A22: Foundry ingot | B22: C2 (R2) | C22: =C21 -> 0.11562 | D22: 2.155 | E22: =D22*K22 -> 2.303805 | F22: kgCO2e/kg-Foundry ingot | G22: Shape casting (SC1-SC3) | J22: Foundry | K22: =I8 -> 1.069051 | X22: 2040 | Y22: =Y21+($Y$33-$Y$2)/30 -> 0.56 | Z22: =1-Y22 -> 0.44
X23: 2041 | Y23: =Y22+($Y$33-$Y$2)/30 -> 0.555 | Z23: =1-Y23 -> 0.445
X24: 2042 | Y24: =Y23+($Y$33-$Y$2)/30 -> 0.55 | Z24: =1-Y24 -> 0.45
C25: =C17*H26 -> 2.7604973 | D25: kg CO2e/kg-Alumina Consumed in the U.S. (Al content) | G25: Bayer efficiency | H25: Electrolysis efficiency | X25: 2043 | Y25: =Y24+($Y$33-$Y$2)/30 -> 0.545 | Z25: =1-Y25 -> 0.455
C26: 1.447 | D26: C_B: US Bayer gtg kg CO2e/kg-in | G26: ='Mining and Bayer'!Q35 -> 0.94791722 | H26: =Electrolysis!F46 -> 0.98533588 | I26: kg-ingot/kg-Alumina (Al content) | X26: 2044 | Y26: =Y25+($Y$33-$Y$2)/30 -> 0.54 | Z26: =1-Y26 -> 0.46
C27: =C26/G26 -> 1.5265046 | D27: C_B': US Bayer gtg kg CO2e/kg-out | H27: =G26*H26 -> 0.93401685 | I27: kg-ingot/kg-Bauxite (Al content) | X27: 2045 | Y27: =Y26+($Y$33-$Y$2)/30 -> 0.535 | Z27: =1-Y27 -> 0.465
C28: =867/1917 -> 0.45226917 | D28: Domestic Alumina feedstock % for Electrolysis | X28: 2046 | Y28: =Y27+($Y$33-$Y$2)/30 -> 0.53 | Z28: =1-Y28 -> 0.47
C29: =(C25-C27*C28)/(C27*(1-C28)) -> 2.4758672 | D29: Bayer CF import vs US | X29: 2047 | Y29: =Y28+($Y$33-$Y$2)/30 -> 0.525 | Z29: =1-Y29 -> 0.475
C30: =C27*C29 -> 3.7794227 | D30: Global Bayer gtg kg CO2e/kg-out | X30: 2048 | Y30: =Y29+($Y$33-$Y$2)/30 -> 0.52 | Z30: =1-Y30 -> 0.48
X31: 2049 | Y31: =Y30+($Y$33-$Y$2)/30 -> 0.515 | Z31: =1-Y31 -> 0.485
X32: 2050 | Y32: =Y31+($Y$33-$Y$2)/30 -> 0.51 | Z32: =1-Y32 -> 0.49
Y33: 0.51 | Z33: =1-Y33 -> 0.49
K34: Domestic | L34: Import
A35: Semi Category | B35: U.S. | C35: Canada | D35: China | E35: Middle East | F35: Aggregate Import | H35: Feedstock | I35: Produced by | J35: Consumed by | K35: kg CO2e/kg-Al | L35: kg CO2e/kg-Al
C36: =D2 -> 0.51764131 | D36: =E2 -> 0.280796 | E36: =F2 -> 0.20156269 | H36: Bauxite | I36: M | J36: B | K36: =E16 -> 0.045290477 | L36: =F16 -> 0.045290477
A37: =M2 & " (" & TEXT(N2, "0.0%") & ")" -> Non-Auto Sheet (61.3%) | B37: =O2 -> 3.97832 | C37: =P2 -> 3 | D37: =Q2 -> 7.3 | E37: =R2 -> 4.8 | F37: =S2 -> 4.5702356 | H37: Alumina | I37: B | J37: E | K37: 1.5741144 | L37: =F17 -> 3.8272016
A38: =M3 & " (" & TEXT(N3, "0.0%") & ")" -> Foil (12.3%) | B38: =O3 -> 4.65341 | C38: =P3 -> 3.6 | D38: =Q3 -> 8.2 | E38: =R3 -> 5.7 | F38: =S3 -> 5.3149432 | H38: Primary metal | I38: E | J38: C1, C2, R1, R2 | K38: 8.5138831 | L38: =F18 -> 10.845037
A39: =M4 & " (" & TEXT(N4, "0.0%") & ")" -> Auto Sheet (26.4%) | B39: =O4 -> 7.74479 | C39: =P4 -> 5 | D39: =Q4 -> 16.7 | E39: =R4 -> 10.2 | F39: =S4 -> 9.3334391 | H39: Remelted metal | I39: R1 | J39: C1 | K39: 2.8477708 | L39: N/A
A40: Sheets (Aggregate) | B40: =C4 -> 5.0561946 | C40: =D4 -> 3.6020558 | D40: =E4 -> 9.8935389 | E40: =F4 -> 6.3370044 | F40: =G4 -> 5.9199427 | H40: Recycled metal | I40: R2 | J40: C2 | K40: 1.0793315 | L40: N/A
A41: =M8 & " (" & TEXT(N8, "0.0%") & ")" -> Non-Auto Extrusion (71.4%) | B41: =O8 -> 6.21322 | C41: =P8 -> 4.1 | D41: =Q8 -> 12.3 | E41: =R8 -> 8 | F41: =S8 -> 7.1886217 | H41: Wrought alloys | I41: C1 | J41: F1 – F4 | K41: 3.6710757 | L41: =E21 -> 4.2835291
A42: =M9 & " (" & TEXT(N9, "0.0%") & ")" -> Auto Extrusion (28.6%) | B42: =O9 -> 4.73943 | C42: =P9 -> 3.4 | D42: =Q9 -> 9.1 | E42: =R9 -> 6 | F42: =S9 -> 5.5246002 | H42: Foundry alloys | I42: C2 | J42: SC1 – SC3 | K42: 2.1550045 | L42: =E22 -> 2.303805
A43: Extrusions (Aggregate) | B43: =C5 -> 5.7910682 | C43: =D5 -> 3.8994923 | D43: =E5 -> 11.383393 | E43: =F5 -> 7.4271208 | F43: =G5 -> 6.71198
A44: Wire and Cable | B44: =C6 -> 5.7910682 | C44: =D6 -> 3.8994923 | D44: =E6 -> 11.383393 | E44: =F6 -> 7.4271208 | F44: =G6 -> 6.71198
A45: Forgings | B45: =C7 -> 5.0561946 | C45: =D7 -> 3.6020558 | D45: =E7 -> 9.8935389 | E45: =F7 -> 6.3370044 | F45: =G7 -> 5.9199427
A46: Shape Castings | B46: =C8 -> 2.89898 | C46: =D8 -> 2.3 | D46: =E8 -> 4.5 | E46: =F8 -> 3.2 | F46: =G8 -> 3.0991576

Sheet Data Export
A1: Index | B1: Process | C1: Efficiency | D1: kg primary/kg-ingot | E1: kg sweetener/kg-ingot | F1: CF Ref | G1: MJ_per_kg_in | H1: NG_ratio
A2: F1 | B2: Rolling | C2: =Deformation!K33 -> 0.70768287 | D2: N.A. | E2: =Deformation!F34 -> 0.20515142 | F2: =Deformation!F46 -> 0.40989049 | G2: =Deformation!F41 -> 4.2452663 | H2: =Deformation!G38 -> 0.48209845
A3: F2 | B3: Extrusion | C3: =Deformation!H59 -> 0.73855244 | D3: =Deformation!D60 -> 0.36348935 | E3: N.A. | F3: =Deformation!D72 -> 0.55548744 | G3: =Deformation!D67 -> 5.8988391 | H3: =Deformation!E64 -> 0.52689956
A4: SC | B4: Shape Casting | C4: =Casting!O28 -> 0.81632653 | D4: =Casting!T16 -> 0.15023923 | F4: NA | G4: =Casting!Q24 -> 5.1598086 | H4: =Casting!S20 -> 0.64762611
